$ corepack pnpm check:style && corepack pnpm build && corepack pnpm test:unit && corepack pnpm test:m5-operator && corepack pnpm test:vectors && corepack pnpm check:boundaries && corepack pnpm check:secrets && python3 -B scripts/boundaries/check-cargo-workspace.py && corepack pnpm check:rust && M1_FUNCTION_RUNNER=.m1-artifacts/tools/function-runner-9.2.2 python3 -B scripts/m4-002/replay-production-vectors.py && M1_FUNCTION_RUNNER=.m1-artifacts/tools/function-runner-9.2.2 node scripts/m4-003/replay-public-config.mjs && corepack pnpm test:browser && python3 -B spikes/m0-007/scripts/check-history.py && python3 -B spikes/m0-014/scripts/check-live-setup.py && python3 -B scripts/m1-functions/artifact-manifest.py
$ biome check .dependency-cruiser.cjs apps/storefront/src apps/storefront/test apps/storefront/scripts apps/storefront/vite.config.ts apps/web/src/islands apps/web/src/pages/live.ts apps/web/src/pages/api apps/web/src/server apps/web/src/shared apps/web/src/styles apps/web/test apps/web/astro.config.mjs apps/worker/src apps/worker/test packages/contracts/src packages/domain/src packages/cart-authorization/src packages/cart-authorization/test packages/application/src packages/database/src packages/database/test packages/shopify/src packages/shopify/test packages/visualizer/src packages/observability/src packages/observability/test scripts/boundaries scripts/m1-functions/check-vector.test.ts scripts/m5-002 scripts/m5-003 scripts/m5-004 scripts/m5-005 scripts/m5-009 scripts/m5-010 scripts/m5-011 scripts/m5-012 scripts/m5-013 scripts/m5-015 scripts/m5-015r scripts/m5-016 scripts/m5-017
apps/web/src/server/admin/production.ts:82:57 lint/style/useTemplate  FIXABLE  ━━━━━━━━━━━━━━━━━━━━━

  i Template literals are preferred over string concatenation.
  
    80 │   const appOrigin = required(env, 'APP_URL');
    81 │   const appId = env.INSIGNIA_SHOPIFY_APP_ID;
  > 82 │   const appGid = appId && /^[1-9][0-9]*$/.test(appId) ? 'gid://shopify/App/' + appId : null;
       │                                                         ^^^^^^^^^^^^^^^^^^^^^^^^^^^^
    83 │   const shopify = createAdminOnlineIdentity({ apiKey, apiSecret, hostName: new URL(appOrigin).host });
    84 │   const core = createDurableCore(databasePool ?? new Pool({ connectionString: databaseUrl }));
  
  i Unsafe fix: Use a template literal.
  
     80  80 │     const appOrigin = required(env, 'APP_URL');
     81  81 │     const appId = env.INSIGNIA_SHOPIFY_APP_ID;
     82     │ - ··const·appGid·=·appId·&&·/^[1-9][0-9]*$/.test(appId)·?·'gid://shopify/App/'·+·appId·:·null;
         82 │ + ··const·appGid·=·appId·&&·/^[1-9][0-9]*$/.test(appId)·?·`gid://shopify/App/${appId}`·:·null;
     83  83 │     const shopify = createAdminOnlineIdentity({ apiKey, apiSecret, hostName: new URL(appOrigin).host });
     84  84 │     const core = createDurableCore(databasePool ?? new Pool({ connectionString: databaseUrl }));
  

apps/web/src/server/admin/production.ts:105:54 lint/style/useTemplate  FIXABLE  ━━━━━━━━━━━━━━━━━━━━

  i Template literals are preferred over string concatenation.
  
    103 │       installationGeneration: actor.installationGeneration,
    104 │     });
  > 105 │     if (!scope || scope.shopDomain !== actor.shop || 'gid://shopify/Shop/' + scope.shopifyShopId !== actor.shopId)
        │                                                      ^^^^^^^^^^^^^^^^^^^^^^^^^^^^^^^^^^^^^^^^^^^
    106 │       throw new Error('Admin installation changed');
    107 │   }
  
  i Unsafe fix: Use a template literal.
  
    103 103 │         installationGeneration: actor.installationGeneration,
    104 104 │       });
    105     │ - ····if·(!scope·||·scope.shopDomain·!==·actor.shop·||·'gid://shopify/Shop/'·+·scope.shopifyShopId·!==·actor.shopId)
        105 │ + ····if·(!scope·||·scope.shopDomain·!==·actor.shop·||·`gid://shopify/Shop/${scope.shopifyShopId}`·!==·actor.shopId)
    106 106 │         throw new Error('Admin installation changed');
    107 107 │     }
  

scripts/m5-017/qualification.mjs:301:9 lint/complexity/noUselessCatch  FIXABLE  ━━━━━━━━━━━━━━━━━━━━

  i The catch clause that only rethrows the original error is useless.
  
    299 │         save();
    300 │       } catch (error) {
  > 301 │         throw error;
        │         ^^^^^^^^^^^^
    302 │       }
    303 │       requireValue((await owner()).status === 'DRAFT', 'initial_draft');
  
  i An unnecessary catch clause can be confusing.
  
  i Unsafe fix: Remove the try/catch clause.
  
    292 292 │       if (phase === 'start') {
    293 293 │         op.mode('create');
    294     │ - ······try·{
    295 294 │           const s = op.state();
    296 295 │           evidence.create = (
    ······· │ 
    298 297 │           ).productCreate.product;
    299 298 │           save();
    300     │ - ······}·catch·(error)·{
    301     │ - ········throw·error;
    302     │ - ······}
    303 299 │         requireValue((await owner()).status === 'DRAFT', 'initial_draft');
    304 300 │         evidence.draft = await snapshot('draft');
  

apps/web/src/server/admin/auth.ts:71:48 lint/style/noNonNullAssertion ━━━━━━━━━━━━━━━━━━━━━━━━━━━━━━

  ! Forbidden non-null assertion.
  
    69 │     let identity: VerifiedAdminIdentity;
    70 │     try {
  > 71 │       identity = await port.verifySessionToken(match[1]!);
       │                                                ^^^^^^^^^
    72 │     } catch {
    73 │       return null;
  

apps/web/src/server/admin/auth.ts:86:46 lint/style/noNonNullAssertion ━━━━━━━━━━━━━━━━━━━━━━━━━━━━━━

  ! Forbidden non-null assertion.
  
    84 │     let grant: OnlineAdminGrant;
    85 │     try {
  > 86 │       grant = await port.exchangeOnlineGrant(match[1]!, identity);
       │                                              ^^^^^^^^^
    87 │     } catch (error) {
    88 │       diagnostic(error instanceof AdminOnlineIdentityError ? error.stage : 'ONLINE_EXCHANGE_FAILED');
  

apps/web/src/server/admin/preview.ts:109:28 lint/style/noNonNullAssertion ━━━━━━━━━━━━━━━━━━━━━━━━━━

  ! Forbidden non-null assertion.
  
    107 │             .then((found) => (found ? project(found) : null)),
    108 │         );
  > 109 │       const result = await map.get(id)!;
        │                            ^^^^^^^^^^^^
    110 │       await active(actor);
    111 │       return result;
  

apps/web/src/server/admin/preview.ts:116:28 lint/style/noNonNullAssertion ━━━━━━━━━━━━━━━━━━━━━━━━━━

  ! Forbidden non-null assertion.
  
    114 │       await active(actor);
    115 │       if (!currencies.has(actor)) currencies.set(actor, reader(actor).shopCurrency());
  > 116 │       const result = await currencies.get(actor)!;
        │                            ^^^^^^^^^^^^^^^^^^^^^^
    117 │       await active(actor);
    118 │       return result;
  

apps/web/src/server/admin/preview.ts:163:34 lint/style/noNonNullAssertion ━━━━━━━━━━━━━━━━━━━━━━━━━━

  ! Forbidden non-null assertion.
  
    161 │                   shopId: randomUUID(),
    162 │                   shopDomain: shop,
  > 163 │                   shopifyShopId: shopId.split('/').at(-1)!,
        │                                  ^^^^^^^^^^^^^^^^^^^^^^^^^
    164 │                   externalInstallationId: provider.installationId,
    165 │                 }),
  

apps/web/src/server/admin/preview.ts:223:26 lint/style/noNonNullAssertion ━━━━━━━━━━━━━━━━━━━━━━━━━━

  ! Forbidden non-null assertion.
  
    221 │                   installationGeneration: bound.installationGeneration,
    222 │                   shopifyShopId: shopId,
  > 223 │                   appId: env.INSIGNIA_M5_002_APP_RESOURCE!,
        │                          ^^^^^^^^^^^^^^^^^^^^^^^^^^^^^^^^^
    224 │                 },
    225 │                 {
  

apps/web/src/server/admin/preview.ts:227:46 lint/style/noNonNullAssertion ━━━━━━━━━━━━━━━━━━━━━━━━━━

  ! Forbidden non-null assertion.
  
    225 │                 {
    226 │                   appKey: client,
  > 227 │                   transformInputQuerySha256: env.INSIGNIA_M5_002_TRANSFORM_QUERY_HASH!,
        │                                              ^^^^^^^^^^^^^^^^^^^^^^^^^^^^^^^^^^^^^^^^^
    228 │                   validationInputQuerySha256: env.INSIGNIA_M5_002_VALIDATION_QUERY_HASH!,
    229 │                 },
  

apps/web/src/server/admin/preview.ts:228:47 lint/style/noNonNullAssertion ━━━━━━━━━━━━━━━━━━━━━━━━━━

  ! Forbidden non-null assertion.
  
    226 │                   appKey: client,
    227 │                   transformInputQuerySha256: env.INSIGNIA_M5_002_TRANSFORM_QUERY_HASH!,
  > 228 │                   validationInputQuerySha256: env.INSIGNIA_M5_002_VALIDATION_QUERY_HASH!,
        │                                               ^^^^^^^^^^^^^^^^^^^^^^^^^^^^^^^^^^^^^^^^^^
    229 │                 },
    230 │               );
  

apps/web/src/server/merchant-config.ts:174:28 lint/style/noNonNullAssertion ━━━━━━━━━━━━━━━━━━━━━━━━

  ! Forbidden non-null assertion.
  
    172 │         option.allowedValueIds.flatMap((id) => {
    173 │           const label = oldLabels?.[id];
  > 174 │           return label ? [[values.get(id)!, label]] : [];
        │                            ^^^^^^^^^^^^^^^
    175 │         }),
    176 │       );
  

apps/web/src/server/merchant-config.ts:177:47 lint/style/noNonNullAssertion ━━━━━━━━━━━━━━━━━━━━━━━━

  ! Forbidden non-null assertion.
  
    175 │         }),
    176 │       );
  > 177 │       return Object.keys(remapped).length ? [[options.get(option.id)!, remapped]] : [];
        │                                               ^^^^^^^^^^^^^^^^^^^^^^^
    178 │     }),
    179 │   );
  

apps/web/src/server/merchant-config.ts:183:50 lint/style/noNonNullAssertion ━━━━━━━━━━━━━━━━━━━━━━━━

  ! Forbidden non-null assertion.
  
    181 │     ...source,
    182 │     labels,
  > 183 │     methods: source.methods.map((item) => ({ id: methods.get(item.id)! })),
        │                                                  ^^^^^^^^^^^^^^^^^^^^^
    184 │     placements: source.placements.map((item) => ({
    185 │       ...item,
  

apps/web/src/server/merchant-config.ts:186:11 lint/style/noNonNullAssertion ━━━━━━━━━━━━━━━━━━━━━━━━

  ! Forbidden non-null assertion.
  
    184 │     placements: source.placements.map((item) => ({
    185 │       ...item,
  > 186 │       id: placements.get(item.id)!,
        │           ^^^^^^^^^^^^^^^^^^^^^^^^
    187 │       allowedMethodIds: item.allowedMethodIds.map((id) => methods.get(id)!),
    188 │       allowedStepIds: item.allowedStepIds.map((id) => steps.get(id)!),
  

apps/web/src/server/merchant-config.ts:187:59 lint/style/noNonNullAssertion ━━━━━━━━━━━━━━━━━━━━━━━━

  ! Forbidden non-null assertion.
  
    185 │       ...item,
    186 │       id: placements.get(item.id)!,
  > 187 │       allowedMethodIds: item.allowedMethodIds.map((id) => methods.get(id)!),
        │                                                           ^^^^^^^^^^^^^^^^
    188 │       allowedStepIds: item.allowedStepIds.map((id) => steps.get(id)!),
    189 │     })),
  

apps/web/src/server/merchant-config.ts:188:55 lint/style/noNonNullAssertion ━━━━━━━━━━━━━━━━━━━━━━━━

  ! Forbidden non-null assertion.
  
    186 │       id: placements.get(item.id)!,
    187 │       allowedMethodIds: item.allowedMethodIds.map((id) => methods.get(id)!),
  > 188 │       allowedStepIds: item.allowedStepIds.map((id) => steps.get(id)!),
        │                                                       ^^^^^^^^^^^^^^
    189 │     })),
    190 │     productionOptions: source.productionOptions.map((item) => ({
  

apps/web/src/server/merchant-config.ts:191:11 lint/style/noNonNullAssertion ━━━━━━━━━━━━━━━━━━━━━━━━

  ! Forbidden non-null assertion.
  
    189 │     })),
    190 │     productionOptions: source.productionOptions.map((item) => ({
  > 191 │       id: options.get(item.id)!,
        │           ^^^^^^^^^^^^^^^^^^^^^
    192 │       allowedValueIds: item.allowedValueIds.map((id) => values.get(id)!),
    193 │     })),
  

apps/web/src/server/merchant-config.ts:192:57 lint/style/noNonNullAssertion ━━━━━━━━━━━━━━━━━━━━━━━━

  ! Forbidden non-null assertion.
  
    190 │     productionOptions: source.productionOptions.map((item) => ({
    191 │       id: options.get(item.id)!,
  > 192 │       allowedValueIds: item.allowedValueIds.map((id) => values.get(id)!),
        │                                                         ^^^^^^^^^^^^^^^
    193 │     })),
    194 │     pricingRules: source.pricingRules.map((rule) => ({
  

apps/web/src/server/merchant-config.ts:196:11 lint/style/noNonNullAssertion ━━━━━━━━━━━━━━━━━━━━━━━━

  ! Forbidden non-null assertion.
  
    194 │     pricingRules: source.pricingRules.map((rule) => ({
    195 │       ...rule,
  > 196 │       id: prices.get(rule.id)!,
        │           ^^^^^^^^^^^^^^^^^^^^
    197 │       scope:
    198 │         rule.scope.kind === 'general'
  

The number of diagnostics exceeds the limit allowed. Use --max-diagnostics to increase it.
Diagnostics not shown: 191.
Checked 297 files in 601ms. No fixes applied.
Found 89 warnings.
Found 122 infos.
$ corepack pnpm -r --filter './packages/**' build && corepack pnpm -r --filter './apps/**' build
packages/contracts build$ tsc -p tsconfig.json
packages/domain build$ tsc -p tsconfig.json
packages/cart-authorization build$ tsc -p tsconfig.json
packages/observability build$ tsc -p tsconfig.json
packages/domain build: Done
packages/visualizer build$ tsc -p tsconfig.json
packages/contracts build: Done
packages/application build$ tsc -p tsconfig.json
packages/cart-authorization build: Done
packages/observability build: Done
packages/visualizer build: Done
packages/application build: Done
packages/shopify build$ tsc -p tsconfig.json
packages/shopify build: Done
packages/database build$ tsc -p tsconfig.json
packages/database build: Done
apps/storefront build$ tsc --noEmit && vite build && node scripts/copy-theme-asset.mjs
apps/worker build$ tsc -p tsconfig.json
apps/storefront build: vite v8.3.1 building client environment for production...
apps/storefront build: transforming...
apps/storefront build: ✓ 5 modules transformed.
apps/storefront build: rendering chunks...
apps/storefront build: computing gzip size...
apps/storefront build: dist/insignia-storefront.js  14.03 kB │ gzip: 5.93 kB
apps/storefront build: 
apps/storefront build: ✓ built in 39ms
apps/worker build: Done
apps/web build$ astro check && astro build
apps/storefront build: Done
apps/web build: 15:25:14 [@astrojs/node] Enabling sessions with filesystem storage
apps/web build: 15:25:14 [types] Generated 67ms
apps/web build: 15:25:14 [check] Getting diagnostics for Astro files in /home/serveradmin/insignia-m5-023-worktree/apps/web...
apps/web build: Result (29 files): 
apps/web build: - 0 errors
apps/web build: - 0 warnings
apps/web build: - 0 hints
apps/web build: 
apps/web build: 15:25:20 [@astrojs/node] Enabling sessions with filesystem storage
apps/web build: 15:25:20 [types] Generated 66ms
apps/web build: 15:25:20 [build] output: "server"
apps/web build: 15:25:20 [build] mode: "server"
apps/web build: 15:25:20 [build] directory: /home/serveradmin/insignia-m5-023-worktree/apps/web/dist/
apps/web build: 15:25:20 [build] adapter: @astrojs/node
apps/web build: 15:25:20 [build] Collecting build info...
apps/web build: 15:25:20 [build] ✓ Completed in 105ms.
apps/web build: 15:25:20 [build] Building server entrypoints...
apps/web build: 15:25:20 [vite] ✓ built in 208ms
apps/web build: 15:25:22 [vite] ✓ built in 1.63s
apps/web build: 15:25:22 [vite] ✓ built in 226ms
apps/web build: 15:25:22 [build] Rearranging server assets...
apps/web build: 15:25:22 [build] ✓ Completed in 2.13s.
apps/web build: 15:25:22 [build] Server built in 2.24s
apps/web build: 15:25:22 [build] Complete!
apps/web build: Done
$ corepack pnpm --filter @insignia/domain test && corepack pnpm --filter @insignia/contracts test && corepack pnpm --filter @insignia/visualizer test && corepack pnpm --filter @insignia/cart-authorization test && corepack pnpm --filter @insignia/application test && corepack pnpm --filter @insignia/shopify test && corepack pnpm --filter @insignia/observability test && corepack pnpm --filter @insignia/worker test
$ vitest run

 RUN  v5.0.2 /home/serveradmin/insignia-m5-023-worktree/packages/domain


 Test Files  5 passed (5)
      Tests  26 passed (26)
   Start at  15:25:22
   Duration  429ms (transform 46%, tests 35%, import 14%, worker 4%)

$ vitest run

 RUN  v5.0.2 /home/serveradmin/insignia-m5-023-worktree/packages/contracts


 Test Files  2 passed (2)
      Tests  6 passed (6)
   Start at  15:25:23
   Duration  267ms (import 55%, transform 30%, tests 11%, worker 3%)

$ vitest run

 RUN  v5.0.2 /home/serveradmin/insignia-m5-023-worktree/packages/visualizer


 Test Files  2 passed (2)
      Tests  9 passed (9)
   Start at  15:25:24
   Duration  224ms (transform 67%, import 16%, tests 12%, worker 5%)

$ node --experimental-strip-types --test test/*.test.ts
✔ hard subset bounds and untrusted ordinary-line hints (2.214618ms)
✔ 33 buckets are refused before the signer is called (0.439992ms)
✔ every admitted code matches the versioned matrix and unknown/digital values reject (13.431657ms)
✔ production-generated carriers decode, conserve and verify for every complete set (6.247972ms)
✔ PostgreSQL-persisted negative adjustment has exact signed quote and member economics (1.088581ms)
✔ versioned 33-bucket vector rejects before any signing call (0.421317ms)
✔ production decoder and signature bytes preserve the independent v2 wire literal (5.445114ms)
✔ injected synthetic Ed25519 signer covers the complete set and three-day key window (2.754178ms)
✔ invalid window or set refuses signing and noncanonical carrier refuses decoding (0.661185ms)
ℹ tests 9
ℹ suites 0
ℹ pass 9
ℹ fail 0
ℹ cancelled 0
ℹ skipped 0
ℹ todo 0
ℹ duration_ms 193.624506
$ vitest run

 RUN  v5.0.2 /home/serveradmin/insignia-m5-023-worktree/packages/application


 Test Files  16 passed (16)
      Tests  201 passed (201)
   Start at  15:25:25
   Duration  1.60s (transform 42%, import 35%, tests 21%, worker 3%)

    Isolate  16 workers spawned · ~125ms startup each (spawn + environment, per file)
             at least ~543ms faster with isolate: false — reuses workers across files instead of one per file

$ vitest run

 RUN  v5.0.2 /home/serveradmin/insignia-m5-023-worktree/packages/shopify


 Test Files  14 passed (14)
      Tests  334 passed (334)
   Start at  15:25:27
   Duration  2.08s (tests 65%, transform 21%, import 13%, worker 2%)

    Isolate  14 workers spawned · ~123ms startup each (spawn + environment, per file)
             at least ~450ms faster with isolate: false — reuses workers across files instead of one per file

$ node --test test/*.test.mjs
✔ structured runtime events cannot emit arbitrary payload or credential fields (4.866182ms)
✔ metric labels are fixed outcomes and never contain tenant or delivery IDs (2.607204ms)
✔ admin auth diagnostics emit only a bounded stage and independent correlation, never identity or secrets (2.096492ms)
ℹ tests 3
ℹ suites 0
ℹ pass 3
ℹ fail 0
ℹ cancelled 0
ℹ skipped 0
ℹ todo 0
ℹ duration_ms 132.381614
$ node --test test/*.test.mjs
✔ current and previous synthetic wrapping keys remain available by ID (2.499709ms)
✔ PostgreSQL claim retries the old refresh token after a lost response and fences stale replacement (106.708931ms)
✔ diagnostic decodes and derives synthetic pixels without claiming durable readiness (11.001363ms)
✔ liveness stays separate from durable readiness; loopback metrics expose bounded outcomes (54.886383ms)
{"level":30,"time":1791473130951,"event":"worker_started"}
{"level":30,"time":1791473130959,"event":"webhook_enqueued","inboxId":"e16d013d-1e43-4f03-9716-1f52422110b3"}
{"level":50,"time":1791473130969,"event":"webhook_process_failed","inboxId":"e16d013d-1e43-4f03-9716-1f52422110b3","errorClass":"ProcessingError","attempt":0}
{"level":30,"time":1791473134972,"event":"webhook_process_ok","inboxId":"e16d013d-1e43-4f03-9716-1f52422110b3","attempt":1}
{"level":30,"time":1791473135041,"event":"worker_stopped"}
{"level":30,"time":1791473135063,"event":"worker_started"}
{"level":30,"time":1791473135080,"event":"worker_stopped"}
✔ PostgreSQL pg-boss starts, retries, settles and replays after restart (4186.84839ms)
{"level":30,"time":1791473135133,"event":"worker_started"}
{"level":30,"time":1791473135138,"event":"webhook_enqueued","inboxId":"da697756-b69c-4e3d-8aed-0bd85ff670e3"}
{"level":50,"time":1791473135160,"event":"webhook_process_failed","inboxId":"da697756-b69c-4e3d-8aed-0bd85ff670e3","errorClass":"ProcessingError","attempt":0}
{"level":30,"time":1791473139156,"event":"webhook_process_ok","inboxId":"da697756-b69c-4e3d-8aed-0bd85ff670e3","attempt":1}
{"level":30,"time":1791473139229,"event":"worker_stopped"}
✔ pg-boss retry after committed uninstall retains one deactivation and one inbox fact (4148.612435ms)
✔ process starts queues and workers before readiness; stop makes readiness unavailable (41.70589ms)
✔ startup failure closes a started queue without reporting readiness (1.462804ms)
{"level":30,"time":1791473131001,"event":"worker_started"}
{"level":30,"time":1791473131005,"event":"worker_started"}
{"level":30,"time":1791473131007,"event":"worker_started"}
{"level":30,"time":1791473131010,"event":"worker_started"}
{"level":30,"time":1791473131010,"event":"worker_started"}
{"level":30,"time":1791473131011,"event":"worker_started"}
✔ enqueue confirms exact inbox identity, including completed job replay (6.884716ms)
✔ null send without same persisted job is retryable, never an acknowledgement (1.523778ms)
✔ workers pass IDs only to injected durable handlers; failed attempt retries safely (2.764719ms)
✔ invalid job body and identity fail closed without invoking application (0.954666ms)
✔ enabled worker refuses missing credential-key configuration and stays not ready (0.7144ms)
✔ refresh claim contention is retried rather than silently completing its job (1.240789ms)
{"level":30,"time":1791473131002,"event":"webhook_enqueued","inboxId":"13b88b61-1caa-4fee-b535-101c6680cfe4"}
{"level":30,"time":1791473131003,"event":"worker_stopped"}
{"level":50,"time":1791473131007,"event":"webhook_process_failed","inboxId":"31ff9845-0970-45f1-9e59-8e075058edec","errorClass":"ProcessingError","attempt":0}
{"level":30,"time":1791473131008,"event":"webhook_process_ok","inboxId":"31ff9845-0970-45f1-9e59-8e075058edec","attempt":1}
{"level":30,"time":1791473131008,"event":"refresh_process_ok","shopId":"1f4e02dd-7f16-4a0b-975e-4086cfc55ccd","attempt":0}
{"level":30,"time":1791473131009,"event":"worker_stopped"}
{"level":50,"time":1791473131010,"event":"webhook_process_failed","inboxId":"b58c6719-eedb-4bf6-a9a9-848ada51e6be","errorClass":"ProcessingError","attempt":0}
{"level":30,"time":1791473131011,"event":"worker_stopped"}
{"level":50,"time":1791473131012,"event":"refresh_process_failed","errorClass":"RefreshError","attempt":0}
{"level":30,"time":1791473131012,"event":"worker_stopped"}
✔ configured worker serves liveness and durable readiness, then closes on SIGTERM (691.831336ms)
ℹ tests 15
ℹ suites 0
ℹ pass 15
ℹ fail 0
ℹ cancelled 0
ℹ skipped 0
ℹ todo 0
ℹ duration_ms 8944.458486
$ node --test scripts/m5-002/read-register.test.mjs scripts/m5-002/built-runtime.test.mjs && node --test scripts/m5-004/operator.test.mjs scripts/m5-009/operator.test.mjs scripts/m5-010/operator.test.mjs scripts/m5-010/binding.test.mjs scripts/m5-010/native-actions.test.mjs && node --test scripts/m5-005/diagnostic.test.mjs && node --test scripts/m5-011/operator.test.mjs scripts/m5-011/binding.test.mjs && node --test scripts/m5-012/operator.test.mjs scripts/m5-012/binding.test.mjs && node --test scripts/m5-013/operator.test.mjs scripts/m5-013/binding.test.mjs scripts/m5-015/*.test.mjs scripts/m5-015r/*.test.mjs && node --test scripts/m5-016/*.test.mjs && node --test scripts/m5-017/*.test.mjs
✔ complete built server reproduces CLI development-mode CSP rejection (251.723905ms)
✔ actual launcher runtime preparation admits built hydration without widening CSP (191.454565ms)
✔ actual launcher register reserves durably before synthetic fetch, serializes and denies extra attempts (74.769927ms)
✔ exact SDK online exchange is counted per attempt; mutations, wrong targets and other token/event routes never send (1.67409ms)
✔ ambiguous or inflated history stops before any send (0.487573ms)
✔ one-shot loss applies only after a committed local save and never changes transport counts (1.516716ms)
ℹ tests 6
ℹ suites 0
ℹ pass 6
ℹ fail 0
ℹ cancelled 0
ℹ skipped 0
ℹ todo 0
ℹ duration_ms 517.897047
✔ actual HTTP attempts are durably reserved before dispatch (10.455088ms)
✔ captured M5-004 empty grants stop the actual public workflow before any fixture write (6.962244ms)
✔ fixed targets/documents/variables reject unrelated writes and extra payload before actual HTTP (3.971865ms)
✔ normal reserves cannot consume final 12 reads/3 updates; all attempts count, one lock and one create (195.969024ms)
✔ naturally lost mutation response stops all later writes and cleanup across reopen; no automatic retry (2.550249ms)
✔ real routing identity, nine retained grants and complete empty publication history are mandatory (2.482999ms)
✔ auth exact app/route counts3 and never persists synthetic secret or returned token (1.848045ms)
✔ missing/corrupt history never reinitializes or sends (0.743046ms)
✔ offline gate prevents even credential loading (0.542718ms)
✔ full qualification reuses unchanged actual status/catalog adapters, fresh-process hold reload and drift refusal (562.84273ms)
✔ complete workflow stops on changed installation; no manufacture or unsafe cleanup (24.326005ms)
✔ complete workflow stops on unexpected exposure; no manufacture or unsafe cleanup (23.678634ms)
✔ complete workflow stops on visibility mismatch; no manufacture or unsafe cleanup (168.540503ms)
✔ complete workflow stops on natural lost response; no manufacture or unsafe cleanup (108.811296ms)
✔ complete workflow stops on metadata drift; no manufacture or unsafe cleanup (24.667746ms)
✔ complete workflow stops on malformed success; no manufacture or unsafe cleanup (105.55721ms)
✔ live register is canonical; synthetic initialization rejects unsafe directories and lost history (0.727352ms)
✔ malformed/unsuccessful mutation responses stay unknown; only valid explicit rejection permits finalization (6.293693ms)
✔ lock cannot release while late HTTP/body work can still persist history (1.164169ms)
✔ acknowledged fixture metadata baseline rejects added tags or changed creation identity (1.29145ms)
✔ actual adapter HTTP/GraphQL outcomes survive bounded transport and sanitized response replay (12.13333ms)
✔ foreign live root and stale register binding cannot reach credential loading (22.922597ms)
✔ gate rejects incomplete CI and unbound review receipts even when every supplied workflow is green (27.766341ms)
✔ complete source/build/review/CI gate accepts bound receipts and rejects omissions, stale refs or altered evidence (90.407813ms)
✔ actual adapter user-error failure remains identical when replayed from sanitized mutation evidence (4.227352ms)
✔ malformed success userErrors cannot acknowledge a status mutation or allow cleanup (4.464075ms)
✔ actual availability missing/oversized bodies keep direct/wrapped/replayed shape errors (4.90155ms)
✔ catalog receives original bounded UTF8 bytes and provenance hashes the bytes, not replacement text (2.431935ms)
✔ failed catalog preserves actual normalized results before STOP (271.1217ms)
✔ failed drift preserves actual normalized results before STOP (477.92771ms)
✔ availability preserves its lossy UTF8 semantics while catalog rejects the same original bad bytes (2.185654ms)
✔ reopening a finished run preserves exact normalized evidence and refuses before credential loading (475.805499ms)
✔ catalog successful non200 keeps direct/wrapped/replayed body semantics (1.960495ms)
✔ current product capability accepts write_products without the obsolete nine grants (1.825174ms)
✔ legacy exact-nine guard stays unchanged while successor records current additional grants (3.626324ms)
✔ successor rejects absent capability, malformed grants and every wrong routing identity (0.915269ms)
✔ successor rejects the legacy canonical live directory before writing and cannot reopen legacy history (0.957824ms)
✔ successor documents, request ceilings, ownership, settlement and shared matrix stay source-identical (11.403402ms)
✔ fresh complete successor workflow uses real adapters, current product grants, persisted holds and unchanged matrix (988.592277ms)
✔ public successor workflow stops on missing capability without unsafe cleanup or retries (8.313441ms)
✔ public successor workflow stops on wrong identity without unsafe cleanup or retries (2.040775ms)
✔ public successor workflow stops on lost status acknowledgement without unsafe cleanup or retries (76.372836ms)
✔ successor live entry refuses incomplete gate before the protected credential route (31.180704ms)
✔ successor gate binds its own tree, directory, exact source and independent review/CI receipts (112.036928ms)
✔ captured live publication-field denial stops create settlement and never permits status finalization (4.495749ms)
✔ successor gate binds its own tree, directory, exact source and independent review/CI receipts (124.289192ms)
✔ native release and two-scope consent are durable one-use operations with dependency and ambiguity stops (6.576893ms)
✔ native successful sequence closes after exactly one release/request/approval and rejects reset reservation history (3.36813ms)
✔ 010 requires all publication/product capabilities and permits additional well formed grants (4.860432ms)
✔ 010 denies normal fresh create until fixed predecessor has been safely resolved (3.67591ms)
✔ complete absent predecessor lookup permits one fresh create and retains resolution independently (10.255721ms)
✔ owned unpublished ARCHIVED predecessor requires exact archived readback before fresh create (5.65126ms)
✔ owned unpublished DRAFT predecessor requires exact archived readback before fresh create (5.370671ms)
✔ owned unpublished ACTIVE predecessor requires exact archived readback before fresh create (7.428987ms)
✔ owned unpublished UNLISTED predecessor requires exact archived readback before fresh create (3.992054ms)
✔ predecessor multiple stops without any mutation or second lookup (1.955698ms)
✔ predecessor partial next stops without any mutation or second lookup (1.609172ms)
✔ predecessor partial previous stops without any mutation or second lookup (2.381513ms)
✔ predecessor missing page info stops without any mutation or second lookup (1.755645ms)
✔ predecessor missing nodes stops without any mutation or second lookup (1.425711ms)
✔ predecessor invalid product id stops without any mutation or second lookup (1.418519ms)
✔ predecessor wrong type stops without any mutation or second lookup (1.320221ms)
✔ predecessor wrong handle stops without any mutation or second lookup (1.358794ms)
✔ predecessor wrong title stops without any mutation or second lookup (1.300353ms)
✔ predecessor wrong tag stops without any mutation or second lookup (1.339796ms)
✔ predecessor too early creation stops without any mutation or second lookup (1.558252ms)
✔ predecessor invalid creation stops without any mutation or second lookup (1.346165ms)
✔ predecessor future creation stops without any mutation or second lookup (1.384406ms)
✔ predecessor published stops without any mutation or second lookup (1.355681ms)
✔ predecessor store url stops without any mutation or second lookup (1.359884ms)
✔ predecessor publication membership stops without any mutation or second lookup (1.358811ms)
✔ predecessor resource partial stops without any mutation or second lookup (1.548528ms)
✔ predecessor unpublished partial stops without any mutation or second lookup (1.458028ms)
✔ predecessor missing publications stops without any mutation or second lookup (1.428235ms)
✔ predecessor unsupported status stops without any mutation or second lookup (1.611758ms)
✔ predecessor lookup transport retains stop and never retries or creates (1.6017ms)
✔ predecessor lookup stream failure retains stop and never retries or creates (2.24196ms)
✔ predecessor lookup invalid utf8 retains stop and never retries or creates (1.713914ms)
✔ predecessor lookup http retains stop and never retries or creates (1.275778ms)
✔ predecessor lookup missing body retains stop and never retries or creates (1.851135ms)
✔ predecessor lookup invalid json retains stop and never retries or creates (1.630833ms)
✔ predecessor lookup oversized retains stop and never retries or creates (2.256598ms)
✔ predecessor lookup graphql permission retains stop and never retries or creates (1.729023ms)
✔ predecessor lookup partial graphql data retains stop and never retries or creates (1.848727ms)
✔ predecessor lookup mutation rejected retains stop and never retries or creates (1.703955ms)
✔ predecessor archive transport retains stop and never retries or creates (2.057734ms)
✔ predecessor archive stream failure retains stop and never retries or creates (2.862359ms)
✔ predecessor archive invalid utf8 retains stop and never retries or creates (2.193408ms)
✔ predecessor archive http retains stop and never retries or creates (2.358ms)
✔ predecessor archive missing body retains stop and never retries or creates (2.289786ms)
✔ predecessor archive invalid json retains stop and never retries or creates (2.089019ms)
✔ predecessor archive oversized retains stop and never retries or creates (2.968403ms)
✔ predecessor archive graphql permission retains stop and never retries or creates (2.090449ms)
✔ predecessor archive partial graphql data retains stop and never retries or creates (2.099199ms)
✔ predecessor archive mutation rejected retains stop and never retries or creates (2.243514ms)
✔ predecessor readback transport retains stop and never retries or creates (5.41529ms)
✔ predecessor readback stream failure retains stop and never retries or creates (2.495856ms)
✔ predecessor readback invalid utf8 retains stop and never retries or creates (2.425639ms)
✔ predecessor readback http retains stop and never retries or creates (2.243429ms)
✔ predecessor readback missing body retains stop and never retries or creates (2.239275ms)
✔ predecessor readback invalid json retains stop and never retries or creates (2.324268ms)
✔ predecessor readback oversized retains stop and never retries or creates (3.06147ms)
✔ predecessor readback graphql permission retains stop and never retries or creates (2.533459ms)
✔ predecessor readback partial graphql data retains stop and never retries or creates (2.629778ms)
✔ predecessor readback mutation rejected retains stop and never retries or creates (2.433482ms)
✔ archive wrong id cannot resolve predecessor (2.03728ms)
✔ archive wrong metadata cannot resolve predecessor (1.745835ms)
✔ archive wrong status cannot resolve predecessor (1.661349ms)
✔ archive exposed cannot resolve predecessor (1.721514ms)
✔ readback wrong id cannot resolve predecessor (2.47687ms)
✔ readback wrong metadata cannot resolve predecessor (2.36312ms)
✔ readback wrong status cannot resolve predecessor (2.318344ms)
✔ readback exposed cannot resolve predecessor (2.328875ms)
✔ public qualification resolves absent predecessor then runs unchanged real adapter matrix (493.692189ms)
✔ public qualification resolves ARCHIVED predecessor then runs unchanged real adapter matrix (464.088797ms)
✔ public qualification resolves ACTIVE predecessor then runs unchanged real adapter matrix (454.698582ms)
✔ fixed predecessor search and status-only allowance cannot be caller substituted (1.834094ms)
✔ reload retains predecessor FOUND, independent identity and one archival reservation (1.758134ms)
✔ reload retains predecessor ARCHIVE_ACKNOWLEDGED, independent identity and one archival reservation (1.87801ms)
✔ reload retains predecessor ARCHIVED_VERIFIED, independent identity and one archival reservation (2.316175ms)
✔ reload retains predecessor STOPPED, independent identity and one archival reservation (1.895435ms)
✔ reload retains predecessor ABSENT, independent identity and one archival reservation (1.205928ms)
✔ reopening refuses forged safe resolution or a retained lookup for a substituted marker (1.887599ms)
✔ serialized archive and readback attempts reserve actual HTTP once and never share the matrix allowance (3.274473ms)
✔ predecessor lookup consumes normal read ceiling and auth remains bounded at three (67.386953ms)
✔ public qualification stops on missing read_publications with no blind retry (1.781587ms)
✔ public qualification stops on wrong identity with no blind retry (1.561772ms)
✔ public qualification stops on predecessor permission failure with no blind retry (2.1583ms)
✔ public qualification stops on fresh create unknown with no blind retry (4.278109ms)
✔ public qualification stops on fresh adapter update unknown with no blind retry (72.868305ms)
✔ 010 cannot reopen closed-profile histories and synthetic qualification rejects every canonical live directory (30.707688ms)
✔ archival permission expiring during durable reservation consumes allowance without HTTP or retry (1.997489ms)
✔ pending predecessor HTTP retains exclusive lock and prevents early operator closure (1.251458ms)
✔ public qualification stops before fresh create after ACTIVE predecessor archive failure (2.98661ms)
✔ public qualification stops before fresh create after ACTIVE predecessor readback failure (3.608869ms)
✔ public qualification stops before fresh create after ARCHIVED predecessor readback failure (2.79256ms)
ℹ tests 136
ℹ suites 0
ℹ pass 136
ℹ fail 0
ℹ cancelled 0
ℹ skipped 0
ℹ todo 0
ℹ duration_ms 2922.891462
✔ one actual diagnostic sequence keeps empty installation distinct from nonempty token/REST/declarations (10.584785ms)
✔ partial stream failure is UNKNOWN and cannot allow a later independent read (2.967262ms)
✔ permission/shape metadata error does not become an empty grant agreement (2.88134ms)
✔ metadata shape failure still permits the independent REST read (2.057157ms)
✔ public sequence preserves missing installation/REST scope semantics (2.138321ms)
✔ public sequence preserves null installation/REST scope semantics (1.836765ms)
✔ public sequence preserves empty installation/REST scope semantics (1.774199ms)
✔ public sequence preserves wrong-type installation/REST scope semantics (3.21354ms)
✔ public sequence preserves duplicates installation/REST scope semantics (1.843135ms)
✔ public sequence preserves bad-handle installation/REST scope semantics (1.927279ms)
✔ token missing is recorded separately without preventing identity verification (1.670806ms)
✔ token null is recorded separately without preventing identity verification (1.515208ms)
✔ token empty is recorded separately without preventing identity verification (1.515309ms)
✔ token wrong-type is recorded separately without preventing identity verification (1.3865ms)
✔ token duplicate is recorded separately without preventing identity verification (1.492474ms)
✔ token bad-handle is recorded separately without preventing identity verification (1.446114ms)
✔ wrong shop identity stops after exactly two attempts (1.200557ms)
✔ wrong domain identity stops after exactly two attempts (0.921437ms)
✔ wrong app identity stops after exactly two attempts (1.033114ms)
✔ wrong client identity stops after exactly two attempts (0.932435ms)
✔ wrong installation identity stops after exactly two attempts (0.911246ms)
✔ wrong development identity stops after exactly two attempts (0.921054ms)
✔ explicit mismatched declared identity stops before REST (1.326324ms)
✔ token-invalid metadata response stops all later work (1.226386ms)
✔ offline unvalidated metadata is NOT_RUN without live document fallback (1.20503ms)
✔ unvalidated identity document stops before credential access (0.403574ms)
✔ actual entrypoint prevents host dispatch (0.921687ms)
✔ actual entrypoint prevents API dispatch (0.790532ms)
✔ actual entrypoint prevents method dispatch (0.796921ms)
✔ actual entrypoint prevents document dispatch (0.869589ms)
✔ actual entrypoint prevents mutation dispatch (0.961265ms)
✔ actual entrypoint prevents variables dispatch (0.988061ms)
✔ fixed REST GET prevents query (1.709211ms)
✔ fixed REST GET prevents body (1.606195ms)
✔ canonical history cannot be reopened, exhausted, corrupted or reset after loss (2.471547ms)
✔ expired credential preparation never dispatches a late HTTP call and retains pending lock (35.194713ms)
✔ ignored abort and late HTTP completion remain UNKNOWN with no later request or evidence rewrite (1022.319952ms)
✔ metadata oversized is shape evidence and allows independent REST (5.205836ms)
✔ metadata invalid-UTF8 is shape evidence and allows independent REST (1.491054ms)
✔ metadata invalid-JSON is shape evidence and allows independent REST (1.507102ms)
✔ metadata missing-body is shape evidence and allows independent REST (1.383126ms)
✔ unusable authentication never authorizes a read (0.689127ms)
✔ unusable authentication never authorizes a read (0.599023ms)
✔ unusable authentication never authorizes a read (0.599456ms)
✔ synthetic entry cannot override its mode to admit a nonsynthetic bearer (0.755261ms)
✔ pinned documented fields validate both exact documents and reject mutation/extra/unknown syntax (0.674868ms)
✔ live entrypoint rejects an unbound offline gate before owner credential metadata (26.521926ms)
✔ complete source/CI/review gate accepts exact receipts and rejects omitted/stale/altered evidence (90.792999ms)
✔ captured four-surface empty scope result replays through the public sequence without authorizing repair (2.065607ms)
ℹ tests 49
ℹ suites 0
ℹ pass 49
ℹ fail 0
ℹ cancelled 0
ℹ skipped 0
ℹ todo 0
ℹ duration_ms 1492.975063
✔ source gate requires two fresh high-effort reviews and every workflow on the frozen source (4.09441ms)
✔ full source binding includes the inherited internal Rust links without following external symlinks (286.299448ms)
✔ exact historical ownership accepts the fixed fixture and rejects an alternate target (2.04643ms)
✔ actual production acquire reports legacy membership conflict; V2 adjudication archives the owned fixture once (42.346497ms)
✔ ownership stops before any status mutation (2.98021ms)
✔ incomplete resourcePublications stops before any status mutation (2.739646ms)
✔ incomplete unpublishedPublications stops before any status mutation (2.742716ms)
✔ incomplete APP stops before any status mutation (4.282014ms)
✔ incomplete MARKET stops before any status mutation (5.279617ms)
✔ incomplete COMPANY_LOCATION stops before any status mutation (8.297403ms)
✔ incomplete NONE stops before any status mutation (5.428825ms)
✔ missing read scope stops before any status mutation (1.6307ms)
✔ initial DRAFT drift stops before any status mutation (6.164145ms)
✔ cross-partition version drift stops before any status mutation (3.013163ms)
✔ observed required grant loss in adapter read stops before any status mutation (8.664339ms)
✔ lost DRAFT acknowledgement never retries or archives (13.853226ms)
✔ DRAFT readback failure never retries or archives (12.454778ms)
✔ post-DRAFT ownership drift never retries or archives (12.761505ms)
✔ post-DRAFT partition drift never retries or archives (16.281529ms)
✔ different V2 behavior is classified from evidence without assuming staged membership (19.52987ms)
✔ ambiguous archive has exactly one bounded final observation and no resend (20.432846ms)
✔ newly appearing DRAFT V2 membership is not described as retained from ACTIVE (19.954554ms)
✔ acknowledgement/readback version drift stops before any post-DRAFT projection or cleanup (11.074342ms)
✔ concrete Shopify AppCatalog metadata permits the fixed adjudication (20.452845ms)
✔ concrete Shopify MarketCatalog metadata permits the fixed adjudication (20.49194ms)
✔ concrete Shopify CompanyLocationCatalog metadata permits the fixed adjudication (18.35452ms)
✔ catalog typename and global ID mismatch stops before any status mutation (5.951542ms)
✔ wrapped production failure preserves {"userError":true} (13.959494ms)
✔ wrapped production failure preserves {"adapterFailure":"http403"} (6.968868ms)
✔ wrapped production failure preserves {"adapterFailure":"graphql"} (6.950651ms)
✔ wrapped production failure preserves {"adapterFailure":"invalidJSON"} (7.085015ms)
✔ wrapped production failure preserves {"adapterFailure":"missingBody"} (7.778852ms)
✔ wrapped production failure preserves {"adapterFailure":"badScopes"} (7.229763ms)
✔ wrapped production failure preserves {"adapterFailure":"badNodes"} (6.78124ms)
✔ wrapped production failure preserves {"adapterFailure":"nullScope"} (6.728382ms)
✔ wrapped production failure preserves {"adapterFailure":"nullScopePost"} (12.285ms)
✔ wrapped production failure preserves {"adapterFailure":"badHandlePost"} (10.552339ms)
✔ wrapped production failure preserves {"adapterFailure":"scopeString"} (6.758841ms)
✔ outstanding archive transport quarantines all further dispatch {"archiveOutstanding":true} (40.449174ms)
✔ outstanding archive transport quarantines all further dispatch {"archiveBodyOutstanding":true} (39.599937ms)
✔ outstanding archive transport quarantines all further dispatch {"archiveOversizeOutstanding":true} (37.869485ms)
✔ outstanding archive transport quarantines all further dispatch {"archiveBodyAbortOutstanding":true} (40.256917ms)
✔ outstanding archive transport quarantines all further dispatch {"archiveBodyCancelRejected":true} (21.605782ms)
✔ durable transport denies alternate target, ACTIVE, extra fields and arbitrary documents before HTTP (0.857325ms)
✔ quarantined first event zero rejects every subsequent provider dispatch (21.74946ms)
✔ 100 serial synthetic adjudications preserve the fixed ceilings and stop on each ambiguous write (1551.323547ms)
ℹ tests 46
ℹ suites 0
ℹ pass 46
ℹ fail 0
ℹ cancelled 0
ℹ skipped 0
ℹ todo 0
ℹ duration_ms 2408.255548
✔ source gate requires two fresh high-effort reviews and every workflow on the frozen source (3.096489ms)
✔ full source binding includes the inherited internal Rust links without following external symlinks (265.177808ms)
✔ alternate product and broad search are refused before HTTP (2.943316ms)
✔ fixed intent reads clean up one owned DRAFT and close with exact ARCHIVED settlement (26.622341ms)
✔ already ARCHIVED fixture is observed with no cleanup mutation (9.661812ms)
✔ complete negative intent surfaces report NO_INTENT_OBSERVED before cleanup (12.085188ms)
✔ unexpected ownership stops before cleanup (2.938278ms)
✔ unexpected ACTIVE stops before cleanup (2.645181ms)
✔ initial version drift stops before cleanup (2.630372ms)
✔ scope loss stops before cleanup (1.737958ms)
✔ incomplete includedProducts stops before cleanup (5.111833ms)
✔ foreign exact-ID result stops before cleanup (7.447644ms)
✔ duplicate exact-ID result stops before cleanup (5.470065ms)
✔ one-second observation drift stops before cleanup (5.384119ms)
✔ changed publication identity stops before cleanup (3.147497ms)
✔ search anchor disagrees stops before cleanup (5.790886ms)
✔ contradictory inclusion/search results stop before cleanup (9.790091ms)
✔ three qualified intent positives confirm intent with an empty diagnostic association (13.702579ms)
✔ diagnostic association cannot change negative consensus or resolve actual intent disagreement (37.836752ms)
✔ effective publication stays separate from matching configured-intent observations (8.865732ms)
✔ corrected interpretation cannot reopen the frozen closed attempt or authorize cleanup (4.317258ms)
✔ effective publication on DRAFT makes intent inconsistent and refuses cleanup (9.00225ms)
✔ ambiguous archive response consumes one final exact read without resend (9.604041ms)
✔ one-second archive acknowledgement/readback drift stays a conflict (9.95911ms)
✔ authentication failure closes the fresh register without Admin requests (1.013815ms)
✔ quarantined outstanding archive forbids final read and any overlapping request (8014.475613ms)
✔ fixed documents and variables exclude every alternate target before HTTP (125.027721ms)
✔ fixed source query literals are exactly the authorized ID filters and first:2 (0.540785ms)
✔ closed register cannot be initialized a second time (9.179611ms)
✔ 100 serial synthetic runs preserve zero or one mutation and never overlap (859.824942ms)
✔ invalid or malformed runtime search metadata stops before cleanup (7.718049ms)
✔ malformed GraphQL errors values never authorize cleanup (18.263452ms)
✔ rejected foreign descriptive data is absent from register and qualification evidence (8.966864ms)
✔ a failed read reservation cannot be retried or lead to unverifiable cleanup (1.674769ms)
✔ documented search diagnostics without warnings preserve exact intent reads (16.265916ms)
ℹ tests 35
ℹ suites 0
ℹ pass 35
ℹ fail 0
ℹ cancelled 0
ℹ skipped 0
ℹ todo 0
ℹ duration_ms 9513.689602
✔ source gate requires two fresh high-effort reviews and every workflow on the frozen source (3.258148ms)
✔ full source binding includes the inherited internal Rust links without following external symlinks (295.260656ms)
✔ alternate exact product is refused before HTTP (3.104338ms)
✔ disposable cleanup settles exact final ARCHIVED despite a one-second acknowledgement timestamp difference (19.003175ms)
✔ already ARCHIVED is verified with no update (6.371046ms)
✔ foreign ownership stops with zero update (3.889392ms)
✔ ACTIVE state stops with zero update (2.581067ms)
✔ UNLISTED state stops with zero update (1.888841ms)
✔ effective publication stops with zero update (2.022697ms)
✔ published timestamp stops with zero update (1.918022ms)
✔ online store URL stops with zero update (2.262608ms)
✔ legacy effective membership stops with zero update (2.591101ms)
✔ incomplete legacy stops with zero update (1.604635ms)
✔ wrong installation stops with zero update (2.2357ms)
✔ scope loss stops with zero update (1.83464ms)
✔ malformed GraphQL error fields are rejected before mutation (8.194909ms)
✔ ambiguous archive is not resent and one final exact read settles ARCHIVED (4.88202ms)
✔ final DRAFT or effective-publication drift is unsettled with no retry (9.031197ms)
✔ unsettled archive transport forbids final read and any overlap (8004.6483ms)
✔ exact source documents have no searches or alternate mutation fields (13.681984ms)
✔ alternate documents, extra fields and non-ARCHIVED statuses are denied before dispatch (13.708407ms)
✔ closed cleanup register rejects any second initialization (5.81196ms)
✔ 100 serial disposable cleanup cases never exceed one update (272.518988ms)
✔ failed authentication cannot admit an Admin read through the public operator (0.993235ms)
✔ failed prestate or final reads cannot be retried and archive cannot be resent (3.570789ms)
✔ auth response disposal failure quarantines pending event index zero (0.970611ms)
✔ gate demands exact source/tree/binding, two actual model reviews and ten unique attempt-one workflows (3.483745ms)
✔ zero ACTIVE effective membership is PARTIAL with one create and safe archive, without acquire or restore (44.449831ms)
✔ production v2 core lifecycle survives an actual fresh process, with capability=true and exact persisted hold bytes (667.292573ms)
✔ absence of future capability is recorded without weakening core qualification (641.937291ms)
✔ exact shop fence prevents creation (2.519793ms)
✔ exact domain fence prevents creation (1.821367ms)
✔ exact development fence prevents creation (2.39255ms)
✔ exact app fence prevents creation (1.957111ms)
✔ exact client fence prevents creation (1.827364ms)
✔ exact installation fence prevents creation (1.900646ms)
✔ exact grants fence prevents creation (2.111341ms)
✔ ownership drift stops before setup and denies archival cleanup (5.052459ms)
✔ actual schedule stops setup; explicit archive cannot turn persistent schedule into PASS (15.999249ms)
✔ configured intent drift after setup stops acquire and permits separately settled cleanup (25.157604ms)
✔ ambiguous create has one exact-marker recovery read and no further mutation (4.854621ms)
✔ lost acquire acknowledgement never causes restore, replay or cleanup mutation (21.201548ms)
✔ closed register rejects reentry before loading even synthetic credentials (20.79322ms)
✔ unsafe synthetic directory and live gate reject before any request (0.366561ms)
✔ global attempts, document denial, token replacement and serial reservation are durable (115.647649ms)
✔ one-second ACK/readback difference is retained while v2 semantics complete in fresh process (658.623058ms)
✔ lost restore acknowledgement in fresh process never retries or archives (639.044155ms)
✔ incomplete configured-intent connection stops lifecycle before setup (8.464612ms)
✔ production pagination consumes global budget and repeated cursor stops without mutation (13.734123ms)
✔ fresh-process-only resume rejects same PID before credential load in live operator seam (17.390343ms)
✔ non-quiescent fetch timeout retains pending reservation and forbids another request (8003.290736ms)
✔ malformed production mutation acknowledgement is not considered settled for archival authority (21.072992ms)
✔ failed disposal of an oversized body quarantines the outbound attempt (2.089593ms)
✔ persisted hold tampering stops fresh-process resume before a second auth or cleanup request (522.101154ms)
✔ gate demands exact source/tree/binding, two actual model reviews and ten unique attempt-one workflows (3.599654ms)
✔ missing adapter transport / import proof uses only the guarded operator or denies locally (230.539448ms)
✔ misspelled adapter transport / import proof uses only the guarded operator or denies locally (230.539702ms)
✔ imports adapter transport / import proof uses only the guarded operator or denies locally (216.746829ms)
✔ correct adapter transport / import proof uses only the guarded operator or denies locally (334.424429ms)
✔ zero ACTIVE effective membership is PARTIAL with one create and safe archive, without acquire or restore (56.454387ms)
✔ production v2 core lifecycle survives an actual fresh process, with capability=true and exact persisted hold bytes (713.967704ms)
✔ absence of future capability is recorded without weakening core qualification (693.684715ms)
✔ exact shop fence prevents creation (3.225739ms)
✔ exact domain fence prevents creation (2.519513ms)
✔ exact development fence prevents creation (2.393925ms)
✔ exact app fence prevents creation (2.347458ms)
✔ exact client fence prevents creation (2.227094ms)
✔ exact installation fence prevents creation (2.146956ms)
✔ exact grants fence prevents creation (2.400249ms)
✔ ownership drift stops before setup and denies archival cleanup (6.214017ms)
✔ actual schedule stops setup; explicit archive cannot turn persistent schedule into PASS (22.172964ms)
✔ configured intent drift after setup stops acquire and permits separately settled cleanup (33.055511ms)
✔ ambiguous create has one exact-marker recovery read and no further mutation (5.431409ms)
✔ lost acquire acknowledgement never causes restore, replay or cleanup mutation (23.69163ms)
✔ closed register rejects reentry before loading even synthetic credentials (30.221098ms)
✔ unsafe synthetic directory and live gate reject before any request (0.370578ms)
✔ global attempts, document denial, token replacement and serial reservation are durable (142.737691ms)
✔ one-second ACK/readback difference is retained while v2 semantics complete in fresh process (631.646957ms)
✔ lost restore acknowledgement in fresh process never retries or archives (600.729106ms)
✔ incomplete configured-intent connection stops lifecycle before setup (10.854692ms)
✔ production pagination consumes global budget and repeated cursor stops without mutation (14.232848ms)
✔ fresh-process-only resume rejects same PID before credential load in live operator seam (25.387612ms)
✔ non-quiescent fetch timeout retains pending reservation and forbids another request (8002.968819ms)
✔ malformed production mutation acknowledgement is not considered settled for archival authority (26.544178ms)
✔ failed disposal of an oversized body quarantines the outbound attempt (2.022412ms)
✔ persisted hold tampering stops fresh-process resume before a second auth or cleanup request (512.101415ms)
✔ all synthetic auth/create/status/production reads dispatch only after matching durable events (34.710472ms)
✔ durable accounting corruption prevents create dispatch and any cleanup mutation (4.040021ms)
✔ zero-effective PARTIAL branch becomes STOPPED if archive applied but acknowledgement is lost (25.821237ms)
✔ lost archive ACK permits only one exact ownership/status classification read and no final snapshot or retry (25.70425ms)
ℹ tests 90
ℹ suites 0
ℹ pass 90
ℹ fail 0
ℹ cancelled 0
ℹ skipped 0
ℹ todo 0
ℹ duration_ms 13637.507575
✔ gate demands exact source/tree/binding, two actual model reviews and ten unique attempt-one workflows (3.509132ms)
✔ missing adapter transport / import proof uses only the guarded operator or denies locally (259.907333ms)
✔ misspelled adapter transport / import proof uses only the guarded operator or denies locally (228.008282ms)
✔ imports adapter transport / import proof uses only the guarded operator or denies locally (210.598944ms)
✔ correct adapter transport / import proof uses only the guarded operator or denies locally (316.574106ms)
✔ complete explicit APP discovery and exact inclusion authorize only the fixed archival cleanup (31.762508ms)
✔ direct inclusion without either generic discovery surface classifies DIRECT_ONLY and still cleans the disposable fixture (12.750428ms)
✔ complete APP catalogs independently establish the generic surface when typed publications omit the target (13.058116ms)
✔ a denied second discovery surface is retained but cannot negate independently complete positive generic evidence (14.880533ms)
✔ denied generic reads without complete positive evidence classify UNRESOLVED without retries (11.163018ms)
✔ direct null remains UNRESOLVED despite generic positives (11.819279ms)
✔ direct not-included remains UNRESOLVED despite generic positives (12.245588ms)
✔ direct incomplete remains UNRESOLVED despite generic positives (13.027725ms)
✔ direct error remains UNRESOLVED despite generic positives (9.984297ms)
✔ capability drift between direct and generic observations is coverage ambiguity (11.300963ms)
✔ multiple APP catalogs claiming the target Publication are coverage ambiguity (12.225398ms)
✔ observed conflicting catalogs followed by a denied page remain UNRESOLVED despite complete positive publications (13.278328ms)
✔ empty nonterminal publications page fails before any continuation (11.018095ms)
✔ empty nonterminal catalogs page fails before any continuation (10.658816ms)
✔ duplicate generic IDs and repeated cursors fail closed with cleanup capacity preserved (19.210802ms)
✔ infinite unique discovery pages reserve one catalog attempt and exact cleanup/final read within sixteen GraphQL attempts (40.353743ms)
✔ prestate identity drift stops before discovery or mutation (2.273458ms)
✔ prestate ownership drift stops before discovery or mutation (2.486ms)
✔ prestate status drift stops before discovery or mutation (2.334863ms)
✔ prestate target-effective drift stops before discovery or mutation (2.504229ms)
✔ prestate connection drift stops before discovery or mutation (2.065001ms)
✔ identity drift in discovery revokes cleanup before any mutation (3.979956ms)
✔ identity mismatch combined with malformed operation data latches the fence before projection (3.751539ms)
✔ GraphQL error with contradictory direct identity prevents archival (3.939134ms)
✔ GraphQL error with contradictory catalog identity prevents archival (7.884695ms)
✔ conflicting duplicate publications metadata cannot hide behind rejection (11.028433ms)
✔ conflicting duplicate catalogs metadata cannot hide behind rejection (10.900182ms)
✔ partial error publications data retains contradictory coverage evidence (12.348392ms)
✔ partial error catalogs data retains contradictory coverage evidence (10.823209ms)
✔ lost archive acknowledgement gets exactly one final classification read and never a resend (11.114258ms)
✔ final exact state settlement records updatedAt difference without timestamp equality (10.850204ms)
✔ a failed final publication predicate closes STOPPED without another mutation or read (12.166393ms)
✔ source drift before credentials produces no provider request (0.728976ms)
✔ corrupt reservation accounting denies the captured transport before its first native call (1.446042ms)
✔ canonical entry exposes no resume phase and a closed synthetic register cannot be reopened (11.461731ms)
✔ identity contradiction in the final read invalidates the classification without another write (10.743537ms)
✔ HTTP 500 error with reported identity drift blocks cleanup (4.070667ms)
✔ HTTP 403 error with reported identity drift blocks cleanup (8.334784ms)
✔ a qualified HTTP 403 denial cannot negate a complete independent positive surface (11.028005ms)
✔ malformed partial error publications remains coverage ambiguity (10.539372ms)
✔ HTTP error partial publications contradictions remain visible (11.003619ms)
✔ malformed partial error catalogs remains coverage ambiguity (12.125789ms)
✔ HTTP error partial catalogs contradictions remain visible (10.794081ms)
✔ ownership freshness starts before I/O and cannot be renewed by slow response completion (9.286356ms)
✔ a backwards local clock cannot make future observation origins fresh for cleanup (7.3489ms)
✔ falsy malformed publications false is coverage ambiguity (14.505639ms)
✔ falsy malformed publications 0 is coverage ambiguity (10.112604ms)
✔ falsy malformed publications "" is coverage ambiguity (10.270018ms)
✔ malformed publications error envelope empty-array cannot qualify generic discovery (11.165639ms)
✔ malformed publications error envelope object cannot qualify generic discovery (9.552768ms)
✔ malformed publications error envelope null cannot qualify generic discovery (9.396464ms)
✔ malformed publications error envelope null-member cannot qualify generic discovery (9.44184ms)
✔ malformed publications error envelope numeric-message cannot qualify generic discovery (10.530889ms)
✔ malformed publications error envelope empty-message cannot qualify generic discovery (9.636984ms)
✔ malformed publications error envelope nonobject-extensions cannot qualify generic discovery (9.570507ms)
✔ falsy malformed catalogs false is coverage ambiguity (12.168512ms)
✔ falsy malformed catalogs 0 is coverage ambiguity (10.632356ms)
✔ falsy malformed catalogs "" is coverage ambiguity (10.168582ms)
✔ malformed catalogs error envelope empty-array cannot qualify generic discovery (9.581614ms)
✔ malformed catalogs error envelope object cannot qualify generic discovery (10.793582ms)
✔ malformed catalogs error envelope null cannot qualify generic discovery (9.48466ms)
✔ malformed catalogs error envelope null-member cannot qualify generic discovery (9.653737ms)
✔ malformed catalogs error envelope numeric-message cannot qualify generic discovery (9.726588ms)
✔ malformed catalogs error envelope empty-message cannot qualify generic discovery (11.292669ms)
✔ malformed catalogs error envelope nonobject-extensions cannot qualify generic discovery (9.653617ms)
✔ archive freshness is rechecked after reservation immediately before native dispatch (8.618935ms)
✔ early source gate rejection settles its reserved but unsent archival request exactly (8.590397ms)
✔ wall rollback followed by successful reads cannot renew elapsed ownership freshness (11.279092ms)
ℹ tests 73
ℹ suites 0
ℹ pass 73
ℹ fail 0
ℹ cancelled 0
ℹ skipped 0
ℹ todo 0
ℹ duration_ms 1127.388827
✔ gate demands exact source/tree/binding, two actual model reviews and eleven unique attempt-one workflows (3.494817ms)
✔ the slice-specific history workflow is mandatory rather than optional diagnostic CI (0.888583ms)
✔ missing adapter transport / import proof uses only the guarded operator or denies locally (266.334173ms)
✔ misspelled adapter transport / import proof uses only the guarded operator or denies locally (252.079666ms)
✔ imports adapter transport / import proof uses only the guarded operator or denies locally (212.074816ms)
✔ correct adapter transport / import proof uses only the guarded operator or denies locally (328.536184ms)
✔ production v3 hidden-anchor lifecycle survives a genuinely fresh process and exact hold bytes (860.87718ms)
✔ naturally mismatched settled restore invokes only production compensation, is STOPPED and safely archived (757.980873ms)
✔ lost restore response never compensates, retries, or cleans up an unsettled transition (645.909543ms)
✔ visible schedule stops before acquire; known settled setup may receive one archival cleanup (61.387733ms)
✔ tampered persisted hold stops the fresh process before its credential exchange or mutation (533.1022ms)
✔ fresh register cannot be started twice even without provider access (1.189738ms)
✔ zero effective ACTIVE membership is partial with one create, one cleanup and no adapter write (29.812898ms)
✔ global GraphQL ceiling and closed register reject before another injected transport invocation (281.593846ms)
✔ guarded dispatch denies freshness-at-dispatch without a native create and preserves known unsent accounting (4.848721ms)
✔ guarded dispatch denies transport-expiry without a native create and preserves known unsent accounting (4.240823ms)
✔ guarded dispatch denies elapsed-freshness without a native create and preserves known unsent accounting (3.175385ms)
✔ guarded dispatch denies backward-clock without a native create and preserves known unsent accounting (3.163929ms)
✔ guarded dispatch denies slow-identity without a native create and preserves known unsent accounting (2.595633ms)
✔ guarded dispatch denies source-gate-denial without a native create and preserves known unsent accounting (3.906264ms)
✔ final transport fence rejects freshness crossing 29950 to 30050ms independently of the eight-second request timer (3.815776ms)
✔ final transport fence rejects operation-deadline crossing 29950 to 30050ms independently of the eight-second request timer (5.77551ms)
✔ reported identity drift with malformed-product stops before cleanup without renewing old ownership (7.083512ms)
✔ reported identity drift with http-error stops before cleanup without renewing old ownership (7.027105ms)
✔ sealed live restore responses replay as RESTORED in a network-denied fresh process without compensation (284.895545ms)
ℹ tests 25
ℹ suites 0
ℹ pass 25
ℹ fail 0
ℹ cancelled 0
ℹ skipped 0
ℹ todo 0
ℹ duration_ms 3487.905986
$ tsc -p scripts/m1-functions/tsconfig.json && node --test scripts/m1-functions/check-vector.test.ts
✔ TypeScript/Node and Rust share the exact experimental-v2 envelope/member bytes (5.738501ms)
ℹ tests 1
ℹ suites 0
ℹ pass 1
ℹ fail 0
ℹ cancelled 0
ℹ skipped 0
ℹ todo 0
ℹ duration_ms 131.90368
$ node scripts/boundaries/check.mjs && node scripts/boundaries/check-database-api.mjs && node scripts/boundaries/check-domain-effects.mjs && node --test scripts/boundaries/domain-effects.test.mjs
Boundary checks passed: 198 real modules, 4 browser modules, 19 negative source fixtures, 2 rejected browser bundles and exports.
Database public API rejects 19 compiler probes and 4 runtime deep imports.
6 production domain modules have no prohibited ambient effects
✔ Date.now is rejected in a production domain helper (9.003323ms)
✔ new Date is rejected in a production domain helper (0.757022ms)
✔ Math.random is rejected in a production domain helper (0.475504ms)
✔ globalThis.Date.now is rejected in a production domain helper (0.493733ms)
✔ fetch is rejected in a production domain helper (1.206575ms)
✔ globalThis.crypto is rejected in a production domain helper (0.412285ms)
✔ computed random is rejected in a production domain helper (0.894867ms)
✔ template random is rejected in a production domain helper (0.667566ms)
✔ dynamic Math member is rejected in a production domain helper (1.194767ms)
✔ spread Date is rejected in a production domain helper (1.547817ms)
✔ random destructuring is rejected in a production domain helper (0.725705ms)
✔ date alias is rejected in a production domain helper (0.346414ms)
✔ math alias is rejected in a production domain helper (0.28948ms)
✔ import meta is rejected in a production domain helper (0.394452ms)
✔ process environment is rejected in a production domain helper (0.228181ms)
✔ deterministic numeric and explicit-value operations stay allowed (1.367956ms)
✔ type-only properties are not ambient API references (2.140123ms)
✔ compiled graph includes an imported module with an excluded test-like filename (562.162223ms)
ℹ tests 18
ℹ suites 0
ℹ pass 18
ℹ fail 0
ℹ cancelled 0
ℹ skipped 0
ℹ todo 0
ℹ duration_ms 979.316034
$ node scripts/boundaries/check-secrets.mjs
Secret/fixture provenance check passed: 114 production source files, 90 separately scanned test/fixture files, 2 browser artifacts, 2 explicitly synthetic seeds.
20 archived Cargo manifests remain independent
$ bash scripts/m1-functions/check.sh
    Finished `dev` profile [unoptimized + debuginfo] target(s) in 0.09s
    Finished `test` profile [unoptimized + debuginfo] target(s) in 0.07s
     Running unittests src/lib.rs (target/debug/deps/cart_authorization-428bc6dab939b9b3)

running 0 tests

test result: ok. 0 passed; 0 failed; 0 ignored; 0 measured; 0 filtered out; finished in 0.00s

     Running tests/currency_matrix.rs (target/debug/deps/currency_matrix-a76cbbc666a7ab20)

running 1 test
test every_admitted_currency_agrees_with_versioned_ts_matrix ... ok

test result: ok. 1 passed; 0 failed; 0 ignored; 0 measured; 0 filtered out; finished in 0.01s

     Running tests/production_vectors.rs (target/debug/deps/production_vectors-931358b74671ec5f)

running 1 test
test production_typescript_vectors_verify_with_complete_rust_core ... ok

test result: ok. 1 passed; 0 failed; 0 ignored; 0 measured; 0 filtered out; finished in 0.11s

     Running tests/whole_quote.rs (target/debug/deps/whole_quote-dd6e3b33eb9f8a50)

running 13 tests
test canonical_carriers_reject_length_padding_alphabet_and_tail_bits ... ok
test complete_ordered_set_verifies_once_and_matches_observed_price ... ok
test compensated_price_mutations_cannot_preserve_authorization_by_preserving_total ... ok
test every_header_byte_class_is_signed_and_structural_header_is_strict ... ok
test last_member_change_invalidates_everything ... ok
test independent_context_keys_date_and_physical_economics_reject ... ok
test missing_duplicate_unsigned_and_extra_members_fail_closed ... ok
test member_from_a_different_signed_quote_cannot_mix_with_original_envelope ... ok
test shared_python_typescript_rust_golden_vector_agrees ... ok
test noncanonical_public_point_and_revoked_or_out_of_window_keys_reject ... ok
test signature_and_arithmetic_profiles_reject_mutations ... ok
test large_complete_quantity_and_500_unit_tier_cannot_be_partially_reused ... ok
test fifteen_independently_signed_high_bit_magic_variants_reject ... ok

test result: ok. 13 passed; 0 failed; 0 ignored; 0 measured; 0 filtered out; finished in 0.30s

     Running unittests src/main.rs (target/debug/deps/cart_transform-358275b5ea2405f6)

running 20 tests
test capacity::tests::exact_output_bound_has_headroom ... ok
test capacity::tests::cart_line_width_and_grammar ... ok
test product_policy::tests::illegible_lone_anchor_cannot_authorize_a_signed_quote ... ok
test product_policy::tests::absent_fields_are_unmanaged_but_a_single_lost_field_is_uncertain ... ok
test product_policy::tests::matching_ready_fields_classify_required_and_optional ... ok
test product_policy::tests::pending_malformed_and_stale_fields_block_plain_but_preserve_signed ... ok
test product_policy::tests::wrong_installation_generation_rejects_signed_too ... ok
test product_policy::tests::strict_grammar_rejects_unknown_states_and_noncanonical_revisions ... ok
test tests::no_partial_expansion_for_incomplete_or_tampered_set ... ok
test tests::revoked_and_out_of_window_public_keys_emit_no_price_operation ... ok
test tests::complete_set_sets_both_prices_and_copies_compact_member ... ok
test tests::context_physical_line_policy_and_cart_order_are_enforced ... ok
test tests::signed_quote_with_only_illegible_policy_emits_no_price ... ok
test tests::signed_quote_with_no_product_anchors_still_requires_shop_keys ... ok
test tests::signed_prices_survive_policy_revision_and_one_lost_anchor ... ok
test tests::unsigned_marker_removed_and_invalid_signature_emit_no_price ... ok
test tests::untrusted_config_cannot_raise_experiment_ceiling ... ok
test tests::ten_thousand_physical_units_use_two_expansions ... ok
test tests::transform_accepts_canonical_zero_and_echoes_target_local_id ... ok
test tests::ten_bucket_output_is_bounded_and_oversized_sets_emit_no_partial_operation ... ok

test result: ok. 20 passed; 0 failed; 0 ignored; 0 measured; 0 filtered out; finished in 0.05s

     Running unittests src/main.rs (target/debug/deps/cart_validation-95daed9c7c60dc1b)

running 24 tests
test capacity::tests::exact_output_bound_has_headroom ... ok
test capacity::tests::cart_line_width_and_grammar ... ok
test product_policy::tests::illegible_lone_anchor_cannot_authorize_a_signed_quote ... ok
test product_policy::tests::absent_fields_are_unmanaged_but_a_single_lost_field_is_uncertain ... ok
test product_policy::tests::matching_ready_fields_classify_required_and_optional ... ok
test product_policy::tests::pending_malformed_and_stale_fields_block_plain_but_preserve_signed ... ok
test product_policy::tests::strict_grammar_rejects_unknown_states_and_noncanonical_revisions ... ok
test product_policy::tests::wrong_installation_generation_rejects_signed_too ... ok
test tests::incomplete_tampered_and_unsigned_required_sets_reject ... ok
test tests::malformed_stale_pending_and_wrong_generation_policy_fail_plain ... ok
test tests::complete_set_compares_observed_exact_subtotals ... ok
test tests::buyer_marker_removal_cannot_turn_known_required_into_plain ... ok
test tests::one_lost_anchor_blocks_plain_while_explicit_optional_and_unmanaged_pass ... ok
test tests::revoked_and_out_of_window_public_keys_reject_checkout ... ok
test tests::cart_order_context_and_physical_claim_changes_fail_at_checkout ... ok
test tests::signed_quote_with_only_illegible_policy_rejects ... ok
test tests::signed_quote_with_no_product_anchors_needs_healthy_shop_keys ... ok
test tests::signed_historical_quote_survives_same_generation_policy_revision ... ok
test tests::untrusted_config_cannot_raise_experiment_ceiling ... ok
test tests::ten_thousand_physical_units_validate_without_per_unit_expansion ... ok
test tests::mixed_200_line_cart_blocks_damaged_managed_line_then_recovers ... ok
test tests::zero_based_cartline_does_not_bypass_economics_or_trust_at_checkout ... ok
test tests::ten_bucket_set_validates_and_oversized_sets_reject ... ok
test tests::zero_based_cartline_preserves_complete_signed_checkout_at_both_steps ... ok

test result: ok. 24 passed; 0 failed; 0 ignored; 0 measured; 0 filtered out; finished in 0.11s

   Doc-tests cart_authorization

running 0 tests

test result: ok. 0 passed; 0 failed; 0 ignored; 0 measured; 0 filtered out; finished in 0.00s

/home/serveradmin/insignia-m5-023-worktree/crates/cart-transform/target/m1-tools/shopify-function-trampoline-2.0.1: OK
    Finished `release` profile [optimized] target(s) in 0.04s
c20cbda370e8ce19c309a49a71f497edb36e2f2db6b4667eced22073cb76fc17  /home/serveradmin/insignia-m5-023-worktree/extensions/insignia-cart-transform/target/cart-transform.raw.wasm
49248769ae4ce578af7c5e7fa77f8c230c8fd4f45b2d673c22cfed87ff946576  /home/serveradmin/insignia-m5-023-worktree/extensions/insignia-cart-transform/target/cart-transform.wasm
184312 /home/serveradmin/insignia-m5-023-worktree/extensions/insignia-cart-transform/target/cart-transform.raw.wasm
181378 /home/serveradmin/insignia-m5-023-worktree/extensions/insignia-cart-transform/target/cart-transform.wasm
365690 total
/home/serveradmin/insignia-m5-023-worktree/crates/cart-validation/target/m1-tools/shopify-function-trampoline-2.0.1: OK
    Finished `release` profile [optimized] target(s) in 0.04s
1c2e43c03c62fb1983089d3b8623eeb6a3ffc90211893c9abb7a2b67fa9ad763  /home/serveradmin/insignia-m5-023-worktree/extensions/insignia-cart-validation/target/cart-validation.raw.wasm
3193f60bbb29cdc473ce7ae73e88d1064ca7be2f03da2aade4e17ae1390366c6  /home/serveradmin/insignia-m5-023-worktree/extensions/insignia-cart-validation/target/cart-validation.wasm
185960 /home/serveradmin/insignia-m5-023-worktree/extensions/insignia-cart-validation/target/cart-validation.raw.wasm
182968 /home/serveradmin/insignia-m5-023-worktree/extensions/insignia-cart-validation/target/cart-validation.wasm
368928 total
/home/serveradmin/insignia-m5-023-worktree/.m1-artifacts/tools/function-runner-9.2.2: OK
transform 8 c20cbda370e8ce19c309a49a71f497edb36e2f2db6b4667eced22073cb76fc17 49248769ae4ce578af7c5e7fa77f8c230c8fd4f45b2d673c22cfed87ff946576
validation 18 1c2e43c03c62fb1983089d3b8623eeb6a3ffc90211893c9abb7a2b67fa9ad763 3193f60bbb29cdc473ce7ae73e88d1064ca7be2f03da2aade4e17ae1390366c6
{
  "rows": 230,
  "positive": 16,
  "vectorsSha256": "7f0046b88183b79cbccc305c883aab0483a6cda1eddb191297e2295c35ac1eda",
  "transformWasmSha256": "49248769ae4ce578af7c5e7fa77f8c230c8fd4f45b2d673c22cfed87ff946576",
  "validationWasmSha256": "3193f60bbb29cdc473ce7ae73e88d1064ca7be2f03da2aade4e17ae1390366c6"
}
M4-003 production builder config passed 6 complete Function runs.
$ corepack pnpm --filter @insignia/web test && corepack pnpm --filter @insignia/storefront test
$ node --test test/*.test.mjs test/admin/*.test.mjs
✔ real admin HTTP publish commits PG v3 activation and immutable evidence: release-blocked (1773.427789ms)
✔ real admin HTTP publish commits PG v3 activation and immutable evidence: active-drift (1247.90054ms)
✔ real admin HTTP publish commits PG v3 activation and immutable evidence: active-key-drift (1233.982685ms)
✔ real admin HTTP publish commits PG v3 activation and immutable evidence: active-epoch-drift (1425.329309ms)
✔ real admin HTTP publish commits PG v3 activation and immutable evidence: active-destroyed-key (1176.804789ms)
✔ real admin HTTP publish commits PG v3 activation and immutable evidence: restoration-pending (510.826894ms)
✔ admin distinguishes activation waiting, held, restoration and conflict without manufacturing ACTIVE (1.36292ms)
✔ publication conflict outranks a retained held/pending activation state (0.205655ms)
✔ terminal operator hold outranks stale held activation (0.15916ms)
✔ failed immutable request is explicit while unresolved availability still takes precedence (0.189748ms)
✔ current staff and installation grant read and edit; reinstallation is checked every request (2.100971ms)
✔ staff read access does not grant mutation (1.066708ms)
✔ expired or cross-shop identity and stale installation fail closed (0.443511ms)
✔ authentication stages distinguish grant and installation mismatches without identity data (0.783109ms)
✔ downstream failures preserve only their safe stage and refresh type after verified identity (1.910748ms)
✔ read requires current verified staff and exact shop, even on deep links (7.0222ms)
✔ mutation refuses cross-origin and staff denial before invoking command (2.76114ms)
✔ save carries exact product, draft version and idempotency to durable command (2.178638ms)
✔ stale draft save is a conflict, never a success response (1.068728ms)
✔ publish returns activation-pending truthfully and requires current edit grant (1.005606ms)
✔ a product missing from the verified shop cannot be changed (1.106857ms)
✔ expired identity and shop supplied in command body cannot create a config (1.712591ms)
✔ unwired admin backend serves no private catalog data (0.52103ms)
✔ unknown durable command failures remain unavailable without leaking details (1.542021ms)
✔ refresh-required online exchange is 401 with Shopify fresh-ID-token retry signal (1.705675ms)
✔ generic exchange/provider/database failures do not gain the fresh-token retry response (1.823593ms)
✔ built picker refreshes once on 401; second 401, 403 and 503 stop without another request (2177.629345ms)
✔ editor-generated fixed, override and tier defaults price through unchanged M2 in zero/two/three exponent currencies (3160.073388ms)
✔ real browser editor syncs typed view, variant and step controls with direct Konva canvas and saved draft (1844.975101ms)
✔ removing named choices drops only their labels including nested option value labels before save (1125.061793ms)
✔ variant without a saved image override retains the portrait default until explicit landscape adoption (978.611831ms)
✔ merchant currency adoption refreshes saved publication eligibility and later failed or stale reads fail closed (1053.865739ms)
✔ mobile deep link, cookie-free reload, interrupted save, stale conflict, and missing Polaris control (2330.528046ms)
✔ interrupted publication resumes the identical request after reload and reaches a durable phase (1172.402726ms)
✔ numeric placement input reaches owner state before blur and survives an owner rerender (1337.425379ms)
✔ publication success preserves dirty local edits and exact save recovery [1/1] (841.188521ms)
✔ publication failed preserves dirty local edits and exact save recovery [1/1] (918.974979ms)
✔ publication success preserves ambiguous local edits and exact save recovery [1/1] (911.139243ms)
✔ publication failed preserves ambiguous local edits and exact save recovery [1/1] (915.868165ms)
✔ publication retry keeps the original version after a newer draft edit when embedded storage is denied (877.92904ms)
✔ stale stored publication is replaced by the current immutable intent despite newer ineligible draft (656.741185ms)
✔ reinstalled Admin discards prior-generation browser request and publishes with a new key (655.716053ms)
✔ concurrent editor refreshes share one App Bridge identity request (1297.33131ms)
✔ empty merchant draft can be configured through typed controls and pass M2 validation (1254.943023ms)
✔ mounted admin refreshes late activation and readiness without overwriting local edits, then clears expired identity (10857.323679ms)
✔ two production admin tabs keep stale edits and explicitly review the winning CAS draft: 9.00 (1431.878889ms)
✔ two production admin tabs keep stale edits and explicitly review the winning CAS draft: 2.50 (1503.317279ms)
✔ authorization denial fences a save already in flight from repopulating private editor state (5899.601014ms)
✔ a pre-command passive observation cannot overwrite a newer pending publication or its stored request (5894.621299ms)
✔ operator and restoration conflicts cannot initiate another publication from a saved eligible draft (966.714442ms)
{"level":30,"time":1791473221718,"event":"admin_authentication","authStage":"ONLINE_EXCHANGE_SUCCEEDED","correlationId":"cd43aeb7-5896-451c-9204-83f9c4cfef00","statusClass":"success"}
{"level":30,"time":1791473221745,"event":"admin_authentication","authStage":"INSTALLATION_PROVIDER_READ_SUCCEEDED","correlationId":"cd43aeb7-5896-451c-9204-83f9c4cfef00","statusClass":"success"}
{"level":30,"time":1791473221764,"event":"admin_authentication","authStage":"INSTALLATION_BOOTSTRAP_CREATED_SUCCEEDED","correlationId":"cd43aeb7-5896-451c-9204-83f9c4cfef00","statusClass":"success"}
{"level":30,"time":1791473221765,"event":"admin_authentication","authStage":"TENANT_RECONCILIATION_SUCCEEDED","correlationId":"cd43aeb7-5896-451c-9204-83f9c4cfef00","statusClass":"success"}
{"level":30,"time":1791473221766,"event":"admin_authentication","authStage":"AUTHENTICATION_SUCCEEDED","correlationId":"cd43aeb7-5896-451c-9204-83f9c4cfef00","statusClass":"success"}
{"level":30,"time":1791473221776,"event":"admin_authentication","authStage":"ONLINE_EXCHANGE_SUCCEEDED","correlationId":"c366f8ef-b597-41be-9e5d-efb6c6efd75b","statusClass":"success"}
{"level":30,"time":1791473221780,"event":"admin_authentication","authStage":"INSTALLATION_PROVIDER_READ_SUCCEEDED","correlationId":"c366f8ef-b597-41be-9e5d-efb6c6efd75b","statusClass":"success"}
{"level":30,"time":1791473221796,"event":"admin_authentication","authStage":"INSTALLATION_BOOTSTRAP_REUSED_SUCCEEDED","correlationId":"c366f8ef-b597-41be-9e5d-efb6c6efd75b","statusClass":"success"}
{"level":30,"time":1791473221796,"event":"admin_authentication","authStage":"TENANT_RECONCILIATION_SUCCEEDED","correlationId":"c366f8ef-b597-41be-9e5d-efb6c6efd75b","statusClass":"success"}
{"level":30,"time":1791473221796,"event":"admin_authentication","authStage":"AUTHENTICATION_SUCCEEDED","correlationId":"c366f8ef-b597-41be-9e5d-efb6c6efd75b","statusClass":"success"}
✔ production first verified staff session bootstraps and searches, repeat reuses provider identity (400.573881ms)
{"level":30,"time":1791473221849,"event":"admin_authentication","authStage":"ONLINE_EXCHANGE_SUCCEEDED","correlationId":"6d27f4b0-af04-4f30-814e-b2fcfe68343e","statusClass":"success"}
{"level":30,"time":1791473221889,"event":"admin_authentication","authStage":"INSTALLATION_PROVIDER_READ_SUCCEEDED","correlationId":"6d27f4b0-af04-4f30-814e-b2fcfe68343e","statusClass":"success"}
{"level":30,"time":1791473221895,"event":"admin_authentication","authStage":"INSTALLATION_BOOTSTRAP_STALE_STATE","correlationId":"6d27f4b0-af04-4f30-814e-b2fcfe68343e","statusClass":"failure"}
{"level":30,"time":1791473221901,"event":"admin_authentication","authStage":"ONLINE_EXCHANGE_SUCCEEDED","correlationId":"0700f293-c078-45bf-883b-c64540bbc701","statusClass":"success"}
✔ uninstall during the first provider observation fences the bootstrapped generation (83.520603ms)
{"level":30,"time":1791473221903,"event":"admin_authentication","authStage":"INSTALLATION_PROVIDER_READ_FAILED","correlationId":"0700f293-c078-45bf-883b-c64540bbc701","statusClass":"failure"}
{"level":30,"time":1791473221931,"event":"admin_authentication","authStage":"ONLINE_EXCHANGE_SUCCEEDED","correlationId":"6601c8bf-41bf-4d0e-8a9c-bdb97cf3690a","statusClass":"success"}
{"level":30,"time":1791473221943,"event":"admin_authentication","authStage":"INSTALLATION_PROVIDER_READ_SUCCEEDED","correlationId":"6601c8bf-41bf-4d0e-8a9c-bdb97cf3690a","statusClass":"success"}
{"level":30,"time":1791473221956,"event":"admin_authentication","authStage":"INSTALLATION_BOOTSTRAP_CREATED_SUCCEEDED","correlationId":"6601c8bf-41bf-4d0e-8a9c-bdb97cf3690a","statusClass":"success"}
{"level":30,"time":1791473221956,"event":"admin_authentication","authStage":"TENANT_RECONCILIATION_SUCCEEDED","correlationId":"6601c8bf-41bf-4d0e-8a9c-bdb97cf3690a","statusClass":"success"}
{"level":30,"time":1791473221956,"event":"admin_authentication","authStage":"AUTHENTICATION_SUCCEEDED","correlationId":"6601c8bf-41bf-4d0e-8a9c-bdb97cf3690a","statusClass":"success"}
{"level":30,"time":1791473221957,"event":"admin_authentication","authStage":"ONLINE_EXCHANGE_SUCCEEDED","correlationId":"13c0768e-f3b3-40bb-a07e-9fdfb266a877","statusClass":"success"}
{"level":30,"time":1791473221959,"event":"admin_authentication","authStage":"INSTALLATION_PROVIDER_READ_SUCCEEDED","correlationId":"13c0768e-f3b3-40bb-a07e-9fdfb266a877","statusClass":"success"}
{"level":30,"time":1791473221970,"event":"admin_authentication","authStage":"INSTALLATION_BOOTSTRAP_REINSTALLED_SUCCEEDED","correlationId":"13c0768e-f3b3-40bb-a07e-9fdfb266a877","statusClass":"success"}
{"level":30,"time":1791473221970,"event":"admin_authentication","authStage":"TENANT_RECONCILIATION_SUCCEEDED","correlationId":"13c0768e-f3b3-40bb-a07e-9fdfb266a877","statusClass":"success"}
{"level":30,"time":1791473221970,"event":"admin_authentication","authStage":"AUTHENTICATION_SUCCEEDED","correlationId":"13c0768e-f3b3-40bb-a07e-9fdfb266a877","statusClass":"success"}
{"level":30,"time":1791473221971,"event":"admin_authentication","authStage":"ONLINE_EXCHANGE_SUCCEEDED","correlationId":"5e652c2b-1ae2-40c4-96a5-69e7ea288618","statusClass":"success"}
{"level":30,"time":1791473221973,"event":"admin_authentication","authStage":"INSTALLATION_PROVIDER_READ_SUCCEEDED","correlationId":"5e652c2b-1ae2-40c4-96a5-69e7ea288618","statusClass":"success"}
{"level":30,"time":1791473221978,"event":"admin_authentication","authStage":"INSTALLATION_BOOTSTRAP_STALE_STATE","correlationId":"5e652c2b-1ae2-40c4-96a5-69e7ea288618","statusClass":"failure"}
✔ production confirms a reinstall twice, advances once and rejects historical stale sessions (76.698128ms)
{"level":30,"time":1791473222001,"event":"admin_authentication","authStage":"ONLINE_EXCHANGE_SUCCEEDED","correlationId":"f4377288-bc70-4d64-84c7-bdbc1ba01e65","statusClass":"success"}
{"level":30,"time":1791473222010,"event":"admin_authentication","authStage":"INSTALLATION_PROVIDER_READ_SUCCEEDED","correlationId":"f4377288-bc70-4d64-84c7-bdbc1ba01e65","statusClass":"success"}
{"level":30,"time":1791473222020,"event":"admin_authentication","authStage":"INSTALLATION_BOOTSTRAP_CREATED_SUCCEEDED","correlationId":"f4377288-bc70-4d64-84c7-bdbc1ba01e65","statusClass":"success"}
{"level":30,"time":1791473222021,"event":"admin_authentication","authStage":"TENANT_RECONCILIATION_SUCCEEDED","correlationId":"f4377288-bc70-4d64-84c7-bdbc1ba01e65","statusClass":"success"}
{"level":30,"time":1791473222021,"event":"admin_authentication","authStage":"AUTHENTICATION_SUCCEEDED","correlationId":"f4377288-bc70-4d64-84c7-bdbc1ba01e65","statusClass":"success"}
{"level":30,"time":1791473222023,"event":"admin_authentication","authStage":"ONLINE_EXCHANGE_SUCCEEDED","correlationId":"d93a89ee-5c9f-40e0-bcea-e49a22dafe35","statusClass":"success"}
{"level":30,"time":1791473222024,"event":"admin_authentication","authStage":"INSTALLATION_PROVIDER_READ_SUCCEEDED","correlationId":"d93a89ee-5c9f-40e0-bcea-e49a22dafe35","statusClass":"success"}
{"level":30,"time":1791473222029,"event":"admin_authentication","authStage":"INSTALLATION_BOOTSTRAP_CONFIRMATION_REQUIRED","correlationId":"d93a89ee-5c9f-40e0-bcea-e49a22dafe35","statusClass":"failure"}
✔ production provider drift during reinstall confirmation leaves the generation unchanged (49.756937ms)
{"level":30,"time":1791473222066,"event":"admin_authentication","authStage":"ONLINE_EXCHANGE_SUCCEEDED","correlationId":"8ade4615-65c6-4924-9de1-ac951ee0d627","statusClass":"success"}
{"level":30,"time":1791473222066,"event":"admin_authentication","authStage":"ONLINE_EXCHANGE_SUCCEEDED","correlationId":"0e0df6c1-775f-4c7b-b41b-95598e6f3dc2","statusClass":"success"}
{"level":30,"time":1791473222066,"event":"admin_authentication","authStage":"ONLINE_EXCHANGE_SUCCEEDED","correlationId":"e9050cf1-8279-4fdd-8e19-ff01e72bc7c0","statusClass":"success"}
{"level":30,"time":1791473222067,"event":"admin_authentication","authStage":"ONLINE_EXCHANGE_SUCCEEDED","correlationId":"5496c4e8-5d26-47d5-b011-8744028eb254","statusClass":"success"}
{"level":30,"time":1791473222067,"event":"admin_authentication","authStage":"ONLINE_EXCHANGE_SUCCEEDED","correlationId":"888ade9c-8fc6-4f1a-ba56-8c3c1ed0570b","statusClass":"success"}
{"level":30,"time":1791473222067,"event":"admin_authentication","authStage":"ONLINE_EXCHANGE_SUCCEEDED","correlationId":"46d306dd-a1ba-4118-9502-a47a559f418c","statusClass":"success"}
{"level":30,"time":1791473222067,"event":"admin_authentication","authStage":"ONLINE_EXCHANGE_SUCCEEDED","correlationId":"711c40d2-67cf-429c-8115-0e61b7ba65fe","statusClass":"success"}
{"level":30,"time":1791473222067,"event":"admin_authentication","authStage":"ONLINE_EXCHANGE_SUCCEEDED","correlationId":"f154968c-e558-41c3-9c97-19b092b1e5b8","statusClass":"success"}
{"level":30,"time":1791473222067,"event":"admin_authentication","authStage":"ONLINE_EXCHANGE_SUCCEEDED","correlationId":"db143086-cf6a-464b-8dd4-dfb06b6073bb","statusClass":"success"}
{"level":30,"time":1791473222067,"event":"admin_authentication","authStage":"ONLINE_EXCHANGE_SUCCEEDED","correlationId":"b4c8777f-d846-48d0-95d9-949224d483ea","statusClass":"success"}
{"level":30,"time":1791473222067,"event":"admin_authentication","authStage":"ONLINE_EXCHANGE_SUCCEEDED","correlationId":"2036c651-2264-47ac-a2f1-002fef494a6f","statusClass":"success"}
{"level":30,"time":1791473222068,"event":"admin_authentication","authStage":"ONLINE_EXCHANGE_SUCCEEDED","correlationId":"a9f8f59a-ebda-4f4c-9969-c17c037cbeaa","statusClass":"success"}
{"level":30,"time":1791473222068,"event":"admin_authentication","authStage":"ONLINE_EXCHANGE_SUCCEEDED","correlationId":"e2d2052d-495b-4ad5-bfd0-64e8b50ee40e","statusClass":"success"}
{"level":30,"time":1791473222068,"event":"admin_authentication","authStage":"ONLINE_EXCHANGE_SUCCEEDED","correlationId":"882a4f62-ae85-4d4c-abbc-31bb85e9bcab","statusClass":"success"}
{"level":30,"time":1791473222068,"event":"admin_authentication","authStage":"ONLINE_EXCHANGE_SUCCEEDED","correlationId":"3dbc6c88-e7ca-41b8-81b1-cede659dd413","statusClass":"success"}
{"level":30,"time":1791473222068,"event":"admin_authentication","authStage":"ONLINE_EXCHANGE_SUCCEEDED","correlationId":"d5663bc4-89c8-4e83-9318-a52b379d9600","statusClass":"success"}
{"level":30,"time":1791473222068,"event":"admin_authentication","authStage":"ONLINE_EXCHANGE_SUCCEEDED","correlationId":"230892a1-bf66-4198-9132-a7956636bbfd","statusClass":"success"}
{"level":30,"time":1791473222068,"event":"admin_authentication","authStage":"ONLINE_EXCHANGE_SUCCEEDED","correlationId":"e8d9e399-21ef-4302-9830-0ea74e9d31cc","statusClass":"success"}
{"level":30,"time":1791473222068,"event":"admin_authentication","authStage":"ONLINE_EXCHANGE_SUCCEEDED","correlationId":"03895e1f-f9a2-4ad2-994b-3c174e0e0323","statusClass":"success"}
{"level":30,"time":1791473222068,"event":"admin_authentication","authStage":"ONLINE_EXCHANGE_SUCCEEDED","correlationId":"1f222ee6-0377-41f1-8032-c1a4edc7aebb","statusClass":"success"}
{"level":30,"time":1791473222068,"event":"admin_authentication","authStage":"ONLINE_EXCHANGE_SUCCEEDED","correlationId":"34ea236b-e18d-416b-a18a-a8ba427adcd4","statusClass":"success"}
{"level":30,"time":1791473222068,"event":"admin_authentication","authStage":"ONLINE_EXCHANGE_SUCCEEDED","correlationId":"cad76637-d2ff-4a79-850c-c997d839596c","statusClass":"success"}
{"level":30,"time":1791473222069,"event":"admin_authentication","authStage":"ONLINE_EXCHANGE_SUCCEEDED","correlationId":"31be47a4-2b3b-40d5-86cd-05ff47a957dd","statusClass":"success"}
{"level":30,"time":1791473222069,"event":"admin_authentication","authStage":"ONLINE_EXCHANGE_SUCCEEDED","correlationId":"7dd80a82-2b15-4cf0-ae94-75223e562045","statusClass":"success"}
{"level":30,"time":1791473222089,"event":"admin_authentication","authStage":"INSTALLATION_PROVIDER_READ_SUCCEEDED","correlationId":"0e0df6c1-775f-4c7b-b41b-95598e6f3dc2","statusClass":"success"}
{"level":30,"time":1791473222094,"event":"admin_authentication","authStage":"INSTALLATION_PROVIDER_READ_SUCCEEDED","correlationId":"5496c4e8-5d26-47d5-b011-8744028eb254","statusClass":"success"}
{"level":30,"time":1791473222099,"event":"admin_authentication","authStage":"INSTALLATION_PROVIDER_READ_SUCCEEDED","correlationId":"711c40d2-67cf-429c-8115-0e61b7ba65fe","statusClass":"success"}
{"level":30,"time":1791473222100,"event":"admin_authentication","authStage":"INSTALLATION_PROVIDER_READ_SUCCEEDED","correlationId":"2036c651-2264-47ac-a2f1-002fef494a6f","statusClass":"success"}
{"level":30,"time":1791473222102,"event":"admin_authentication","authStage":"INSTALLATION_PROVIDER_READ_SUCCEEDED","correlationId":"a9f8f59a-ebda-4f4c-9969-c17c037cbeaa","statusClass":"success"}
{"level":30,"time":1791473222103,"event":"admin_authentication","authStage":"INSTALLATION_PROVIDER_READ_SUCCEEDED","correlationId":"f154968c-e558-41c3-9c97-19b092b1e5b8","statusClass":"success"}
{"level":30,"time":1791473222103,"event":"admin_authentication","authStage":"INSTALLATION_PROVIDER_READ_SUCCEEDED","correlationId":"8ade4615-65c6-4924-9de1-ac951ee0d627","statusClass":"success"}
{"level":30,"time":1791473222105,"event":"admin_authentication","authStage":"INSTALLATION_PROVIDER_READ_SUCCEEDED","correlationId":"888ade9c-8fc6-4f1a-ba56-8c3c1ed0570b","statusClass":"success"}
{"level":30,"time":1791473222107,"event":"admin_authentication","authStage":"INSTALLATION_PROVIDER_READ_SUCCEEDED","correlationId":"e9050cf1-8279-4fdd-8e19-ff01e72bc7c0","statusClass":"success"}
{"level":30,"time":1791473222108,"event":"admin_authentication","authStage":"INSTALLATION_PROVIDER_READ_SUCCEEDED","correlationId":"db143086-cf6a-464b-8dd4-dfb06b6073bb","statusClass":"success"}
{"level":30,"time":1791473222118,"event":"admin_authentication","authStage":"INSTALLATION_PROVIDER_READ_SUCCEEDED","correlationId":"b4c8777f-d846-48d0-95d9-949224d483ea","statusClass":"success"}
{"level":30,"time":1791473222121,"event":"admin_authentication","authStage":"INSTALLATION_PROVIDER_READ_SUCCEEDED","correlationId":"e2d2052d-495b-4ad5-bfd0-64e8b50ee40e","statusClass":"success"}
{"level":30,"time":1791473222122,"event":"admin_authentication","authStage":"INSTALLATION_PROVIDER_READ_SUCCEEDED","correlationId":"882a4f62-ae85-4d4c-abbc-31bb85e9bcab","statusClass":"success"}
{"level":30,"time":1791473222123,"event":"admin_authentication","authStage":"INSTALLATION_PROVIDER_READ_SUCCEEDED","correlationId":"3dbc6c88-e7ca-41b8-81b1-cede659dd413","statusClass":"success"}
{"level":30,"time":1791473222123,"event":"admin_authentication","authStage":"INSTALLATION_PROVIDER_READ_SUCCEEDED","correlationId":"d5663bc4-89c8-4e83-9318-a52b379d9600","statusClass":"success"}
{"level":30,"time":1791473222124,"event":"admin_authentication","authStage":"INSTALLATION_PROVIDER_READ_SUCCEEDED","correlationId":"230892a1-bf66-4198-9132-a7956636bbfd","statusClass":"success"}
{"level":30,"time":1791473222124,"event":"admin_authentication","authStage":"INSTALLATION_PROVIDER_READ_SUCCEEDED","correlationId":"e8d9e399-21ef-4302-9830-0ea74e9d31cc","statusClass":"success"}
{"level":30,"time":1791473222125,"event":"admin_authentication","authStage":"INSTALLATION_PROVIDER_READ_SUCCEEDED","correlationId":"03895e1f-f9a2-4ad2-994b-3c174e0e0323","statusClass":"success"}
{"level":30,"time":1791473222126,"event":"admin_authentication","authStage":"INSTALLATION_PROVIDER_READ_SUCCEEDED","correlationId":"1f222ee6-0377-41f1-8032-c1a4edc7aebb","statusClass":"success"}
{"level":30,"time":1791473222126,"event":"admin_authentication","authStage":"INSTALLATION_PROVIDER_READ_SUCCEEDED","correlationId":"34ea236b-e18d-416b-a18a-a8ba427adcd4","statusClass":"success"}
{"level":30,"time":1791473222127,"event":"admin_authentication","authStage":"INSTALLATION_PROVIDER_READ_SUCCEEDED","correlationId":"46d306dd-a1ba-4118-9502-a47a559f418c","statusClass":"success"}
{"level":30,"time":1791473222128,"event":"admin_authentication","authStage":"INSTALLATION_PROVIDER_READ_SUCCEEDED","correlationId":"cad76637-d2ff-4a79-850c-c997d839596c","statusClass":"success"}
{"level":30,"time":1791473222128,"event":"admin_authentication","authStage":"INSTALLATION_PROVIDER_READ_SUCCEEDED","correlationId":"31be47a4-2b3b-40d5-86cd-05ff47a957dd","statusClass":"success"}
{"level":30,"time":1791473222129,"event":"admin_authentication","authStage":"INSTALLATION_PROVIDER_READ_SUCCEEDED","correlationId":"7dd80a82-2b15-4cf0-ae94-75223e562045","statusClass":"success"}
{"level":30,"time":1791473222144,"event":"admin_authentication","authStage":"INSTALLATION_BOOTSTRAP_CREATED_SUCCEEDED","correlationId":"0e0df6c1-775f-4c7b-b41b-95598e6f3dc2","statusClass":"success"}
{"level":30,"time":1791473222144,"event":"admin_authentication","authStage":"TENANT_RECONCILIATION_SUCCEEDED","correlationId":"0e0df6c1-775f-4c7b-b41b-95598e6f3dc2","statusClass":"success"}
{"level":30,"time":1791473222144,"event":"admin_authentication","authStage":"AUTHENTICATION_SUCCEEDED","correlationId":"0e0df6c1-775f-4c7b-b41b-95598e6f3dc2","statusClass":"success"}
{"level":30,"time":1791473222151,"event":"admin_authentication","authStage":"INSTALLATION_BOOTSTRAP_REUSED_SUCCEEDED","correlationId":"711c40d2-67cf-429c-8115-0e61b7ba65fe","statusClass":"success"}
{"level":30,"time":1791473222151,"event":"admin_authentication","authStage":"TENANT_RECONCILIATION_SUCCEEDED","correlationId":"711c40d2-67cf-429c-8115-0e61b7ba65fe","statusClass":"success"}
{"level":30,"time":1791473222151,"event":"admin_authentication","authStage":"AUTHENTICATION_SUCCEEDED","correlationId":"711c40d2-67cf-429c-8115-0e61b7ba65fe","statusClass":"success"}
{"level":30,"time":1791473222159,"event":"admin_authentication","authStage":"INSTALLATION_BOOTSTRAP_REUSED_SUCCEEDED","correlationId":"888ade9c-8fc6-4f1a-ba56-8c3c1ed0570b","statusClass":"success"}
{"level":30,"time":1791473222161,"event":"admin_authentication","authStage":"TENANT_RECONCILIATION_SUCCEEDED","correlationId":"888ade9c-8fc6-4f1a-ba56-8c3c1ed0570b","statusClass":"success"}
{"level":30,"time":1791473222161,"event":"admin_authentication","authStage":"AUTHENTICATION_SUCCEEDED","correlationId":"888ade9c-8fc6-4f1a-ba56-8c3c1ed0570b","statusClass":"success"}
{"level":30,"time":1791473222169,"event":"admin_authentication","authStage":"INSTALLATION_BOOTSTRAP_REUSED_SUCCEEDED","correlationId":"5496c4e8-5d26-47d5-b011-8744028eb254","statusClass":"success"}
{"level":30,"time":1791473222169,"event":"admin_authentication","authStage":"TENANT_RECONCILIATION_SUCCEEDED","correlationId":"5496c4e8-5d26-47d5-b011-8744028eb254","statusClass":"success"}
{"level":30,"time":1791473222169,"event":"admin_authentication","authStage":"AUTHENTICATION_SUCCEEDED","correlationId":"5496c4e8-5d26-47d5-b011-8744028eb254","statusClass":"success"}
{"level":30,"time":1791473222176,"event":"admin_authentication","authStage":"INSTALLATION_BOOTSTRAP_REUSED_SUCCEEDED","correlationId":"a9f8f59a-ebda-4f4c-9969-c17c037cbeaa","statusClass":"success"}
{"level":30,"time":1791473222176,"event":"admin_authentication","authStage":"TENANT_RECONCILIATION_SUCCEEDED","correlationId":"a9f8f59a-ebda-4f4c-9969-c17c037cbeaa","statusClass":"success"}
{"level":30,"time":1791473222176,"event":"admin_authentication","authStage":"AUTHENTICATION_SUCCEEDED","correlationId":"a9f8f59a-ebda-4f4c-9969-c17c037cbeaa","statusClass":"success"}
{"level":30,"time":1791473222183,"event":"admin_authentication","authStage":"INSTALLATION_BOOTSTRAP_REUSED_SUCCEEDED","correlationId":"2036c651-2264-47ac-a2f1-002fef494a6f","statusClass":"success"}
{"level":30,"time":1791473222183,"event":"admin_authentication","authStage":"TENANT_RECONCILIATION_SUCCEEDED","correlationId":"2036c651-2264-47ac-a2f1-002fef494a6f","statusClass":"success"}
{"level":30,"time":1791473222183,"event":"admin_authentication","authStage":"AUTHENTICATION_SUCCEEDED","correlationId":"2036c651-2264-47ac-a2f1-002fef494a6f","statusClass":"success"}
{"level":30,"time":1791473222190,"event":"admin_authentication","authStage":"INSTALLATION_BOOTSTRAP_REUSED_SUCCEEDED","correlationId":"db143086-cf6a-464b-8dd4-dfb06b6073bb","statusClass":"success"}
{"level":30,"time":1791473222190,"event":"admin_authentication","authStage":"TENANT_RECONCILIATION_SUCCEEDED","correlationId":"db143086-cf6a-464b-8dd4-dfb06b6073bb","statusClass":"success"}
{"level":30,"time":1791473222190,"event":"admin_authentication","authStage":"AUTHENTICATION_SUCCEEDED","correlationId":"db143086-cf6a-464b-8dd4-dfb06b6073bb","statusClass":"success"}
{"level":30,"time":1791473222201,"event":"admin_authentication","authStage":"INSTALLATION_BOOTSTRAP_REUSED_SUCCEEDED","correlationId":"8ade4615-65c6-4924-9de1-ac951ee0d627","statusClass":"success"}
{"level":30,"time":1791473222201,"event":"admin_authentication","authStage":"TENANT_RECONCILIATION_SUCCEEDED","correlationId":"8ade4615-65c6-4924-9de1-ac951ee0d627","statusClass":"success"}
{"level":30,"time":1791473222201,"event":"admin_authentication","authStage":"AUTHENTICATION_SUCCEEDED","correlationId":"8ade4615-65c6-4924-9de1-ac951ee0d627","statusClass":"success"}
{"level":30,"time":1791473222209,"event":"admin_authentication","authStage":"INSTALLATION_BOOTSTRAP_REUSED_SUCCEEDED","correlationId":"e9050cf1-8279-4fdd-8e19-ff01e72bc7c0","statusClass":"success"}
{"level":30,"time":1791473222209,"event":"admin_authentication","authStage":"TENANT_RECONCILIATION_SUCCEEDED","correlationId":"e9050cf1-8279-4fdd-8e19-ff01e72bc7c0","statusClass":"success"}
{"level":30,"time":1791473222209,"event":"admin_authentication","authStage":"AUTHENTICATION_SUCCEEDED","correlationId":"e9050cf1-8279-4fdd-8e19-ff01e72bc7c0","statusClass":"success"}
{"level":30,"time":1791473222216,"event":"admin_authentication","authStage":"INSTALLATION_BOOTSTRAP_REUSED_SUCCEEDED","correlationId":"f154968c-e558-41c3-9c97-19b092b1e5b8","statusClass":"success"}
{"level":30,"time":1791473222217,"event":"admin_authentication","authStage":"TENANT_RECONCILIATION_SUCCEEDED","correlationId":"f154968c-e558-41c3-9c97-19b092b1e5b8","statusClass":"success"}
{"level":30,"time":1791473222217,"event":"admin_authentication","authStage":"AUTHENTICATION_SUCCEEDED","correlationId":"f154968c-e558-41c3-9c97-19b092b1e5b8","statusClass":"success"}
{"level":30,"time":1791473222226,"event":"admin_authentication","authStage":"INSTALLATION_BOOTSTRAP_REUSED_SUCCEEDED","correlationId":"b4c8777f-d846-48d0-95d9-949224d483ea","statusClass":"success"}
{"level":30,"time":1791473222226,"event":"admin_authentication","authStage":"TENANT_RECONCILIATION_SUCCEEDED","correlationId":"b4c8777f-d846-48d0-95d9-949224d483ea","statusClass":"success"}
{"level":30,"time":1791473222226,"event":"admin_authentication","authStage":"AUTHENTICATION_SUCCEEDED","correlationId":"b4c8777f-d846-48d0-95d9-949224d483ea","statusClass":"success"}
{"level":30,"time":1791473222236,"event":"admin_authentication","authStage":"INSTALLATION_BOOTSTRAP_REUSED_SUCCEEDED","correlationId":"e2d2052d-495b-4ad5-bfd0-64e8b50ee40e","statusClass":"success"}
{"level":30,"time":1791473222236,"event":"admin_authentication","authStage":"TENANT_RECONCILIATION_SUCCEEDED","correlationId":"e2d2052d-495b-4ad5-bfd0-64e8b50ee40e","statusClass":"success"}
{"level":30,"time":1791473222236,"event":"admin_authentication","authStage":"AUTHENTICATION_SUCCEEDED","correlationId":"e2d2052d-495b-4ad5-bfd0-64e8b50ee40e","statusClass":"success"}
{"level":30,"time":1791473222245,"event":"admin_authentication","authStage":"INSTALLATION_BOOTSTRAP_REUSED_SUCCEEDED","correlationId":"882a4f62-ae85-4d4c-abbc-31bb85e9bcab","statusClass":"success"}
{"level":30,"time":1791473222245,"event":"admin_authentication","authStage":"TENANT_RECONCILIATION_SUCCEEDED","correlationId":"882a4f62-ae85-4d4c-abbc-31bb85e9bcab","statusClass":"success"}
{"level":30,"time":1791473222245,"event":"admin_authentication","authStage":"AUTHENTICATION_SUCCEEDED","correlationId":"882a4f62-ae85-4d4c-abbc-31bb85e9bcab","statusClass":"success"}
{"level":30,"time":1791473222253,"event":"admin_authentication","authStage":"INSTALLATION_BOOTSTRAP_REUSED_SUCCEEDED","correlationId":"3dbc6c88-e7ca-41b8-81b1-cede659dd413","statusClass":"success"}
{"level":30,"time":1791473222253,"event":"admin_authentication","authStage":"TENANT_RECONCILIATION_SUCCEEDED","correlationId":"3dbc6c88-e7ca-41b8-81b1-cede659dd413","statusClass":"success"}
{"level":30,"time":1791473222253,"event":"admin_authentication","authStage":"AUTHENTICATION_SUCCEEDED","correlationId":"3dbc6c88-e7ca-41b8-81b1-cede659dd413","statusClass":"success"}
{"level":30,"time":1791473222261,"event":"admin_authentication","authStage":"INSTALLATION_BOOTSTRAP_REUSED_SUCCEEDED","correlationId":"d5663bc4-89c8-4e83-9318-a52b379d9600","statusClass":"success"}
{"level":30,"time":1791473222261,"event":"admin_authentication","authStage":"TENANT_RECONCILIATION_SUCCEEDED","correlationId":"d5663bc4-89c8-4e83-9318-a52b379d9600","statusClass":"success"}
{"level":30,"time":1791473222261,"event":"admin_authentication","authStage":"AUTHENTICATION_SUCCEEDED","correlationId":"d5663bc4-89c8-4e83-9318-a52b379d9600","statusClass":"success"}
{"level":30,"time":1791473222264,"event":"admin_authentication","authStage":"INSTALLATION_BOOTSTRAP_REUSED_SUCCEEDED","correlationId":"230892a1-bf66-4198-9132-a7956636bbfd","statusClass":"success"}
{"level":30,"time":1791473222265,"event":"admin_authentication","authStage":"TENANT_RECONCILIATION_SUCCEEDED","correlationId":"230892a1-bf66-4198-9132-a7956636bbfd","statusClass":"success"}
{"level":30,"time":1791473222265,"event":"admin_authentication","authStage":"AUTHENTICATION_SUCCEEDED","correlationId":"230892a1-bf66-4198-9132-a7956636bbfd","statusClass":"success"}
{"level":30,"time":1791473222270,"event":"admin_authentication","authStage":"INSTALLATION_BOOTSTRAP_REUSED_SUCCEEDED","correlationId":"e8d9e399-21ef-4302-9830-0ea74e9d31cc","statusClass":"success"}
{"level":30,"time":1791473222270,"event":"admin_authentication","authStage":"TENANT_RECONCILIATION_SUCCEEDED","correlationId":"e8d9e399-21ef-4302-9830-0ea74e9d31cc","statusClass":"success"}
{"level":30,"time":1791473222270,"event":"admin_authentication","authStage":"AUTHENTICATION_SUCCEEDED","correlationId":"e8d9e399-21ef-4302-9830-0ea74e9d31cc","statusClass":"success"}
{"level":30,"time":1791473222278,"event":"admin_authentication","authStage":"INSTALLATION_BOOTSTRAP_REUSED_SUCCEEDED","correlationId":"03895e1f-f9a2-4ad2-994b-3c174e0e0323","statusClass":"success"}
{"level":30,"time":1791473222278,"event":"admin_authentication","authStage":"TENANT_RECONCILIATION_SUCCEEDED","correlationId":"03895e1f-f9a2-4ad2-994b-3c174e0e0323","statusClass":"success"}
{"level":30,"time":1791473222278,"event":"admin_authentication","authStage":"AUTHENTICATION_SUCCEEDED","correlationId":"03895e1f-f9a2-4ad2-994b-3c174e0e0323","statusClass":"success"}
{"level":30,"time":1791473222285,"event":"admin_authentication","authStage":"INSTALLATION_BOOTSTRAP_REUSED_SUCCEEDED","correlationId":"1f222ee6-0377-41f1-8032-c1a4edc7aebb","statusClass":"success"}
{"level":30,"time":1791473222285,"event":"admin_authentication","authStage":"TENANT_RECONCILIATION_SUCCEEDED","correlationId":"1f222ee6-0377-41f1-8032-c1a4edc7aebb","statusClass":"success"}
{"level":30,"time":1791473222285,"event":"admin_authentication","authStage":"AUTHENTICATION_SUCCEEDED","correlationId":"1f222ee6-0377-41f1-8032-c1a4edc7aebb","statusClass":"success"}
{"level":30,"time":1791473222290,"event":"admin_authentication","authStage":"INSTALLATION_BOOTSTRAP_REUSED_SUCCEEDED","correlationId":"34ea236b-e18d-416b-a18a-a8ba427adcd4","statusClass":"success"}
{"level":30,"time":1791473222291,"event":"admin_authentication","authStage":"TENANT_RECONCILIATION_SUCCEEDED","correlationId":"34ea236b-e18d-416b-a18a-a8ba427adcd4","statusClass":"success"}
{"level":30,"time":1791473222291,"event":"admin_authentication","authStage":"AUTHENTICATION_SUCCEEDED","correlationId":"34ea236b-e18d-416b-a18a-a8ba427adcd4","statusClass":"success"}
{"level":30,"time":1791473222297,"event":"admin_authentication","authStage":"INSTALLATION_BOOTSTRAP_REUSED_SUCCEEDED","correlationId":"46d306dd-a1ba-4118-9502-a47a559f418c","statusClass":"success"}
{"level":30,"time":1791473222298,"event":"admin_authentication","authStage":"TENANT_RECONCILIATION_SUCCEEDED","correlationId":"46d306dd-a1ba-4118-9502-a47a559f418c","statusClass":"success"}
{"level":30,"time":1791473222298,"event":"admin_authentication","authStage":"AUTHENTICATION_SUCCEEDED","correlationId":"46d306dd-a1ba-4118-9502-a47a559f418c","statusClass":"success"}
{"level":30,"time":1791473222303,"event":"admin_authentication","authStage":"INSTALLATION_BOOTSTRAP_REUSED_SUCCEEDED","correlationId":"cad76637-d2ff-4a79-850c-c997d839596c","statusClass":"success"}
{"level":30,"time":1791473222303,"event":"admin_authentication","authStage":"TENANT_RECONCILIATION_SUCCEEDED","correlationId":"cad76637-d2ff-4a79-850c-c997d839596c","statusClass":"success"}
{"level":30,"time":1791473222303,"event":"admin_authentication","authStage":"AUTHENTICATION_SUCCEEDED","correlationId":"cad76637-d2ff-4a79-850c-c997d839596c","statusClass":"success"}
{"level":30,"time":1791473222307,"event":"admin_authentication","authStage":"INSTALLATION_BOOTSTRAP_REUSED_SUCCEEDED","correlationId":"31be47a4-2b3b-40d5-86cd-05ff47a957dd","statusClass":"success"}
{"level":30,"time":1791473222308,"event":"admin_authentication","authStage":"TENANT_RECONCILIATION_SUCCEEDED","correlationId":"31be47a4-2b3b-40d5-86cd-05ff47a957dd","statusClass":"success"}
{"level":30,"time":1791473222308,"event":"admin_authentication","authStage":"AUTHENTICATION_SUCCEEDED","correlationId":"31be47a4-2b3b-40d5-86cd-05ff47a957dd","statusClass":"success"}
{"level":30,"time":1791473222315,"event":"admin_authentication","authStage":"INSTALLATION_BOOTSTRAP_REUSED_SUCCEEDED","correlationId":"7dd80a82-2b15-4cf0-ae94-75223e562045","statusClass":"success"}
{"level":30,"time":1791473222315,"event":"admin_authentication","authStage":"TENANT_RECONCILIATION_SUCCEEDED","correlationId":"7dd80a82-2b15-4cf0-ae94-75223e562045","statusClass":"success"}
{"level":30,"time":1791473222315,"event":"admin_authentication","authStage":"AUTHENTICATION_SUCCEEDED","correlationId":"7dd80a82-2b15-4cf0-ae94-75223e562045","statusClass":"success"}
{"level":30,"time":1791473222329,"event":"admin_authentication","authStage":"ONLINE_EXCHANGE_SUCCEEDED","correlationId":"5bc262c2-7077-4d69-bd4f-bf46facbac22","statusClass":"success"}
{"level":30,"time":1791473222331,"event":"admin_authentication","authStage":"ONLINE_EXCHANGE_SUCCEEDED","correlationId":"35082cf1-ddb9-42f9-8db7-cd02817651bb","statusClass":"success"}
{"level":30,"time":1791473222331,"event":"admin_authentication","authStage":"ONLINE_EXCHANGE_SUCCEEDED","correlationId":"de578efa-0e7a-4ead-ae5e-f245e50deac2","statusClass":"success"}
{"level":30,"time":1791473222331,"event":"admin_authentication","authStage":"ONLINE_EXCHANGE_SUCCEEDED","correlationId":"3e605a11-bea2-4b32-a2ff-7896d9a41867","statusClass":"success"}
{"level":30,"time":1791473222331,"event":"admin_authentication","authStage":"ONLINE_EXCHANGE_SUCCEEDED","correlationId":"52d99742-e894-4df9-927b-1cd0ce53f494","statusClass":"success"}
{"level":30,"time":1791473222331,"event":"admin_authentication","authStage":"ONLINE_EXCHANGE_SUCCEEDED","correlationId":"0f96d241-1f03-4873-94b9-a8e6c2cd88f9","statusClass":"success"}
{"level":30,"time":1791473222331,"event":"admin_authentication","authStage":"ONLINE_EXCHANGE_SUCCEEDED","correlationId":"93aa9139-889b-4fe6-98eb-0dd1578c310e","statusClass":"success"}
{"level":30,"time":1791473222331,"event":"admin_authentication","authStage":"ONLINE_EXCHANGE_SUCCEEDED","correlationId":"110181dc-eb72-4be5-a93d-1c60b1de75cd","statusClass":"success"}
{"level":30,"time":1791473222331,"event":"admin_authentication","authStage":"ONLINE_EXCHANGE_SUCCEEDED","correlationId":"34181cf9-2b2a-4c93-82eb-dbb12965a350","statusClass":"success"}
{"level":30,"time":1791473222331,"event":"admin_authentication","authStage":"ONLINE_EXCHANGE_SUCCEEDED","correlationId":"d12d1959-d438-461b-85b8-a4087903d974","statusClass":"success"}
{"level":30,"time":1791473222331,"event":"admin_authentication","authStage":"ONLINE_EXCHANGE_SUCCEEDED","correlationId":"66f8f8ce-cf11-49e8-948d-fd55537c7827","statusClass":"success"}
{"level":30,"time":1791473222331,"event":"admin_authentication","authStage":"ONLINE_EXCHANGE_SUCCEEDED","correlationId":"7644d766-8022-4804-a23e-d547e6a58e15","statusClass":"success"}
{"level":30,"time":1791473222331,"event":"admin_authentication","authStage":"ONLINE_EXCHANGE_SUCCEEDED","correlationId":"fca10c2b-b080-43f5-a277-cf7e170f04e5","statusClass":"success"}
{"level":30,"time":1791473222332,"event":"admin_authentication","authStage":"ONLINE_EXCHANGE_SUCCEEDED","correlationId":"80d8ff32-fd17-4ec8-957d-d26cc8da9e9d","statusClass":"success"}
{"level":30,"time":1791473222332,"event":"admin_authentication","authStage":"ONLINE_EXCHANGE_SUCCEEDED","correlationId":"abc66c4a-711b-42b3-a87d-186ea37cb856","statusClass":"success"}
{"level":30,"time":1791473222333,"event":"admin_authentication","authStage":"ONLINE_EXCHANGE_SUCCEEDED","correlationId":"86b2d4fc-4d4e-4d6c-aaba-7f586688108d","statusClass":"success"}
{"level":30,"time":1791473222333,"event":"admin_authentication","authStage":"ONLINE_EXCHANGE_SUCCEEDED","correlationId":"40b4ff64-0819-4bba-afce-c44e24e760c7","statusClass":"success"}
{"level":30,"time":1791473222333,"event":"admin_authentication","authStage":"ONLINE_EXCHANGE_SUCCEEDED","correlationId":"3939f56b-5474-44c8-b12c-291cc891085f","statusClass":"success"}
{"level":30,"time":1791473222333,"event":"admin_authentication","authStage":"ONLINE_EXCHANGE_SUCCEEDED","correlationId":"9ccd2b54-a529-4a29-a966-152a0aeeae3e","statusClass":"success"}
{"level":30,"time":1791473222333,"event":"admin_authentication","authStage":"ONLINE_EXCHANGE_SUCCEEDED","correlationId":"e78f6f29-1a53-4a48-8496-843f8f3aa0ee","statusClass":"success"}
{"level":30,"time":1791473222334,"event":"admin_authentication","authStage":"ONLINE_EXCHANGE_SUCCEEDED","correlationId":"f3d61019-c452-4ddb-bfa7-2d9252b394e0","statusClass":"success"}
{"level":30,"time":1791473222334,"event":"admin_authentication","authStage":"ONLINE_EXCHANGE_SUCCEEDED","correlationId":"008d74fb-704f-4eac-bfb7-b6fc6e7da448","statusClass":"success"}
{"level":30,"time":1791473222334,"event":"admin_authentication","authStage":"ONLINE_EXCHANGE_SUCCEEDED","correlationId":"8fa1532f-f58b-4ab9-bb0a-e98b8d279fd0","statusClass":"success"}
{"level":30,"time":1791473222334,"event":"admin_authentication","authStage":"ONLINE_EXCHANGE_SUCCEEDED","correlationId":"43885e5a-40ff-4a5f-8ef7-3cdc2a98238f","statusClass":"success"}
{"level":30,"time":1791473222340,"event":"admin_authentication","authStage":"INSTALLATION_PROVIDER_READ_SUCCEEDED","correlationId":"5bc262c2-7077-4d69-bd4f-bf46facbac22","statusClass":"success"}
{"level":30,"time":1791473222340,"event":"admin_authentication","authStage":"INSTALLATION_PROVIDER_READ_SUCCEEDED","correlationId":"3e605a11-bea2-4b32-a2ff-7896d9a41867","statusClass":"success"}
{"level":30,"time":1791473222342,"event":"admin_authentication","authStage":"INSTALLATION_PROVIDER_READ_SUCCEEDED","correlationId":"93aa9139-889b-4fe6-98eb-0dd1578c310e","statusClass":"success"}
{"level":30,"time":1791473222343,"event":"admin_authentication","authStage":"INSTALLATION_PROVIDER_READ_SUCCEEDED","correlationId":"35082cf1-ddb9-42f9-8db7-cd02817651bb","statusClass":"success"}
{"level":30,"time":1791473222344,"event":"admin_authentication","authStage":"INSTALLATION_PROVIDER_READ_SUCCEEDED","correlationId":"de578efa-0e7a-4ead-ae5e-f245e50deac2","statusClass":"success"}
{"level":30,"time":1791473222346,"event":"admin_authentication","authStage":"INSTALLATION_PROVIDER_READ_SUCCEEDED","correlationId":"52d99742-e894-4df9-927b-1cd0ce53f494","statusClass":"success"}
{"level":30,"time":1791473222347,"event":"admin_authentication","authStage":"INSTALLATION_PROVIDER_READ_SUCCEEDED","correlationId":"66f8f8ce-cf11-49e8-948d-fd55537c7827","statusClass":"success"}
{"level":30,"time":1791473222349,"event":"admin_authentication","authStage":"INSTALLATION_PROVIDER_READ_SUCCEEDED","correlationId":"7644d766-8022-4804-a23e-d547e6a58e15","statusClass":"success"}
{"level":30,"time":1791473222350,"event":"admin_authentication","authStage":"INSTALLATION_PROVIDER_READ_SUCCEEDED","correlationId":"fca10c2b-b080-43f5-a277-cf7e170f04e5","statusClass":"success"}
{"level":30,"time":1791473222351,"event":"admin_authentication","authStage":"INSTALLATION_PROVIDER_READ_SUCCEEDED","correlationId":"80d8ff32-fd17-4ec8-957d-d26cc8da9e9d","statusClass":"success"}
{"level":30,"time":1791473222354,"event":"admin_authentication","authStage":"INSTALLATION_PROVIDER_READ_SUCCEEDED","correlationId":"abc66c4a-711b-42b3-a87d-186ea37cb856","statusClass":"success"}
{"level":30,"time":1791473222356,"event":"admin_authentication","authStage":"INSTALLATION_PROVIDER_READ_SUCCEEDED","correlationId":"0f96d241-1f03-4873-94b9-a8e6c2cd88f9","statusClass":"success"}
{"level":30,"time":1791473222357,"event":"admin_authentication","authStage":"INSTALLATION_PROVIDER_READ_SUCCEEDED","correlationId":"34181cf9-2b2a-4c93-82eb-dbb12965a350","statusClass":"success"}
{"level":30,"time":1791473222358,"event":"admin_authentication","authStage":"INSTALLATION_PROVIDER_READ_SUCCEEDED","correlationId":"d12d1959-d438-461b-85b8-a4087903d974","statusClass":"success"}
{"level":30,"time":1791473222359,"event":"admin_authentication","authStage":"INSTALLATION_PROVIDER_READ_SUCCEEDED","correlationId":"110181dc-eb72-4be5-a93d-1c60b1de75cd","statusClass":"success"}
{"level":30,"time":1791473222360,"event":"admin_authentication","authStage":"INSTALLATION_PROVIDER_READ_SUCCEEDED","correlationId":"40b4ff64-0819-4bba-afce-c44e24e760c7","statusClass":"success"}
{"level":30,"time":1791473222361,"event":"admin_authentication","authStage":"INSTALLATION_PROVIDER_READ_SUCCEEDED","correlationId":"3939f56b-5474-44c8-b12c-291cc891085f","statusClass":"success"}
{"level":30,"time":1791473222362,"event":"admin_authentication","authStage":"INSTALLATION_PROVIDER_READ_SUCCEEDED","correlationId":"9ccd2b54-a529-4a29-a966-152a0aeeae3e","statusClass":"success"}
{"level":30,"time":1791473222363,"event":"admin_authentication","authStage":"INSTALLATION_PROVIDER_READ_SUCCEEDED","correlationId":"e78f6f29-1a53-4a48-8496-843f8f3aa0ee","statusClass":"success"}
{"level":30,"time":1791473222364,"event":"admin_authentication","authStage":"INSTALLATION_PROVIDER_READ_SUCCEEDED","correlationId":"f3d61019-c452-4ddb-bfa7-2d9252b394e0","statusClass":"success"}
{"level":30,"time":1791473222366,"event":"admin_authentication","authStage":"INSTALLATION_PROVIDER_READ_SUCCEEDED","correlationId":"008d74fb-704f-4eac-bfb7-b6fc6e7da448","statusClass":"success"}
{"level":30,"time":1791473222368,"event":"admin_authentication","authStage":"INSTALLATION_PROVIDER_READ_SUCCEEDED","correlationId":"8fa1532f-f58b-4ab9-bb0a-e98b8d279fd0","statusClass":"success"}
{"level":30,"time":1791473222370,"event":"admin_authentication","authStage":"INSTALLATION_PROVIDER_READ_SUCCEEDED","correlationId":"43885e5a-40ff-4a5f-8ef7-3cdc2a98238f","statusClass":"success"}
{"level":30,"time":1791473222372,"event":"admin_authentication","authStage":"INSTALLATION_PROVIDER_READ_SUCCEEDED","correlationId":"86b2d4fc-4d4e-4d6c-aaba-7f586688108d","statusClass":"success"}
{"level":30,"time":1791473222389,"event":"admin_authentication","authStage":"INSTALLATION_BOOTSTRAP_REINSTALLED_SUCCEEDED","correlationId":"5bc262c2-7077-4d69-bd4f-bf46facbac22","statusClass":"success"}
{"level":30,"time":1791473222389,"event":"admin_authentication","authStage":"TENANT_RECONCILIATION_SUCCEEDED","correlationId":"5bc262c2-7077-4d69-bd4f-bf46facbac22","statusClass":"success"}
{"level":30,"time":1791473222389,"event":"admin_authentication","authStage":"AUTHENTICATION_SUCCEEDED","correlationId":"5bc262c2-7077-4d69-bd4f-bf46facbac22","statusClass":"success"}
{"level":30,"time":1791473222394,"event":"admin_authentication","authStage":"INSTALLATION_BOOTSTRAP_REUSED_SUCCEEDED","correlationId":"3e605a11-bea2-4b32-a2ff-7896d9a41867","statusClass":"success"}
{"level":30,"time":1791473222394,"event":"admin_authentication","authStage":"TENANT_RECONCILIATION_SUCCEEDED","correlationId":"3e605a11-bea2-4b32-a2ff-7896d9a41867","statusClass":"success"}
{"level":30,"time":1791473222394,"event":"admin_authentication","authStage":"AUTHENTICATION_SUCCEEDED","correlationId":"3e605a11-bea2-4b32-a2ff-7896d9a41867","statusClass":"success"}
{"level":30,"time":1791473222400,"event":"admin_authentication","authStage":"INSTALLATION_BOOTSTRAP_REUSED_SUCCEEDED","correlationId":"93aa9139-889b-4fe6-98eb-0dd1578c310e","statusClass":"success"}
{"level":30,"time":1791473222400,"event":"admin_authentication","authStage":"TENANT_RECONCILIATION_SUCCEEDED","correlationId":"93aa9139-889b-4fe6-98eb-0dd1578c310e","statusClass":"success"}
{"level":30,"time":1791473222400,"event":"admin_authentication","authStage":"AUTHENTICATION_SUCCEEDED","correlationId":"93aa9139-889b-4fe6-98eb-0dd1578c310e","statusClass":"success"}
{"level":30,"time":1791473222406,"event":"admin_authentication","authStage":"INSTALLATION_BOOTSTRAP_REUSED_SUCCEEDED","correlationId":"35082cf1-ddb9-42f9-8db7-cd02817651bb","statusClass":"success"}
{"level":30,"time":1791473222406,"event":"admin_authentication","authStage":"TENANT_RECONCILIATION_SUCCEEDED","correlationId":"35082cf1-ddb9-42f9-8db7-cd02817651bb","statusClass":"success"}
{"level":30,"time":1791473222406,"event":"admin_authentication","authStage":"AUTHENTICATION_SUCCEEDED","correlationId":"35082cf1-ddb9-42f9-8db7-cd02817651bb","statusClass":"success"}
{"level":30,"time":1791473222411,"event":"admin_authentication","authStage":"INSTALLATION_BOOTSTRAP_REUSED_SUCCEEDED","correlationId":"de578efa-0e7a-4ead-ae5e-f245e50deac2","statusClass":"success"}
{"level":30,"time":1791473222411,"event":"admin_authentication","authStage":"TENANT_RECONCILIATION_SUCCEEDED","correlationId":"de578efa-0e7a-4ead-ae5e-f245e50deac2","statusClass":"success"}
{"level":30,"time":1791473222411,"event":"admin_authentication","authStage":"AUTHENTICATION_SUCCEEDED","correlationId":"de578efa-0e7a-4ead-ae5e-f245e50deac2","statusClass":"success"}
{"level":30,"time":1791473222415,"event":"admin_authentication","authStage":"INSTALLATION_BOOTSTRAP_REUSED_SUCCEEDED","correlationId":"52d99742-e894-4df9-927b-1cd0ce53f494","statusClass":"success"}
{"level":30,"time":1791473222415,"event":"admin_authentication","authStage":"TENANT_RECONCILIATION_SUCCEEDED","correlationId":"52d99742-e894-4df9-927b-1cd0ce53f494","statusClass":"success"}
{"level":30,"time":1791473222415,"event":"admin_authentication","authStage":"AUTHENTICATION_SUCCEEDED","correlationId":"52d99742-e894-4df9-927b-1cd0ce53f494","statusClass":"success"}
{"level":30,"time":1791473222420,"event":"admin_authentication","authStage":"INSTALLATION_BOOTSTRAP_REUSED_SUCCEEDED","correlationId":"66f8f8ce-cf11-49e8-948d-fd55537c7827","statusClass":"success"}
{"level":30,"time":1791473222420,"event":"admin_authentication","authStage":"TENANT_RECONCILIATION_SUCCEEDED","correlationId":"66f8f8ce-cf11-49e8-948d-fd55537c7827","statusClass":"success"}
{"level":30,"time":1791473222420,"event":"admin_authentication","authStage":"AUTHENTICATION_SUCCEEDED","correlationId":"66f8f8ce-cf11-49e8-948d-fd55537c7827","statusClass":"success"}
{"level":30,"time":1791473222428,"event":"admin_authentication","authStage":"INSTALLATION_BOOTSTRAP_REUSED_SUCCEEDED","correlationId":"7644d766-8022-4804-a23e-d547e6a58e15","statusClass":"success"}
{"level":30,"time":1791473222428,"event":"admin_authentication","authStage":"TENANT_RECONCILIATION_SUCCEEDED","correlationId":"7644d766-8022-4804-a23e-d547e6a58e15","statusClass":"success"}
{"level":30,"time":1791473222428,"event":"admin_authentication","authStage":"AUTHENTICATION_SUCCEEDED","correlationId":"7644d766-8022-4804-a23e-d547e6a58e15","statusClass":"success"}
{"level":30,"time":1791473222435,"event":"admin_authentication","authStage":"INSTALLATION_BOOTSTRAP_REUSED_SUCCEEDED","correlationId":"fca10c2b-b080-43f5-a277-cf7e170f04e5","statusClass":"success"}
{"level":30,"time":1791473222435,"event":"admin_authentication","authStage":"TENANT_RECONCILIATION_SUCCEEDED","correlationId":"fca10c2b-b080-43f5-a277-cf7e170f04e5","statusClass":"success"}
{"level":30,"time":1791473222435,"event":"admin_authentication","authStage":"AUTHENTICATION_SUCCEEDED","correlationId":"fca10c2b-b080-43f5-a277-cf7e170f04e5","statusClass":"success"}
{"level":30,"time":1791473222441,"event":"admin_authentication","authStage":"INSTALLATION_BOOTSTRAP_REUSED_SUCCEEDED","correlationId":"80d8ff32-fd17-4ec8-957d-d26cc8da9e9d","statusClass":"success"}
{"level":30,"time":1791473222442,"event":"admin_authentication","authStage":"TENANT_RECONCILIATION_SUCCEEDED","correlationId":"80d8ff32-fd17-4ec8-957d-d26cc8da9e9d","statusClass":"success"}
{"level":30,"time":1791473222442,"event":"admin_authentication","authStage":"AUTHENTICATION_SUCCEEDED","correlationId":"80d8ff32-fd17-4ec8-957d-d26cc8da9e9d","statusClass":"success"}
{"level":30,"time":1791473222446,"event":"admin_authentication","authStage":"INSTALLATION_BOOTSTRAP_REUSED_SUCCEEDED","correlationId":"abc66c4a-711b-42b3-a87d-186ea37cb856","statusClass":"success"}
{"level":30,"time":1791473222446,"event":"admin_authentication","authStage":"TENANT_RECONCILIATION_SUCCEEDED","correlationId":"abc66c4a-711b-42b3-a87d-186ea37cb856","statusClass":"success"}
{"level":30,"time":1791473222446,"event":"admin_authentication","authStage":"AUTHENTICATION_SUCCEEDED","correlationId":"abc66c4a-711b-42b3-a87d-186ea37cb856","statusClass":"success"}
{"level":30,"time":1791473222453,"event":"admin_authentication","authStage":"INSTALLATION_BOOTSTRAP_REUSED_SUCCEEDED","correlationId":"0f96d241-1f03-4873-94b9-a8e6c2cd88f9","statusClass":"success"}
{"level":30,"time":1791473222453,"event":"admin_authentication","authStage":"TENANT_RECONCILIATION_SUCCEEDED","correlationId":"0f96d241-1f03-4873-94b9-a8e6c2cd88f9","statusClass":"success"}
{"level":30,"time":1791473222453,"event":"admin_authentication","authStage":"AUTHENTICATION_SUCCEEDED","correlationId":"0f96d241-1f03-4873-94b9-a8e6c2cd88f9","statusClass":"success"}
{"level":30,"time":1791473222454,"event":"admin_authentication","authStage":"INSTALLATION_BOOTSTRAP_REUSED_SUCCEEDED","correlationId":"34181cf9-2b2a-4c93-82eb-dbb12965a350","statusClass":"success"}
{"level":30,"time":1791473222454,"event":"admin_authentication","authStage":"TENANT_RECONCILIATION_SUCCEEDED","correlationId":"34181cf9-2b2a-4c93-82eb-dbb12965a350","statusClass":"success"}
{"level":30,"time":1791473222454,"event":"admin_authentication","authStage":"AUTHENTICATION_SUCCEEDED","correlationId":"34181cf9-2b2a-4c93-82eb-dbb12965a350","statusClass":"success"}
{"level":30,"time":1791473222458,"event":"admin_authentication","authStage":"INSTALLATION_BOOTSTRAP_REUSED_SUCCEEDED","correlationId":"d12d1959-d438-461b-85b8-a4087903d974","statusClass":"success"}
{"level":30,"time":1791473222458,"event":"admin_authentication","authStage":"TENANT_RECONCILIATION_SUCCEEDED","correlationId":"d12d1959-d438-461b-85b8-a4087903d974","statusClass":"success"}
{"level":30,"time":1791473222458,"event":"admin_authentication","authStage":"AUTHENTICATION_SUCCEEDED","correlationId":"d12d1959-d438-461b-85b8-a4087903d974","statusClass":"success"}
{"level":30,"time":1791473222463,"event":"admin_authentication","authStage":"INSTALLATION_BOOTSTRAP_REUSED_SUCCEEDED","correlationId":"110181dc-eb72-4be5-a93d-1c60b1de75cd","statusClass":"success"}
{"level":30,"time":1791473222463,"event":"admin_authentication","authStage":"TENANT_RECONCILIATION_SUCCEEDED","correlationId":"110181dc-eb72-4be5-a93d-1c60b1de75cd","statusClass":"success"}
{"level":30,"time":1791473222463,"event":"admin_authentication","authStage":"AUTHENTICATION_SUCCEEDED","correlationId":"110181dc-eb72-4be5-a93d-1c60b1de75cd","statusClass":"success"}
{"level":30,"time":1791473222467,"event":"admin_authentication","authStage":"INSTALLATION_BOOTSTRAP_REUSED_SUCCEEDED","correlationId":"40b4ff64-0819-4bba-afce-c44e24e760c7","statusClass":"success"}
{"level":30,"time":1791473222467,"event":"admin_authentication","authStage":"TENANT_RECONCILIATION_SUCCEEDED","correlationId":"40b4ff64-0819-4bba-afce-c44e24e760c7","statusClass":"success"}
{"level":30,"time":1791473222467,"event":"admin_authentication","authStage":"AUTHENTICATION_SUCCEEDED","correlationId":"40b4ff64-0819-4bba-afce-c44e24e760c7","statusClass":"success"}
{"level":30,"time":1791473222484,"event":"admin_authentication","authStage":"INSTALLATION_BOOTSTRAP_REUSED_SUCCEEDED","correlationId":"3939f56b-5474-44c8-b12c-291cc891085f","statusClass":"success"}
{"level":30,"time":1791473222484,"event":"admin_authentication","authStage":"TENANT_RECONCILIATION_SUCCEEDED","correlationId":"3939f56b-5474-44c8-b12c-291cc891085f","statusClass":"success"}
{"level":30,"time":1791473222484,"event":"admin_authentication","authStage":"AUTHENTICATION_SUCCEEDED","correlationId":"3939f56b-5474-44c8-b12c-291cc891085f","statusClass":"success"}
{"level":30,"time":1791473222491,"event":"admin_authentication","authStage":"INSTALLATION_BOOTSTRAP_REUSED_SUCCEEDED","correlationId":"9ccd2b54-a529-4a29-a966-152a0aeeae3e","statusClass":"success"}
{"level":30,"time":1791473222491,"event":"admin_authentication","authStage":"TENANT_RECONCILIATION_SUCCEEDED","correlationId":"9ccd2b54-a529-4a29-a966-152a0aeeae3e","statusClass":"success"}
{"level":30,"time":1791473222491,"event":"admin_authentication","authStage":"AUTHENTICATION_SUCCEEDED","correlationId":"9ccd2b54-a529-4a29-a966-152a0aeeae3e","statusClass":"success"}
{"level":30,"time":1791473222495,"event":"admin_authentication","authStage":"INSTALLATION_BOOTSTRAP_REUSED_SUCCEEDED","correlationId":"e78f6f29-1a53-4a48-8496-843f8f3aa0ee","statusClass":"success"}
{"level":30,"time":1791473222495,"event":"admin_authentication","authStage":"TENANT_RECONCILIATION_SUCCEEDED","correlationId":"e78f6f29-1a53-4a48-8496-843f8f3aa0ee","statusClass":"success"}
{"level":30,"time":1791473222495,"event":"admin_authentication","authStage":"AUTHENTICATION_SUCCEEDED","correlationId":"e78f6f29-1a53-4a48-8496-843f8f3aa0ee","statusClass":"success"}
{"level":30,"time":1791473222498,"event":"admin_authentication","authStage":"INSTALLATION_BOOTSTRAP_REUSED_SUCCEEDED","correlationId":"f3d61019-c452-4ddb-bfa7-2d9252b394e0","statusClass":"success"}
{"level":30,"time":1791473222498,"event":"admin_authentication","authStage":"TENANT_RECONCILIATION_SUCCEEDED","correlationId":"f3d61019-c452-4ddb-bfa7-2d9252b394e0","statusClass":"success"}
{"level":30,"time":1791473222498,"event":"admin_authentication","authStage":"AUTHENTICATION_SUCCEEDED","correlationId":"f3d61019-c452-4ddb-bfa7-2d9252b394e0","statusClass":"success"}
{"level":30,"time":1791473222502,"event":"admin_authentication","authStage":"INSTALLATION_BOOTSTRAP_REUSED_SUCCEEDED","correlationId":"008d74fb-704f-4eac-bfb7-b6fc6e7da448","statusClass":"success"}
{"level":30,"time":1791473222502,"event":"admin_authentication","authStage":"TENANT_RECONCILIATION_SUCCEEDED","correlationId":"008d74fb-704f-4eac-bfb7-b6fc6e7da448","statusClass":"success"}
{"level":30,"time":1791473222502,"event":"admin_authentication","authStage":"AUTHENTICATION_SUCCEEDED","correlationId":"008d74fb-704f-4eac-bfb7-b6fc6e7da448","statusClass":"success"}
{"level":30,"time":1791473222505,"event":"admin_authentication","authStage":"INSTALLATION_BOOTSTRAP_REUSED_SUCCEEDED","correlationId":"8fa1532f-f58b-4ab9-bb0a-e98b8d279fd0","statusClass":"success"}
{"level":30,"time":1791473222505,"event":"admin_authentication","authStage":"TENANT_RECONCILIATION_SUCCEEDED","correlationId":"8fa1532f-f58b-4ab9-bb0a-e98b8d279fd0","statusClass":"success"}
{"level":30,"time":1791473222505,"event":"admin_authentication","authStage":"AUTHENTICATION_SUCCEEDED","correlationId":"8fa1532f-f58b-4ab9-bb0a-e98b8d279fd0","statusClass":"success"}
{"level":30,"time":1791473222511,"event":"admin_authentication","authStage":"INSTALLATION_BOOTSTRAP_REUSED_SUCCEEDED","correlationId":"43885e5a-40ff-4a5f-8ef7-3cdc2a98238f","statusClass":"success"}
{"level":30,"time":1791473222511,"event":"admin_authentication","authStage":"TENANT_RECONCILIATION_SUCCEEDED","correlationId":"43885e5a-40ff-4a5f-8ef7-3cdc2a98238f","statusClass":"success"}
{"level":30,"time":1791473222511,"event":"admin_authentication","authStage":"AUTHENTICATION_SUCCEEDED","correlationId":"43885e5a-40ff-4a5f-8ef7-3cdc2a98238f","statusClass":"success"}
{"level":30,"time":1791473222515,"event":"admin_authentication","authStage":"INSTALLATION_BOOTSTRAP_REUSED_SUCCEEDED","correlationId":"86b2d4fc-4d4e-4d6c-aaba-7f586688108d","statusClass":"success"}
{"level":30,"time":1791473222515,"event":"admin_authentication","authStage":"TENANT_RECONCILIATION_SUCCEEDED","correlationId":"86b2d4fc-4d4e-4d6c-aaba-7f586688108d","statusClass":"success"}
{"level":30,"time":1791473222515,"event":"admin_authentication","authStage":"AUTHENTICATION_SUCCEEDED","correlationId":"86b2d4fc-4d4e-4d6c-aaba-7f586688108d","statusClass":"success"}
✔ production concurrent verified sessions converge and concurrent reinstalls advance once (486.692779ms)
{"level":30,"time":1791473222556,"event":"admin_authentication","authStage":"ONLINE_EXCHANGE_FAILED","correlationId":"c00a31a2-3d1e-4c6a-b820-f38f63e7fdd3","statusClass":"failure"}
✔ production exchange failure cannot bootstrap an installation (38.173811ms)
{"level":30,"time":1791473222595,"event":"admin_authentication","authStage":"ONLINE_EXCHANGE_SUCCEEDED","correlationId":"9a456179-0e66-45ff-9ecb-5c429a073254","statusClass":"success"}
✔ production provider failure cannot bootstrap an installation (40.498416ms)
{"level":30,"time":1791473222596,"event":"admin_authentication","authStage":"INSTALLATION_PROVIDER_READ_FAILED","correlationId":"9a456179-0e66-45ff-9ecb-5c429a073254","statusClass":"failure"}
{"level":30,"time":1791473222635,"event":"admin_authentication","authStage":"ONLINE_EXCHANGE_SUCCEEDED","correlationId":"b7d8f9a2-bfea-4a41-9081-38477912f7e7","statusClass":"success"}
{"level":30,"time":1791473222637,"event":"admin_authentication","authStage":"INSTALLATION_PROVIDER_SHAPE_OR_IDENTITY_MISMATCH","correlationId":"b7d8f9a2-bfea-4a41-9081-38477912f7e7","statusClass":"failure"}
✔ production domain failure cannot bootstrap an installation (40.036852ms)
{"level":30,"time":1791473222671,"event":"admin_authentication","authStage":"ONLINE_EXCHANGE_SUCCEEDED","correlationId":"88ca30bf-1a85-4a83-b901-64b2b69e505d","statusClass":"success"}
{"level":30,"time":1791473222675,"event":"admin_authentication","authStage":"INSTALLATION_PROVIDER_READ_SUCCEEDED","correlationId":"88ca30bf-1a85-4a83-b901-64b2b69e505d","statusClass":"success"}
{"level":30,"time":1791473222678,"event":"admin_authentication","authStage":"INSTALLATION_BOOTSTRAP_IDENTITY_MISMATCH","correlationId":"88ca30bf-1a85-4a83-b901-64b2b69e505d","statusClass":"failure"}
✔ production durable-shop-id failure cannot bootstrap an installation (40.625934ms)
{"level":30,"time":1791473222704,"event":"admin_authentication","authStage":"ONLINE_EXCHANGE_SUCCEEDED","correlationId":"e371c685-bb51-4220-a962-b107238cfb9f","statusClass":"success"}
{"level":30,"time":1791473222715,"event":"admin_authentication","authStage":"INSTALLATION_PROVIDER_READ_SUCCEEDED","correlationId":"e371c685-bb51-4220-a962-b107238cfb9f","statusClass":"success"}
{"level":30,"time":1791473222735,"event":"admin_authentication","authStage":"INSTALLATION_BOOTSTRAP_CREATED_SUCCEEDED","correlationId":"e371c685-bb51-4220-a962-b107238cfb9f","statusClass":"success"}
{"level":30,"time":1791473222735,"event":"admin_authentication","authStage":"TENANT_RECONCILIATION_SUCCEEDED","correlationId":"e371c685-bb51-4220-a962-b107238cfb9f","statusClass":"success"}
{"level":30,"time":1791473222735,"event":"admin_authentication","authStage":"AUTHENTICATION_SUCCEEDED","correlationId":"e371c685-bb51-4220-a962-b107238cfb9f","statusClass":"success"}
{"level":30,"time":1791473222747,"event":"admin_authentication","authStage":"ONLINE_EXCHANGE_SUCCEEDED","correlationId":"7d818a1b-88bb-43ee-b5cb-7970d9c53bd8","statusClass":"success"}
{"level":30,"time":1791473222748,"event":"admin_authentication","authStage":"INSTALLATION_PROVIDER_READ_SUCCEEDED","correlationId":"7d818a1b-88bb-43ee-b5cb-7970d9c53bd8","statusClass":"success"}
{"level":30,"time":1791473222754,"event":"admin_authentication","authStage":"INSTALLATION_BOOTSTRAP_REUSED_SUCCEEDED","correlationId":"7d818a1b-88bb-43ee-b5cb-7970d9c53bd8","statusClass":"success"}
{"level":30,"time":1791473222754,"event":"admin_authentication","authStage":"TENANT_RECONCILIATION_SUCCEEDED","correlationId":"7d818a1b-88bb-43ee-b5cb-7970d9c53bd8","statusClass":"success"}
{"level":30,"time":1791473222754,"event":"admin_authentication","authStage":"AUTHENTICATION_SUCCEEDED","correlationId":"7d818a1b-88bb-43ee-b5cb-7970d9c53bd8","statusClass":"success"}
{"level":30,"time":1791473222755,"event":"admin_authentication","authStage":"ONLINE_EXCHANGE_SUCCEEDED","correlationId":"f69ea14a-1f6f-4600-a174-07ff5018473d","statusClass":"success"}
{"level":30,"time":1791473222756,"event":"admin_authentication","authStage":"INSTALLATION_PROVIDER_READ_SUCCEEDED","correlationId":"f69ea14a-1f6f-4600-a174-07ff5018473d","statusClass":"success"}
{"level":30,"time":1791473222761,"event":"admin_authentication","authStage":"INSTALLATION_BOOTSTRAP_REUSED_SUCCEEDED","correlationId":"f69ea14a-1f6f-4600-a174-07ff5018473d","statusClass":"success"}
{"level":30,"time":1791473222761,"event":"admin_authentication","authStage":"TENANT_RECONCILIATION_SUCCEEDED","correlationId":"f69ea14a-1f6f-4600-a174-07ff5018473d","statusClass":"success"}
{"level":30,"time":1791473222761,"event":"admin_authentication","authStage":"AUTHENTICATION_SUCCEEDED","correlationId":"f69ea14a-1f6f-4600-a174-07ff5018473d","statusClass":"success"}
{"level":30,"time":1791473222762,"event":"admin_authentication","authStage":"ONLINE_EXCHANGE_SUCCEEDED","correlationId":"d979e4f5-5381-4f11-9d75-49b6cbf8eea8","statusClass":"success"}
{"level":30,"time":1791473222763,"event":"admin_authentication","authStage":"INSTALLATION_PROVIDER_READ_SUCCEEDED","correlationId":"d979e4f5-5381-4f11-9d75-49b6cbf8eea8","statusClass":"success"}
{"level":30,"time":1791473222768,"event":"admin_authentication","authStage":"INSTALLATION_BOOTSTRAP_REUSED_SUCCEEDED","correlationId":"d979e4f5-5381-4f11-9d75-49b6cbf8eea8","statusClass":"success"}
✔ technical readiness HTTP remains authenticated, private, staff-bound and read-only (89.193377ms)
{"level":30,"time":1791473222768,"event":"admin_authentication","authStage":"TENANT_RECONCILIATION_SUCCEEDED","correlationId":"d979e4f5-5381-4f11-9d75-49b6cbf8eea8","statusClass":"success"}
{"level":30,"time":1791473222768,"event":"admin_authentication","authStage":"AUTHENTICATION_SUCCEEDED","correlationId":"d979e4f5-5381-4f11-9d75-49b6cbf8eea8","statusClass":"success"}
✔ readiness collection fingerprints match the reviewed Function query artifacts (3.201536ms)
✔ overlapping distinct-key M5 creates serialize before the command FK lock upgrade (167.168824ms)
✔ currency precision rejects invalid saved and legacy publication amounts without rounding or durable intent (156.495791ms)
✔ durable editor CAS, exact-key replay, independent copy, immutable geometry, and reinstall fence (370.890971ms)
✔ actual M4 prepare/advance over immutable M5 revision reports ready, conflict and hold truthfully (751.664244ms)
✔ diagnostic preview requires accounting and HTTPS before any provider access (393.664744ms)
✔ live-style SDK identity, local PG create/save/reload/CAS/exact ambiguous replay and mutation refusal (510.305248ms)
✔ preview same-token single flight; replacement and current-installation invalidation exchange fresh (1.603723ms)
✔ preview rejected exchange is not cached and expired or long-lived identity is denied (0.880934ms)
{"level":30,"time":1791473232621,"event":"admin_authentication","authStage":"ONLINE_EXCHANGE_SUCCEEDED","correlationId":"9d5f880c-58a2-4e64-b5df-09938af32a93","statusClass":"success"}
{"level":30,"time":1791473232645,"event":"admin_authentication","authStage":"INSTALLATION_PROVIDER_READ_SUCCEEDED","correlationId":"9d5f880c-58a2-4e64-b5df-09938af32a93","statusClass":"success"}
{"level":30,"time":1791473232656,"event":"admin_authentication","authStage":"INSTALLATION_BOOTSTRAP_REUSED_SUCCEEDED","correlationId":"9d5f880c-58a2-4e64-b5df-09938af32a93","statusClass":"success"}
{"level":30,"time":1791473232656,"event":"admin_authentication","authStage":"TENANT_RECONCILIATION_SUCCEEDED","correlationId":"9d5f880c-58a2-4e64-b5df-09938af32a93","statusClass":"success"}
{"level":30,"time":1791473232656,"event":"admin_authentication","authStage":"AUTHENTICATION_SUCCEEDED","correlationId":"9d5f880c-58a2-4e64-b5df-09938af32a93","statusClass":"success"}
▶ production composition uses signed staff SDK, current policy and trusted readiness: missing
  ✔ scheduled cancellation boundary 2026-09-30T23:59:59.999Z: allowed=true (17.61912ms)
  ✔ scheduled cancellation boundary 2026-10-01T00:00:00.000Z: allowed=false (11.84678ms)
  ✔ scheduled cancellation boundary 2026-10-01T00:00:00.001Z: allowed=false (11.507228ms)
✔ production composition uses signed staff SDK, current policy and trusted readiness: missing (557.677483ms)
{"level":30,"time":1791473232990,"event":"admin_authentication","authStage":"ONLINE_EXCHANGE_SUCCEEDED","correlationId":"2c083a65-748a-4890-9cb6-b24da2a5b312","statusClass":"success"}
{"level":30,"time":1791473232995,"event":"admin_authentication","authStage":"INSTALLATION_PROVIDER_READ_SUCCEEDED","correlationId":"2c083a65-748a-4890-9cb6-b24da2a5b312","statusClass":"success"}
{"level":30,"time":1791473233001,"event":"admin_authentication","authStage":"INSTALLATION_BOOTSTRAP_REUSED_SUCCEEDED","correlationId":"2c083a65-748a-4890-9cb6-b24da2a5b312","statusClass":"success"}
{"level":30,"time":1791473233001,"event":"admin_authentication","authStage":"TENANT_RECONCILIATION_SUCCEEDED","correlationId":"2c083a65-748a-4890-9cb6-b24da2a5b312","statusClass":"success"}
{"level":30,"time":1791473233001,"event":"admin_authentication","authStage":"AUTHENTICATION_SUCCEEDED","correlationId":"2c083a65-748a-4890-9cb6-b24da2a5b312","statusClass":"success"}
▶ production composition uses signed staff SDK, current policy and trusted readiness: trusted-function-mismatch
  ✔ scheduled cancellation boundary 2026-09-30T23:59:59.999Z: allowed=true (14.467816ms)
  ✔ scheduled cancellation boundary 2026-10-01T00:00:00.000Z: allowed=false (12.456488ms)
  ✔ scheduled cancellation boundary 2026-10-01T00:00:00.001Z: allowed=false (11.573029ms)
✔ production composition uses signed staff SDK, current policy and trusted readiness: trusted-function-mismatch (301.037769ms)
✔ production readiness composes trusted record, independent expected build, current Function read and preloaded day (22.326683ms)
✔ missing release evidence never synthesizes a build, queries Functions or falls back to UTC (0.713404ms)
✔ server activation composition cannot promote a diagnostic observation without trusted release source (1.722573ms)
✔ preloaded trusted merchant day is synchronous across DST and server-day boundaries (23.393585ms)
✔ server composition binds trusted provider reads to one signed immutable quote candidate (42.482882ms)
✔ built SSR serves public shell and a real Polaris/Preact interaction (5954.832832ms)
✔ HTTP 5xx after durable inbox commit leads to same-ID retry and a single queue handoff (15.622735ms)
✔ stream bound rejects a lying or absent Content-Length before trusted metadata is stored (2.705155ms)
✔ built HTTP ingress authenticates raw bytes and durably deduplicates through PostgreSQL and queue (9313.469804ms)
ℹ tests 86
ℹ suites 0
ℹ pass 86
ℹ fail 0
ℹ cancelled 0
ℹ skipped 0
ℹ todo 0
ℹ duration_ms 50989.330256
$ node --test test/*.test.mjs
✔ custom element mounts, unmounts, and contains DOM, state and events (584.451116ms)
ℹ tests 1
ℹ suites 0
ℹ pass 1
ℹ fail 0
ℹ cancelled 0
ℹ skipped 0
ℹ todo 0
ℹ duration_ms 1122.718629
{"archivedArchitectureRef": "0f2c80a316228bd69fdd2ff272e967ff14647b2b", "archivedArchitectureVerified": true, "archivedV1_2Ref": "662a78cd27507d8a2f1eaa976f1c644c93edd1be", "archivedV1_2Sha256": {"docs/architecture/OPTION-A-APPROVED.md": "321f86f5823a0b73b6a6483c172e5d56a0172de442f38dc79ae337de51adf209", "docs/architecture/decision-ledger.md": "97ebb79ddc53000c53c46218ba8c83a5ba2279720ed07ff50809706b4f1a800a", "docs/architecture/implementation-plan.md": "8bb45ac9e2834bf047824a2e3dda4da7f76692bae685f6657da7b3ab03d0b145"}, "archivedV1_3Ref": "4209bb16a09cff95d5cbbc1bbcb082e8c1fa8899", "archivedV1_3Sha256": {"docs/architecture/decision-ledger.md": "d4297182b12978822dae124a040a0d47aafcdb7749f7ad8602f0626e964937e9", "docs/architecture/implementation-plan.md": "b730c0dc274af8180a9aae3290189a8fd61b6b92e06681d345fe5d9aab22c06d"}, "currentArchitectureSha256": {"docs/architecture/OPTION-A-APPROVED.md": "321f86f5823a0b73b6a6483c172e5d56a0172de442f38dc79ae337de51adf209", "docs/architecture/decision-ledger.md": "ed8390b3337ce179c5afc810f08cd012ed8ab55ba3ae4a8a67e08fd144ec8f96", "docs/architecture/implementation-plan.md": "c4425cf88b3ef4131f114d54ba367d8a285b340a2e3c1a2182b9172d313d0822"}, "currentArchitectureVersion": "1.4 + M5-017", "historicalMerge": "eaa386c90786e560d49f8311878c95d26cc3c7b8", "manifestSha256": "c2d017f70c4e781d174695c27b9a8c3295666c105af598d8caed6ce9a18160e8", "oldSourceCount": 41, "preM5_017Ref": "4bba14fb4415815557ffa5f1e600427a62128489", "preM5_017Sha256": {"docs/architecture/OPTION-A-APPROVED.md": "321f86f5823a0b73b6a6483c172e5d56a0172de442f38dc79ae337de51adf209", "docs/architecture/decision-ledger.md": "3d1e8fe50c948822ba3403facfc142402d4fc6631d8d667a2e3341ff6cdbd802", "docs/architecture/implementation-plan.md": "cd59fd361d69adc3f307ee9b88ba1f5509ffeefb68aea90a15f9b88757b4e792"}, "unchangedReceiptCount": 120}
{"draftProducts": 2, "hashedSetupReceipts": 14, "initialUnits": 272, "ownedFunctions": 2, "status": "PASS", "variants": 3}
48 required files hashed: .m1-artifacts/manifest.json
