runtime	Set up job	﻿2026-10-07T00:22:14.9257270Z Current runner version: '2.337.0'
runtime	Set up job	2026-10-07T00:22:14.9275106Z ##[group]Runner Image Provisioner
runtime	Set up job	2026-10-07T00:22:14.9275640Z Hosted Compute Agent
runtime	Set up job	2026-10-07T00:22:14.9276083Z Version: 20260901.588
runtime	Set up job	2026-10-07T00:22:14.9276451Z Commit: f88ec8081b781fac6c440065ac7ff9e710ce3d0b
runtime	Set up job	2026-10-07T00:22:14.9276963Z Build Date: 2026-09-01T19:56:44Z
runtime	Set up job	2026-10-07T00:22:14.9277350Z Worker ID: {1863948c-e2ea-4f08-b644-302a1d83cd36}
runtime	Set up job	2026-10-07T00:22:14.9277744Z Azure Region: centralus
runtime	Set up job	2026-10-07T00:22:14.9278129Z ##[endgroup]
runtime	Set up job	2026-10-07T00:22:14.9278982Z ##[group]Operating System
runtime	Set up job	2026-10-07T00:22:14.9279377Z Ubuntu
runtime	Set up job	2026-10-07T00:22:14.9279726Z 24.04.5
runtime	Set up job	2026-10-07T00:22:14.9280040Z LTS
runtime	Set up job	2026-10-07T00:22:14.9280378Z ##[endgroup]
runtime	Set up job	2026-10-07T00:22:14.9280698Z ##[group]Runner Image
runtime	Set up job	2026-10-07T00:22:14.9281137Z Image: ubuntu-24.04
runtime	Set up job	2026-10-07T00:22:14.9281479Z Version: 20260927.320.1
runtime	Set up job	2026-10-07T00:22:14.9282078Z Included Software: https://github.com/actions/runner-images/blob/ubuntu24/20260927.320/images/ubuntu/Ubuntu2404-Readme.md
runtime	Set up job	2026-10-07T00:22:14.9283072Z Image Release: https://github.com/actions/runner-images/releases/tag/ubuntu24%2F20260927.320
runtime	Set up job	2026-10-07T00:22:14.9283690Z ##[endgroup]
runtime	Set up job	2026-10-07T00:22:14.9284318Z ##[group]GITHUB_TOKEN Permissions
runtime	Set up job	2026-10-07T00:22:14.9285512Z Contents: read
runtime	Set up job	2026-10-07T00:22:14.9285861Z Metadata: read
runtime	Set up job	2026-10-07T00:22:14.9286186Z ##[endgroup]
runtime	Set up job	2026-10-07T00:22:14.9287516Z Secret source: Actions
runtime	Set up job	2026-10-07T00:22:14.9288054Z Cache mode: write
runtime	Set up job	2026-10-07T00:22:14.9288503Z Prepare workflow directory
runtime	Set up job	2026-10-07T00:22:14.9554249Z Prepare all required actions
runtime	Set up job	2026-10-07T00:22:14.9586616Z Getting action download info
runtime	Set up job	2026-10-07T00:22:15.1716483Z Download action repository 'actions/checkout@11bd71901bbe5b1630ceea73d27597364c9af683' (SHA:11bd71901bbe5b1630ceea73d27597364c9af683)
runtime	Set up job	2026-10-07T00:22:15.2777938Z Download action repository 'actions/setup-node@49933ea5288caeca8642d1e84afbd3f7d6820020' (SHA:49933ea5288caeca8642d1e84afbd3f7d6820020)
runtime	Set up job	2026-10-07T00:22:15.4559200Z Complete job name: runtime
runtime	Initialize containers	﻿2026-10-07T00:22:15.4891820Z ##[group]Checking docker version
runtime	Initialize containers	2026-10-07T00:22:15.4900126Z ##[command]/usr/bin/docker version --format '{{.Server.APIVersion}}'
runtime	Initialize containers	2026-10-07T00:22:15.5678477Z '1.48'
runtime	Initialize containers	2026-10-07T00:22:15.5693006Z Docker daemon API version: '1.48'
runtime	Initialize containers	2026-10-07T00:22:15.5693466Z ##[command]/usr/bin/docker version --format '{{.Client.APIVersion}}'
runtime	Initialize containers	2026-10-07T00:22:15.5823164Z '1.48'
runtime	Initialize containers	2026-10-07T00:22:15.5834948Z Docker client API version: '1.48'
runtime	Initialize containers	2026-10-07T00:22:15.5839025Z ##[endgroup]
runtime	Initialize containers	2026-10-07T00:22:15.5840536Z ##[group]Clean up resources from previous jobs
runtime	Initialize containers	2026-10-07T00:22:15.5844052Z ##[command]/usr/bin/docker ps --all --quiet --no-trunc --filter "label=94ae05"
runtime	Initialize containers	2026-10-07T00:22:15.5948196Z ##[command]/usr/bin/docker network prune --force --filter "label=94ae05"
runtime	Initialize containers	2026-10-07T00:22:15.6042261Z ##[endgroup]
runtime	Initialize containers	2026-10-07T00:22:15.6042558Z ##[group]Create local container network
runtime	Initialize containers	2026-10-07T00:22:15.6049165Z ##[command]/usr/bin/docker network create --label 94ae05 github_network_97e3c22ad9124982bb2f1496e4daa832
runtime	Initialize containers	2026-10-07T00:22:15.6437255Z 16b04b10dcaaf003edcff1600ee269704120c080449b08d93a0405b7b1339107
runtime	Initialize containers	2026-10-07T00:22:15.6452635Z ##[endgroup]
runtime	Initialize containers	2026-10-07T00:22:15.6470184Z ##[group]Starting postgres service container
runtime	Initialize containers	2026-10-07T00:22:15.6484465Z ##[command]/usr/bin/docker pull postgres:18
runtime	Initialize containers	2026-10-07T00:22:16.2919740Z 18: Pulling from library/postgres
runtime	Initialize containers	2026-10-07T00:22:16.4680686Z ecc510c1e359: Pulling fs layer
runtime	Initialize containers	2026-10-07T00:22:16.4683695Z 4a3cafbebf6d: Pulling fs layer
runtime	Initialize containers	2026-10-07T00:22:16.4684452Z 28ced28a309b: Pulling fs layer
runtime	Initialize containers	2026-10-07T00:22:16.4685134Z ab69e2551985: Pulling fs layer
runtime	Initialize containers	2026-10-07T00:22:16.4685824Z 1f04dfa92b9f: Pulling fs layer
runtime	Initialize containers	2026-10-07T00:22:16.4686502Z 5a487c9461a5: Pulling fs layer
runtime	Initialize containers	2026-10-07T00:22:16.4687177Z e0d4a6e58470: Pulling fs layer
runtime	Initialize containers	2026-10-07T00:22:16.4687785Z 496ce2ef5b2f: Pulling fs layer
runtime	Initialize containers	2026-10-07T00:22:16.4688491Z c8145e79cc2b: Pulling fs layer
runtime	Initialize containers	2026-10-07T00:22:16.4689300Z 06ea90d3bcc9: Pulling fs layer
runtime	Initialize containers	2026-10-07T00:22:16.4689962Z dc25540d793f: Pulling fs layer
runtime	Initialize containers	2026-10-07T00:22:16.4690624Z 7967f593457f: Pulling fs layer
runtime	Initialize containers	2026-10-07T00:22:16.4691587Z d23c975c4693: Pulling fs layer
runtime	Initialize containers	2026-10-07T00:22:16.4692248Z 1f04dfa92b9f: Waiting
runtime	Initialize containers	2026-10-07T00:22:16.4692854Z 5a487c9461a5: Waiting
runtime	Initialize containers	2026-10-07T00:22:16.4693422Z e0d4a6e58470: Waiting
runtime	Initialize containers	2026-10-07T00:22:16.4693965Z 496ce2ef5b2f: Waiting
runtime	Initialize containers	2026-10-07T00:22:16.4694559Z c8145e79cc2b: Waiting
runtime	Initialize containers	2026-10-07T00:22:16.4695152Z 06ea90d3bcc9: Waiting
runtime	Initialize containers	2026-10-07T00:22:16.4695672Z 7967f593457f: Waiting
runtime	Initialize containers	2026-10-07T00:22:16.4696250Z d23c975c4693: Waiting
runtime	Initialize containers	2026-10-07T00:22:16.4696885Z ab69e2551985: Waiting
runtime	Initialize containers	2026-10-07T00:22:16.6058903Z 4a3cafbebf6d: Verifying Checksum
runtime	Initialize containers	2026-10-07T00:22:16.6060416Z 4a3cafbebf6d: Download complete
runtime	Initialize containers	2026-10-07T00:22:16.7488485Z 28ced28a309b: Verifying Checksum
runtime	Initialize containers	2026-10-07T00:22:16.7490387Z 28ced28a309b: Download complete
runtime	Initialize containers	2026-10-07T00:22:16.7521125Z ecc510c1e359: Verifying Checksum
runtime	Initialize containers	2026-10-07T00:22:16.7522046Z ecc510c1e359: Download complete
runtime	Initialize containers	2026-10-07T00:22:16.8104503Z ab69e2551985: Verifying Checksum
runtime	Initialize containers	2026-10-07T00:22:16.8105599Z ab69e2551985: Download complete
runtime	Initialize containers	2026-10-07T00:22:16.9450223Z e0d4a6e58470: Download complete
runtime	Initialize containers	2026-10-07T00:22:16.9755940Z 5a487c9461a5: Verifying Checksum
runtime	Initialize containers	2026-10-07T00:22:16.9757265Z 5a487c9461a5: Download complete
runtime	Initialize containers	2026-10-07T00:22:17.0106229Z 1f04dfa92b9f: Verifying Checksum
runtime	Initialize containers	2026-10-07T00:22:17.0107266Z 1f04dfa92b9f: Download complete
runtime	Initialize containers	2026-10-07T00:22:17.0693293Z 496ce2ef5b2f: Verifying Checksum
runtime	Initialize containers	2026-10-07T00:22:17.0694777Z 496ce2ef5b2f: Download complete
runtime	Initialize containers	2026-10-07T00:22:17.1621782Z 06ea90d3bcc9: Download complete
runtime	Initialize containers	2026-10-07T00:22:17.2124223Z dc25540d793f: Verifying Checksum
runtime	Initialize containers	2026-10-07T00:22:17.2124591Z dc25540d793f: Download complete
runtime	Initialize containers	2026-10-07T00:22:17.2851023Z 7967f593457f: Verifying Checksum
runtime	Initialize containers	2026-10-07T00:22:17.2851439Z 7967f593457f: Download complete
runtime	Initialize containers	2026-10-07T00:22:17.3683553Z d23c975c4693: Verifying Checksum
runtime	Initialize containers	2026-10-07T00:22:17.3709571Z d23c975c4693: Download complete
runtime	Initialize containers	2026-10-07T00:22:17.4041274Z ecc510c1e359: Pull complete
runtime	Initialize containers	2026-10-07T00:22:17.6259377Z c8145e79cc2b: Verifying Checksum
runtime	Initialize containers	2026-10-07T00:22:17.6259861Z c8145e79cc2b: Download complete
runtime	Initialize containers	2026-10-07T00:22:18.6681769Z 4a3cafbebf6d: Pull complete
runtime	Initialize containers	2026-10-07T00:22:18.8493513Z 28ced28a309b: Pull complete
runtime	Initialize containers	2026-10-07T00:22:18.8989456Z ab69e2551985: Pull complete
runtime	Initialize containers	2026-10-07T00:22:19.2188136Z 1f04dfa92b9f: Pull complete
runtime	Initialize containers	2026-10-07T00:22:19.2865667Z 5a487c9461a5: Pull complete
runtime	Initialize containers	2026-10-07T00:22:19.2982462Z e0d4a6e58470: Pull complete
runtime	Initialize containers	2026-10-07T00:22:19.3043809Z 496ce2ef5b2f: Pull complete
runtime	Initialize containers	2026-10-07T00:22:22.6146858Z c8145e79cc2b: Pull complete
runtime	Initialize containers	2026-10-07T00:22:22.6266993Z 06ea90d3bcc9: Pull complete
runtime	Initialize containers	2026-10-07T00:22:22.6351520Z dc25540d793f: Pull complete
runtime	Initialize containers	2026-10-07T00:22:22.6411654Z 7967f593457f: Pull complete
runtime	Initialize containers	2026-10-07T00:22:22.6483695Z d23c975c4693: Pull complete
runtime	Initialize containers	2026-10-07T00:22:22.6513130Z Digest: sha256:fc973eb97c9fd04bfa1840e0f510719a584ccb3be8debfe6a4144637a9dfe8cf
runtime	Initialize containers	2026-10-07T00:22:22.6524923Z Status: Downloaded newer image for postgres:18
runtime	Initialize containers	2026-10-07T00:22:22.6530160Z docker.io/library/postgres:18
runtime	Initialize containers	2026-10-07T00:22:22.6581333Z ##[command]/usr/bin/docker create --name e0e61a96ec694a66963fee12fb8628a0_postgres18_de96e2 --label 94ae05 --network github_network_97e3c22ad9124982bb2f1496e4daa832 --network-alias postgres -p 5432:5432 --health-cmd "pg_isready -U insignia_test -d insignia_test" --health-interval 5s --health-timeout 5s --health-retries 10 -e "POSTGRES_USER=insignia_test" -e "POSTGRES_PASSWORD=insignia_test" -e "POSTGRES_DB=insignia_test" -e GITHUB_ACTIONS=true -e CI=true postgres:18
runtime	Initialize containers	2026-10-07T00:22:22.6802168Z 93bbbabcad61bf330ce7e4301fe8c35732c1b4eff3a96ccf362719fee59df984
runtime	Initialize containers	2026-10-07T00:22:22.6818228Z ##[command]/usr/bin/docker start 93bbbabcad61bf330ce7e4301fe8c35732c1b4eff3a96ccf362719fee59df984
runtime	Initialize containers	2026-10-07T00:22:22.8455864Z 93bbbabcad61bf330ce7e4301fe8c35732c1b4eff3a96ccf362719fee59df984
runtime	Initialize containers	2026-10-07T00:22:22.8472795Z ##[command]/usr/bin/docker ps --all --filter id=93bbbabcad61bf330ce7e4301fe8c35732c1b4eff3a96ccf362719fee59df984 --filter status=running --no-trunc --format "{{.ID}} {{.Status}}"
runtime	Initialize containers	2026-10-07T00:22:22.8570575Z 93bbbabcad61bf330ce7e4301fe8c35732c1b4eff3a96ccf362719fee59df984 Up Less than a second (health: starting)
runtime	Initialize containers	2026-10-07T00:22:22.8724161Z ##[command]/usr/bin/docker port 93bbbabcad61bf330ce7e4301fe8c35732c1b4eff3a96ccf362719fee59df984
runtime	Initialize containers	2026-10-07T00:22:22.8824474Z 5432/tcp -> 0.0.0.0:5432
runtime	Initialize containers	2026-10-07T00:22:22.8826602Z 5432/tcp -> [::]:5432
runtime	Initialize containers	2026-10-07T00:22:22.8866473Z ##[endgroup]
runtime	Initialize containers	2026-10-07T00:22:22.8872289Z ##[group]Waiting for all services to be ready
runtime	Initialize containers	2026-10-07T00:22:22.8881932Z ##[command]/usr/bin/docker inspect --format="{{if .Config.Healthcheck}}{{print .State.Health.Status}}{{end}}" 93bbbabcad61bf330ce7e4301fe8c35732c1b4eff3a96ccf362719fee59df984
runtime	Initialize containers	2026-10-07T00:22:22.8985950Z starting
runtime	Initialize containers	2026-10-07T00:22:22.9005997Z postgres service is starting, waiting 2 seconds before checking again.
runtime	Initialize containers	2026-10-07T00:22:24.9006163Z ##[command]/usr/bin/docker inspect --format="{{if .Config.Healthcheck}}{{print .State.Health.Status}}{{end}}" 93bbbabcad61bf330ce7e4301fe8c35732c1b4eff3a96ccf362719fee59df984
runtime	Initialize containers	2026-10-07T00:22:24.9095037Z starting
runtime	Initialize containers	2026-10-07T00:22:24.9105806Z postgres service is starting, waiting 4 seconds before checking again.
runtime	Initialize containers	2026-10-07T00:22:28.9132314Z ##[command]/usr/bin/docker inspect --format="{{if .Config.Healthcheck}}{{print .State.Health.Status}}{{end}}" 93bbbabcad61bf330ce7e4301fe8c35732c1b4eff3a96ccf362719fee59df984
runtime	Initialize containers	2026-10-07T00:22:28.9233259Z healthy
runtime	Initialize containers	2026-10-07T00:22:28.9245649Z postgres service is healthy.
runtime	Initialize containers	2026-10-07T00:22:28.9245895Z ##[endgroup]
runtime	Run actions/checkout@11bd71901bbe5b1630ceea73d27597364c9af683	﻿2026-10-07T00:22:28.9415580Z ##[group]Run actions/checkout@11bd71901bbe5b1630ceea73d27597364c9af683
runtime	Run actions/checkout@11bd71901bbe5b1630ceea73d27597364c9af683	2026-10-07T00:22:28.9415877Z with:
runtime	Run actions/checkout@11bd71901bbe5b1630ceea73d27597364c9af683	2026-10-07T00:22:28.9415986Z   fetch-depth: 0
runtime	Run actions/checkout@11bd71901bbe5b1630ceea73d27597364c9af683	2026-10-07T00:22:28.9416104Z   repository: Optidigi/insignia
runtime	Run actions/checkout@11bd71901bbe5b1630ceea73d27597364c9af683	2026-10-07T00:22:28.9417419Z   token: ***
runtime	Run actions/checkout@11bd71901bbe5b1630ceea73d27597364c9af683	2026-10-07T00:22:28.9417526Z   ssh-strict: true
runtime	Run actions/checkout@11bd71901bbe5b1630ceea73d27597364c9af683	2026-10-07T00:22:28.9417632Z   ssh-user: git
runtime	Run actions/checkout@11bd71901bbe5b1630ceea73d27597364c9af683	2026-10-07T00:22:28.9417750Z   persist-credentials: true
runtime	Run actions/checkout@11bd71901bbe5b1630ceea73d27597364c9af683	2026-10-07T00:22:28.9417876Z   clean: true
runtime	Run actions/checkout@11bd71901bbe5b1630ceea73d27597364c9af683	2026-10-07T00:22:28.9417991Z   sparse-checkout-cone-mode: true
runtime	Run actions/checkout@11bd71901bbe5b1630ceea73d27597364c9af683	2026-10-07T00:22:28.9418124Z   fetch-tags: false
runtime	Run actions/checkout@11bd71901bbe5b1630ceea73d27597364c9af683	2026-10-07T00:22:28.9418243Z   show-progress: true
runtime	Run actions/checkout@11bd71901bbe5b1630ceea73d27597364c9af683	2026-10-07T00:22:28.9418352Z   lfs: false
runtime	Run actions/checkout@11bd71901bbe5b1630ceea73d27597364c9af683	2026-10-07T00:22:28.9418451Z   submodules: false
runtime	Run actions/checkout@11bd71901bbe5b1630ceea73d27597364c9af683	2026-10-07T00:22:28.9418563Z   set-safe-directory: true
runtime	Run actions/checkout@11bd71901bbe5b1630ceea73d27597364c9af683	2026-10-07T00:22:28.9418868Z env:
runtime	Run actions/checkout@11bd71901bbe5b1630ceea73d27597364c9af683	2026-10-07T00:22:28.9419129Z   DATABASE_URL: ***localhost:5432/insignia_test?sslmode=disable
runtime	Run actions/checkout@11bd71901bbe5b1630ceea73d27597364c9af683	2026-10-07T00:22:28.9419312Z   INSIGNIA_REQUIRE_POSTGRES_TEST: 1
runtime	Run actions/checkout@11bd71901bbe5b1630ceea73d27597364c9af683	2026-10-07T00:22:28.9419447Z ##[endgroup]
runtime	Run actions/checkout@11bd71901bbe5b1630ceea73d27597364c9af683	2026-10-07T00:22:29.0037534Z Syncing repository: Optidigi/insignia
runtime	Run actions/checkout@11bd71901bbe5b1630ceea73d27597364c9af683	2026-10-07T00:22:29.0038837Z ##[group]Getting Git version info
runtime	Run actions/checkout@11bd71901bbe5b1630ceea73d27597364c9af683	2026-10-07T00:22:29.0039148Z Working directory is '/home/runner/work/insignia/insignia'
runtime	Run actions/checkout@11bd71901bbe5b1630ceea73d27597364c9af683	2026-10-07T00:22:29.0039582Z [command]/usr/bin/git version
runtime	Run actions/checkout@11bd71901bbe5b1630ceea73d27597364c9af683	2026-10-07T00:22:29.0092759Z git version 2.55.0
runtime	Run actions/checkout@11bd71901bbe5b1630ceea73d27597364c9af683	2026-10-07T00:22:29.0104984Z ##[endgroup]
runtime	Run actions/checkout@11bd71901bbe5b1630ceea73d27597364c9af683	2026-10-07T00:22:29.0114901Z Temporarily overriding HOME='/home/runner/work/_temp/8664d017-7ec1-4c5a-b189-a2c8b610f86b' before making global git config changes
runtime	Run actions/checkout@11bd71901bbe5b1630ceea73d27597364c9af683	2026-10-07T00:22:29.0115676Z Adding repository directory to the temporary git global config as a safe directory
runtime	Run actions/checkout@11bd71901bbe5b1630ceea73d27597364c9af683	2026-10-07T00:22:29.0118353Z [command]/usr/bin/git config --global --add safe.directory /home/runner/work/insignia/insignia
runtime	Run actions/checkout@11bd71901bbe5b1630ceea73d27597364c9af683	2026-10-07T00:22:29.0167782Z Deleting the contents of '/home/runner/work/insignia/insignia'
runtime	Run actions/checkout@11bd71901bbe5b1630ceea73d27597364c9af683	2026-10-07T00:22:29.0170156Z ##[group]Initializing the repository
runtime	Run actions/checkout@11bd71901bbe5b1630ceea73d27597364c9af683	2026-10-07T00:22:29.0173209Z [command]/usr/bin/git init /home/runner/work/insignia/insignia
runtime	Run actions/checkout@11bd71901bbe5b1630ceea73d27597364c9af683	2026-10-07T00:22:29.0269876Z hint: Using 'master' as the name for the initial branch. This default branch name
runtime	Run actions/checkout@11bd71901bbe5b1630ceea73d27597364c9af683	2026-10-07T00:22:29.0270275Z hint: will change to "main" in Git 3.0. To configure the initial branch name
runtime	Run actions/checkout@11bd71901bbe5b1630ceea73d27597364c9af683	2026-10-07T00:22:29.0270683Z hint: to use in all of your new repositories, which will suppress this warning,
runtime	Run actions/checkout@11bd71901bbe5b1630ceea73d27597364c9af683	2026-10-07T00:22:29.0270975Z hint: call:
runtime	Run actions/checkout@11bd71901bbe5b1630ceea73d27597364c9af683	2026-10-07T00:22:29.0271080Z hint:
runtime	Run actions/checkout@11bd71901bbe5b1630ceea73d27597364c9af683	2026-10-07T00:22:29.0271286Z hint: 	git config --global init.defaultBranch <name>
runtime	Run actions/checkout@11bd71901bbe5b1630ceea73d27597364c9af683	2026-10-07T00:22:29.0271464Z hint:
runtime	Run actions/checkout@11bd71901bbe5b1630ceea73d27597364c9af683	2026-10-07T00:22:29.0271618Z hint: Names commonly chosen instead of 'master' are 'main', 'trunk' and
runtime	Run actions/checkout@11bd71901bbe5b1630ceea73d27597364c9af683	2026-10-07T00:22:29.0272081Z hint: 'development'. The just-created branch can be renamed via this command:
runtime	Run actions/checkout@11bd71901bbe5b1630ceea73d27597364c9af683	2026-10-07T00:22:29.0272333Z hint:
runtime	Run actions/checkout@11bd71901bbe5b1630ceea73d27597364c9af683	2026-10-07T00:22:29.0272510Z hint: 	git branch -m <name>
runtime	Run actions/checkout@11bd71901bbe5b1630ceea73d27597364c9af683	2026-10-07T00:22:29.0272696Z hint:
runtime	Run actions/checkout@11bd71901bbe5b1630ceea73d27597364c9af683	2026-10-07T00:22:29.0272952Z hint: Disable this message with "git config set advice.defaultBranchName false"
runtime	Run actions/checkout@11bd71901bbe5b1630ceea73d27597364c9af683	2026-10-07T00:22:29.0274654Z Initialized empty Git repository in /home/runner/work/insignia/insignia/.git/
runtime	Run actions/checkout@11bd71901bbe5b1630ceea73d27597364c9af683	2026-10-07T00:22:29.0282000Z [command]/usr/bin/git remote add origin https://github.com/Optidigi/insignia
runtime	Run actions/checkout@11bd71901bbe5b1630ceea73d27597364c9af683	2026-10-07T00:22:29.0321622Z ##[endgroup]
runtime	Run actions/checkout@11bd71901bbe5b1630ceea73d27597364c9af683	2026-10-07T00:22:29.0321988Z ##[group]Disabling automatic garbage collection
runtime	Run actions/checkout@11bd71901bbe5b1630ceea73d27597364c9af683	2026-10-07T00:22:29.0324095Z [command]/usr/bin/git config --local gc.auto 0
runtime	Run actions/checkout@11bd71901bbe5b1630ceea73d27597364c9af683	2026-10-07T00:22:29.0348414Z ##[endgroup]
runtime	Run actions/checkout@11bd71901bbe5b1630ceea73d27597364c9af683	2026-10-07T00:22:29.0349978Z ##[group]Setting up auth
runtime	Run actions/checkout@11bd71901bbe5b1630ceea73d27597364c9af683	2026-10-07T00:22:29.0353738Z [command]/usr/bin/git config --local --name-only --get-regexp core\.sshCommand
runtime	Run actions/checkout@11bd71901bbe5b1630ceea73d27597364c9af683	2026-10-07T00:22:29.0386074Z [command]/usr/bin/git submodule foreach --recursive sh -c "git config --local --name-only --get-regexp 'core\.sshCommand' && git config --local --unset-all 'core.sshCommand' || :"
runtime	Run actions/checkout@11bd71901bbe5b1630ceea73d27597364c9af683	2026-10-07T00:22:29.0687879Z [command]/usr/bin/git config --local --name-only --get-regexp http\.https\:\/\/github\.com\/\.extraheader
runtime	Run actions/checkout@11bd71901bbe5b1630ceea73d27597364c9af683	2026-10-07T00:22:29.0716703Z [command]/usr/bin/git submodule foreach --recursive sh -c "git config --local --name-only --get-regexp 'http\.https\:\/\/github\.com\/\.extraheader' && git config --local --unset-all 'http.https://github.com/.extraheader' || :"
runtime	Run actions/checkout@11bd71901bbe5b1630ceea73d27597364c9af683	2026-10-07T00:22:29.0886441Z [command]/usr/bin/git config --local http.https://github.com/.extraheader AUTHORIZATION: basic ***
runtime	Run actions/checkout@11bd71901bbe5b1630ceea73d27597364c9af683	2026-10-07T00:22:29.0919377Z ##[endgroup]
runtime	Run actions/checkout@11bd71901bbe5b1630ceea73d27597364c9af683	2026-10-07T00:22:29.0919626Z ##[group]Fetching the repository
runtime	Run actions/checkout@11bd71901bbe5b1630ceea73d27597364c9af683	2026-10-07T00:22:29.0925853Z [command]/usr/bin/git -c protocol.version=2 fetch --prune --no-recurse-submodules origin +refs/heads/*:refs/remotes/origin/* +refs/tags/*:refs/tags/* +c4796e4568ae99c3381edc271df4417b1280cbf8:refs/remotes/pull/47/merge
runtime	Run actions/checkout@11bd71901bbe5b1630ceea73d27597364c9af683	2026-10-07T00:22:30.1936761Z From https://github.com/Optidigi/insignia
runtime	Run actions/checkout@11bd71901bbe5b1630ceea73d27597364c9af683	2026-10-07T00:22:30.1937526Z  * [new branch]      continuation/public-app-auth-provider    -> origin/continuation/public-app-auth-provider
runtime	Run actions/checkout@11bd71901bbe5b1630ceea73d27597364c9af683	2026-10-07T00:22:30.1938212Z  * [new branch]      docs/pf-001r-preflight-bootstrap         -> origin/docs/pf-001r-preflight-bootstrap
runtime	Run actions/checkout@11bd71901bbe5b1630ceea73d27597364c9af683	2026-10-07T00:22:30.1938922Z  * [new branch]      docs/pf-002-readiness-closure            -> origin/docs/pf-002-readiness-closure
runtime	Run actions/checkout@11bd71901bbe5b1630ceea73d27597364c9af683	2026-10-07T00:22:30.1939509Z  * [new branch]      feat/m1-001-foundation                   -> origin/feat/m1-001-foundation
runtime	Run actions/checkout@11bd71901bbe5b1630ceea73d27597364c9af683	2026-10-07T00:22:30.1940004Z  * [new branch]      feat/m2-001-domain-pricing               -> origin/feat/m2-001-domain-pricing
runtime	Run actions/checkout@11bd71901bbe5b1630ceea73d27597364c9af683	2026-10-07T00:22:30.1940520Z  * [new branch]      feat/m3-001-postgres-durable             -> origin/feat/m3-001-postgres-durable
runtime	Run actions/checkout@11bd71901bbe5b1630ceea73d27597364c9af683	2026-10-07T00:22:30.1941023Z  * [new branch]      feat/m3-002-runtime                      -> origin/feat/m3-002-runtime
runtime	Run actions/checkout@11bd71901bbe5b1630ceea73d27597364c9af683	2026-10-07T00:22:30.1941516Z  * [new branch]      feat/m4-001-context-entitlement          -> origin/feat/m4-001-context-entitlement
runtime	Run actions/checkout@11bd71901bbe5b1630ceea73d27597364c9af683	2026-10-07T00:22:30.1942034Z  * [new branch]      feat/m4-002-accepted-quote               -> origin/feat/m4-002-accepted-quote
runtime	Run actions/checkout@11bd71901bbe5b1630ceea73d27597364c9af683	2026-10-07T00:22:30.1942560Z  * [new branch]      feat/m4-003-keys-publication             -> origin/feat/m4-003-keys-publication
runtime	Run actions/checkout@11bd71901bbe5b1630ceea73d27597364c9af683	2026-10-07T00:22:30.1943165Z  * [new branch]      feat/m5-001-admin-visualizer-publication -> origin/feat/m5-001-admin-visualizer-publication
runtime	Run actions/checkout@11bd71901bbe5b1630ceea73d27597364c9af683	2026-10-07T00:22:30.1943856Z  * [new branch]      feat/m5-002-embedded-g7-artifact-attestation -> origin/feat/m5-002-embedded-g7-artifact-attestation
runtime	Run actions/checkout@11bd71901bbe5b1630ceea73d27597364c9af683	2026-10-07T00:22:30.1944526Z  * [new branch]      feat/m5-003-activation-admission         -> origin/feat/m5-003-activation-admission
runtime	Run actions/checkout@11bd71901bbe5b1630ceea73d27597364c9af683	2026-10-07T00:22:30.1947834Z  * [new branch]      feat/m5-004-availability-qualification   -> origin/feat/m5-004-availability-qualification
runtime	Run actions/checkout@11bd71901bbe5b1630ceea73d27597364c9af683	2026-10-07T00:22:30.1948457Z  * [new branch]      feat/m5-005-scope-provenance             -> origin/feat/m5-005-scope-provenance
runtime	Run actions/checkout@11bd71901bbe5b1630ceea73d27597364c9af683	2026-10-07T00:22:30.1949520Z  * [new branch]      feat/m5-006-released-configuration-checkpoint -> origin/feat/m5-006-released-configuration-checkpoint
runtime	Run actions/checkout@11bd71901bbe5b1630ceea73d27597364c9af683	2026-10-07T00:22:30.1950191Z  * [new branch]      feat/m5-007-readonly-configuration-capture -> origin/feat/m5-007-readonly-configuration-capture
runtime	Run actions/checkout@11bd71901bbe5b1630ceea73d27597364c9af683	2026-10-07T00:22:30.1950763Z  * [new branch]      feat/m5-007r-cli-launch-boundary         -> origin/feat/m5-007r-cli-launch-boundary
runtime	Run actions/checkout@11bd71901bbe5b1630ceea73d27597364c9af683	2026-10-07T00:22:30.1951323Z  * [new branch]      feat/m5-007r4-config-capture             -> origin/feat/m5-007r4-config-capture
runtime	Run actions/checkout@11bd71901bbe5b1630ceea73d27597364c9af683	2026-10-07T00:22:30.1951805Z  * [new branch]      feat/m5-008-product-access               -> origin/feat/m5-008-product-access
runtime	Run actions/checkout@11bd71901bbe5b1630ceea73d27597364c9af683	2026-10-07T00:22:30.1952359Z  * [new branch]      feat/m5-008r-combined-release            -> origin/feat/m5-008r-combined-release
runtime	Run actions/checkout@11bd71901bbe5b1630ceea73d27597364c9af683	2026-10-07T00:22:30.1953027Z  * [new branch]      feat/m5-008s-optional-product-grant      -> origin/feat/m5-008s-optional-product-grant
runtime	Run actions/checkout@11bd71901bbe5b1630ceea73d27597364c9af683	2026-10-07T00:22:30.1953649Z  * [new branch]      feat/m5-009-availability-qualification   -> origin/feat/m5-009-availability-qualification
runtime	Run actions/checkout@11bd71901bbe5b1630ceea73d27597364c9af683	2026-10-07T00:22:30.1954263Z  * [new branch]      feat/m5-010-publication-read-qualification -> origin/feat/m5-010-publication-read-qualification
runtime	Run actions/checkout@11bd71901bbe5b1630ceea73d27597364c9af683	2026-10-07T00:22:30.1954865Z  * [new branch]      feat/m5-011-published-state-adjudication -> origin/feat/m5-011-published-state-adjudication
runtime	Run actions/checkout@11bd71901bbe5b1630ceea73d27597364c9af683	2026-10-07T00:22:30.1955438Z  * [new branch]      feat/m5-012-publication-intent-cleanup   -> origin/feat/m5-012-publication-intent-cleanup
runtime	Run actions/checkout@11bd71901bbe5b1630ceea73d27597364c9af683	2026-10-07T00:22:30.1956161Z  * [new branch]      feat/m5-013-disposable-cleanup           -> origin/feat/m5-013-disposable-cleanup
runtime	Run actions/checkout@11bd71901bbe5b1630ceea73d27597364c9af683	2026-10-07T00:22:30.1956689Z  * [new branch]      feat/m5-014-availability-hold-v2         -> origin/feat/m5-014-availability-hold-v2
runtime	Run actions/checkout@11bd71901bbe5b1630ceea73d27597364c9af683	2026-10-07T00:22:30.1957283Z  * [new branch]      feat/m5-015-live-v2-qualification        -> origin/feat/m5-015-live-v2-qualification
runtime	Run actions/checkout@11bd71901bbe5b1630ceea73d27597364c9af683	2026-10-07T00:22:30.1957818Z  * [new branch]      feat/m5-015r-live-v2-qualification       -> origin/feat/m5-015r-live-v2-qualification
runtime	Run actions/checkout@11bd71901bbe5b1630ceea73d27597364c9af683	2026-10-07T00:22:30.1958351Z  * [new branch]      feat/m5-016-publication-coverage         -> origin/feat/m5-016-publication-coverage
runtime	Run actions/checkout@11bd71901bbe5b1630ceea73d27597364c9af683	2026-10-07T00:22:30.1958931Z  * [new branch]      main                                     -> origin/main
runtime	Run actions/checkout@11bd71901bbe5b1630ceea73d27597364c9af683	2026-10-07T00:22:30.1959334Z  * [new branch]      setup/new-public-app                     -> origin/setup/new-public-app
runtime	Run actions/checkout@11bd71901bbe5b1630ceea73d27597364c9af683	2026-10-07T00:22:30.1959790Z  * [new branch]      spike/m0-001-same-variant                -> origin/spike/m0-001-same-variant
runtime	Run actions/checkout@11bd71901bbe5b1630ceea73d27597364c9af683	2026-10-07T00:22:30.1960294Z  * [new branch]      spike/m0-002-real-lifecycle              -> origin/spike/m0-002-real-lifecycle
runtime	Run actions/checkout@11bd71901bbe5b1630ceea73d27597364c9af683	2026-10-07T00:22:30.1960980Z  * [new branch]      spike/m0-003-fulfillment-diagnosis       -> origin/spike/m0-003-fulfillment-diagnosis
runtime	Run actions/checkout@11bd71901bbe5b1630ceea73d27597364c9af683	2026-10-07T00:22:30.1961501Z  * [new branch]      spike/m0-003r-native-outcome             -> origin/spike/m0-003r-native-outcome
runtime	Run actions/checkout@11bd71901bbe5b1630ceea73d27597364c9af683	2026-10-07T00:22:30.1962007Z  * [new branch]      spike/m0-004-local-authorization         -> origin/spike/m0-004-local-authorization
runtime	Run actions/checkout@11bd71901bbe5b1630ceea73d27597364c9af683	2026-10-07T00:22:30.1962513Z  * [new branch]      spike/m0-005-whole-quote                 -> origin/spike/m0-005-whole-quote
runtime	Run actions/checkout@11bd71901bbe5b1630ceea73d27597364c9af683	2026-10-07T00:22:30.1962977Z  * [new branch]      spike/m0-006-live-carrier                -> origin/spike/m0-006-live-carrier
runtime	Run actions/checkout@11bd71901bbe5b1630ceea73d27597364c9af683	2026-10-07T00:22:30.1963465Z  * [new branch]      spike/m0-007-policy-boundary             -> origin/spike/m0-007-policy-boundary
runtime	Run actions/checkout@11bd71901bbe5b1630ceea73d27597364c9af683	2026-10-07T00:22:30.1963944Z  * [new branch]      spike/m0-008-publication-recovery        -> origin/spike/m0-008-publication-recovery
runtime	Run actions/checkout@11bd71901bbe5b1630ceea73d27597364c9af683	2026-10-07T00:22:30.1964290Z  * [new branch]      spike/m0-009-embedded-admin              -> origin/spike/m0-009-embedded-admin
runtime	Run actions/checkout@11bd71901bbe5b1630ceea73d27597364c9af683	2026-10-07T00:22:30.1964615Z  * [new branch]      spike/m0-010-hybrid-billing              -> origin/spike/m0-010-hybrid-billing
runtime	Run actions/checkout@11bd71901bbe5b1630ceea73d27597364c9af683	2026-10-07T00:22:30.1964979Z  * [new branch]      spike/m0-011-provider-transport          -> origin/spike/m0-011-provider-transport
runtime	Run actions/checkout@11bd71901bbe5b1630ceea73d27597364c9af683	2026-10-07T00:22:30.1965319Z  * [new branch]      spike/m0-012-real-contract               -> origin/spike/m0-012-real-contract
runtime	Run actions/checkout@11bd71901bbe5b1630ceea73d27597364c9af683	2026-10-07T00:22:30.1965763Z  * [new branch]      spike/m0-013-protocol-capacity           -> origin/spike/m0-013-protocol-capacity
runtime	Run actions/checkout@11bd71901bbe5b1630ceea73d27597364c9af683	2026-10-07T00:22:30.1966111Z  * [new branch]      spike/m0-014-public-app-checkout         -> origin/spike/m0-014-public-app-checkout
runtime	Run actions/checkout@11bd71901bbe5b1630ceea73d27597364c9af683	2026-10-07T00:22:30.1966418Z  * [new ref]         c4796e4568ae99c3381edc271df4417b1280cbf8 -> pull/47/merge
runtime	Run actions/checkout@11bd71901bbe5b1630ceea73d27597364c9af683	2026-10-07T00:22:30.1967315Z ##[endgroup]
runtime	Run actions/checkout@11bd71901bbe5b1630ceea73d27597364c9af683	2026-10-07T00:22:30.1967519Z ##[group]Determining the checkout info
runtime	Run actions/checkout@11bd71901bbe5b1630ceea73d27597364c9af683	2026-10-07T00:22:30.1967743Z ##[endgroup]
runtime	Run actions/checkout@11bd71901bbe5b1630ceea73d27597364c9af683	2026-10-07T00:22:30.1967877Z [command]/usr/bin/git sparse-checkout disable
runtime	Run actions/checkout@11bd71901bbe5b1630ceea73d27597364c9af683	2026-10-07T00:22:30.2005842Z [command]/usr/bin/git config --local --unset-all extensions.worktreeConfig
runtime	Run actions/checkout@11bd71901bbe5b1630ceea73d27597364c9af683	2026-10-07T00:22:30.2032013Z ##[group]Checking out the ref
runtime	Run actions/checkout@11bd71901bbe5b1630ceea73d27597364c9af683	2026-10-07T00:22:30.2035387Z [command]/usr/bin/git checkout --progress --force refs/remotes/pull/47/merge
runtime	Run actions/checkout@11bd71901bbe5b1630ceea73d27597364c9af683	2026-10-07T00:22:30.3427739Z Note: switching to 'refs/remotes/pull/47/merge'.
runtime	Run actions/checkout@11bd71901bbe5b1630ceea73d27597364c9af683	2026-10-07T00:22:30.3428058Z
runtime	Run actions/checkout@11bd71901bbe5b1630ceea73d27597364c9af683	2026-10-07T00:22:30.3428285Z You are in 'detached HEAD' state. You can look around, make experimental
runtime	Run actions/checkout@11bd71901bbe5b1630ceea73d27597364c9af683	2026-10-07T00:22:30.3428668Z changes and commit them, and you can discard any commits you make in this
runtime	Run actions/checkout@11bd71901bbe5b1630ceea73d27597364c9af683	2026-10-07T00:22:30.3429197Z state without impacting any branches by switching back to a branch.
runtime	Run actions/checkout@11bd71901bbe5b1630ceea73d27597364c9af683	2026-10-07T00:22:30.3429420Z
runtime	Run actions/checkout@11bd71901bbe5b1630ceea73d27597364c9af683	2026-10-07T00:22:30.3429571Z If you want to create a new branch to retain commits you create, you may
runtime	Run actions/checkout@11bd71901bbe5b1630ceea73d27597364c9af683	2026-10-07T00:22:30.3429930Z do so (now or later) by using -c with the switch command. Example:
runtime	Run actions/checkout@11bd71901bbe5b1630ceea73d27597364c9af683	2026-10-07T00:22:30.3430357Z
runtime	Run actions/checkout@11bd71901bbe5b1630ceea73d27597364c9af683	2026-10-07T00:22:30.3430440Z   git switch -c <new-branch-name>
runtime	Run actions/checkout@11bd71901bbe5b1630ceea73d27597364c9af683	2026-10-07T00:22:30.3430574Z
runtime	Run actions/checkout@11bd71901bbe5b1630ceea73d27597364c9af683	2026-10-07T00:22:30.3430658Z Or undo this operation with:
runtime	Run actions/checkout@11bd71901bbe5b1630ceea73d27597364c9af683	2026-10-07T00:22:30.3430825Z
runtime	Run actions/checkout@11bd71901bbe5b1630ceea73d27597364c9af683	2026-10-07T00:22:30.3430897Z   git switch -
runtime	Run actions/checkout@11bd71901bbe5b1630ceea73d27597364c9af683	2026-10-07T00:22:30.3430997Z
runtime	Run actions/checkout@11bd71901bbe5b1630ceea73d27597364c9af683	2026-10-07T00:22:30.3431165Z Turn off this advice by setting config variable advice.detachedHead to false
runtime	Run actions/checkout@11bd71901bbe5b1630ceea73d27597364c9af683	2026-10-07T00:22:30.3431406Z
runtime	Run actions/checkout@11bd71901bbe5b1630ceea73d27597364c9af683	2026-10-07T00:22:30.3431659Z HEAD is now at c4796e4 Merge 3f8a189f6ae73e3447f6d99db438305e1cd79b07 into d0efd626222047a2047573f678b019cd7b1802a9
runtime	Run actions/checkout@11bd71901bbe5b1630ceea73d27597364c9af683	2026-10-07T00:22:30.3451596Z ##[endgroup]
runtime	Run actions/checkout@11bd71901bbe5b1630ceea73d27597364c9af683	2026-10-07T00:22:30.3489990Z [command]/usr/bin/git log -1 --format=%H
runtime	Run actions/checkout@11bd71901bbe5b1630ceea73d27597364c9af683	2026-10-07T00:22:30.3514335Z c4796e4568ae99c3381edc271df4417b1280cbf8
runtime	Run actions/setup-node@49933ea5288caeca8642d1e84afbd3f7d6820020	﻿2026-10-07T00:22:30.3685479Z ##[group]Run actions/setup-node@49933ea5288caeca8642d1e84afbd3f7d6820020
runtime	Run actions/setup-node@49933ea5288caeca8642d1e84afbd3f7d6820020	2026-10-07T00:22:30.3685694Z with:
runtime	Run actions/setup-node@49933ea5288caeca8642d1e84afbd3f7d6820020	2026-10-07T00:22:30.3685803Z   node-version: 24.21.0
runtime	Run actions/setup-node@49933ea5288caeca8642d1e84afbd3f7d6820020	2026-10-07T00:22:30.3685923Z   always-auth: false
runtime	Run actions/setup-node@49933ea5288caeca8642d1e84afbd3f7d6820020	2026-10-07T00:22:30.3686037Z   check-latest: false
runtime	Run actions/setup-node@49933ea5288caeca8642d1e84afbd3f7d6820020	2026-10-07T00:22:30.3687295Z   token: ***
runtime	Run actions/setup-node@49933ea5288caeca8642d1e84afbd3f7d6820020	2026-10-07T00:22:30.3687401Z env:
runtime	Run actions/setup-node@49933ea5288caeca8642d1e84afbd3f7d6820020	2026-10-07T00:22:30.3687649Z   DATABASE_URL: ***localhost:5432/insignia_test?sslmode=disable
runtime	Run actions/setup-node@49933ea5288caeca8642d1e84afbd3f7d6820020	2026-10-07T00:22:30.3687841Z   INSIGNIA_REQUIRE_POSTGRES_TEST: 1
runtime	Run actions/setup-node@49933ea5288caeca8642d1e84afbd3f7d6820020	2026-10-07T00:22:30.3687978Z ##[endgroup]
runtime	Run actions/setup-node@49933ea5288caeca8642d1e84afbd3f7d6820020	2026-10-07T00:22:30.4497734Z Found in cache @ /opt/hostedtoolcache/node/24.21.0/x64
runtime	Run actions/setup-node@49933ea5288caeca8642d1e84afbd3f7d6820020	2026-10-07T00:22:30.4500586Z (node:2479) [DEP0040] DeprecationWarning: The `punycode` module is deprecated. Please use a userland alternative instead.
runtime	Run actions/setup-node@49933ea5288caeca8642d1e84afbd3f7d6820020	2026-10-07T00:22:30.4501044Z (Use `node --trace-deprecation ...` to show where the warning was created)
runtime	Run actions/setup-node@49933ea5288caeca8642d1e84afbd3f7d6820020	2026-10-07T00:22:30.4502349Z ##[group]Environment details
runtime	Run actions/setup-node@49933ea5288caeca8642d1e84afbd3f7d6820020	2026-10-07T00:22:30.7401752Z node: v24.21.0
runtime	Run actions/setup-node@49933ea5288caeca8642d1e84afbd3f7d6820020	2026-10-07T00:22:30.7401964Z npm: 11.19.0
runtime	Run actions/setup-node@49933ea5288caeca8642d1e84afbd3f7d6820020	2026-10-07T00:22:30.7402162Z yarn: 1.22.22
runtime	Run actions/setup-node@49933ea5288caeca8642d1e84afbd3f7d6820020	2026-10-07T00:22:30.7402829Z ##[endgroup]
runtime	Run corepack pnpm install --frozen-lockfile	﻿2026-10-07T00:22:30.7508612Z ##[group]Run corepack pnpm install --frozen-lockfile
runtime	Run corepack pnpm install --frozen-lockfile	2026-10-07T00:22:30.7509114Z ^[[36;1mcorepack pnpm install --frozen-lockfile^[[0m
runtime	Run corepack pnpm install --frozen-lockfile	2026-10-07T00:22:30.7681219Z shell: /usr/bin/bash -e {0}
runtime	Run corepack pnpm install --frozen-lockfile	2026-10-07T00:22:30.7681372Z env:
runtime	Run corepack pnpm install --frozen-lockfile	2026-10-07T00:22:30.7681745Z   DATABASE_URL: ***localhost:5432/insignia_test?sslmode=disable
runtime	Run corepack pnpm install --frozen-lockfile	2026-10-07T00:22:30.7681937Z   INSIGNIA_REQUIRE_POSTGRES_TEST: 1
runtime	Run corepack pnpm install --frozen-lockfile	2026-10-07T00:22:30.7682084Z ##[endgroup]
runtime	Run corepack pnpm install --frozen-lockfile	2026-10-07T00:22:31.1987883Z Downloading the pnpm 12.6.0 binary for linux-x64...
runtime	Run corepack pnpm install --frozen-lockfile	2026-10-07T00:22:31.8510733Z Scope: all 12 workspace projects
runtime	Run corepack pnpm install --frozen-lockfile	2026-10-07T00:22:31.8729211Z ? Verifying lockfile against supply-chain policies (596 entries)...
runtime	Run corepack pnpm install --frozen-lockfile	2026-10-07T00:22:32.0579760Z Packages are hard linked from the content-addressable store to the virtual store.
runtime	Run corepack pnpm install --frozen-lockfile	2026-10-07T00:22:32.0580698Z   Content-addressable store is at: /home/runner/.local/share/pnpm/store/v11
runtime	Run corepack pnpm install --frozen-lockfile	2026-10-07T00:22:32.0581412Z   Virtual store is at:             node_modules/.pnpm
runtime	Run corepack pnpm install --frozen-lockfile	2026-10-07T00:22:32.6331647Z Downloading @img/sharp-libvips-linux-x64@1.3.3: 0.00 B/8.17 MB
runtime	Run corepack pnpm install --frozen-lockfile	2026-10-07T00:22:32.6456794Z Downloading @rolldown/binding-linux-x64-gnu@1.2.11: 0.00 B/7.94 MB
runtime	Run corepack pnpm install --frozen-lockfile	2026-10-07T00:22:32.7886838Z Downloading @dbmate/linux-x64@2.36.0: 0.00 B/12.43 MB
runtime	Run corepack pnpm install --frozen-lockfile	2026-10-07T00:22:32.7887564Z Downloading @biomejs/cli-linux-x64@2.5.14: 0.00 B/24.14 MB
runtime	Run corepack pnpm install --frozen-lockfile	2026-10-07T00:22:33.5200153Z ✓ Lockfile passes supply-chain policies (596 entries in 1.6s)
runtime	Run corepack pnpm install --frozen-lockfile	2026-10-07T00:22:33.5200527Z Lockfile is up to date, resolution step is skipped
runtime	Run corepack pnpm install --frozen-lockfile	2026-10-07T00:22:33.6375181Z Packages: +464
runtime	Run corepack pnpm install --frozen-lockfile	2026-10-07T00:22:33.6381577Z ++++++++++++++++++++++++++++++++++++++++++++++++++++++++++++++++++++++++++++++++
runtime	Run corepack pnpm install --frozen-lockfile	2026-10-07T00:22:33.6719592Z Progress: resolved 464, reused 0, downloaded 464, added 464, done
runtime	Run corepack pnpm install --frozen-lockfile	2026-10-07T00:22:33.6756213Z .../esbuild@0.25.12/node_modules/esbuild postinstall$ node install.js
runtime	Run corepack pnpm install --frozen-lockfile	2026-10-07T00:22:33.6756752Z .../esbuild@0.28.2/node_modules/esbuild postinstall$ node install.js
runtime	Run corepack pnpm install --frozen-lockfile	2026-10-07T00:22:33.7390707Z .../esbuild@0.28.2/node_modules/esbuild postinstall: Done
runtime	Run corepack pnpm install --frozen-lockfile	2026-10-07T00:22:33.7737324Z .../esbuild@0.25.12/node_modules/esbuild postinstall: Done
runtime	Run corepack pnpm install --frozen-lockfile	2026-10-07T00:22:33.9442331Z
runtime	Run corepack pnpm install --frozen-lockfile	2026-10-07T00:22:33.9443212Z devDependencies:
runtime	Run corepack pnpm install --frozen-lockfile	2026-10-07T00:22:33.9443795Z + @biomejs/biome 2.5.14
runtime	Run corepack pnpm install --frozen-lockfile	2026-10-07T00:22:33.9444262Z + @types/node 24.10.0
runtime	Run corepack pnpm install --frozen-lockfile	2026-10-07T00:22:33.9444499Z + dbmate 2.36.0
runtime	Run corepack pnpm install --frozen-lockfile	2026-10-07T00:22:33.9444711Z + dependency-cruiser 18.4.0
runtime	Run corepack pnpm install --frozen-lockfile	2026-10-07T00:22:33.9444933Z + esbuild 0.25.12
runtime	Run corepack pnpm install --frozen-lockfile	2026-10-07T00:22:33.9467767Z + typescript 5.9.3
runtime	Run corepack pnpm install --frozen-lockfile	2026-10-07T00:22:33.9467926Z
runtime	Run corepack pnpm install --frozen-lockfile	2026-10-07T00:22:33.9847116Z Done in 2.1s using pnpm v12.6.0
runtime	Run corepack pnpm build	﻿2026-10-07T00:22:34.0170197Z ##[group]Run corepack pnpm build
runtime	Run corepack pnpm build	2026-10-07T00:22:34.0170401Z ^[[36;1mcorepack pnpm build^[[0m
runtime	Run corepack pnpm build	2026-10-07T00:22:34.0223694Z shell: /usr/bin/bash -e {0}
runtime	Run corepack pnpm build	2026-10-07T00:22:34.0223843Z env:
runtime	Run corepack pnpm build	2026-10-07T00:22:34.0224203Z   DATABASE_URL: ***localhost:5432/insignia_test?sslmode=disable
runtime	Run corepack pnpm build	2026-10-07T00:22:34.0224403Z   INSIGNIA_REQUIRE_POSTGRES_TEST: 1
runtime	Run corepack pnpm build	2026-10-07T00:22:34.0224546Z ##[endgroup]
runtime	Run corepack pnpm build	2026-10-07T00:22:34.0772708Z $ corepack pnpm -r --filter './packages/**' build && corepack pnpm -r --filter './apps/**' build
runtime	Run corepack pnpm build	2026-10-07T00:22:34.1439794Z packages/observability build$ tsc -p tsconfig.json
runtime	Run corepack pnpm build	2026-10-07T00:22:34.1444258Z packages/contracts build$ tsc -p tsconfig.json
runtime	Run corepack pnpm build	2026-10-07T00:22:34.1444757Z packages/cart-authorization build$ tsc -p tsconfig.json
runtime	Run corepack pnpm build	2026-10-07T00:22:34.1460473Z packages/domain build$ tsc -p tsconfig.json
runtime	Run corepack pnpm build	2026-10-07T00:22:35.1937331Z packages/contracts build: Done
runtime	Run corepack pnpm build	2026-10-07T00:22:35.1939316Z packages/visualizer build$ tsc -p tsconfig.json
runtime	Run corepack pnpm build	2026-10-07T00:22:35.2851628Z packages/domain build: Done
runtime	Run corepack pnpm build	2026-10-07T00:22:35.2874121Z packages/application build$ tsc -p tsconfig.json
runtime	Run corepack pnpm build	2026-10-07T00:22:35.2907111Z packages/cart-authorization build: Done
runtime	Run corepack pnpm build	2026-10-07T00:22:35.4296625Z packages/observability build: Done
runtime	Run corepack pnpm build	2026-10-07T00:22:35.8871773Z packages/visualizer build: Done
runtime	Run corepack pnpm build	2026-10-07T00:22:36.2650714Z packages/application build: Done
runtime	Run corepack pnpm build	2026-10-07T00:22:36.2652201Z packages/shopify build$ tsc -p tsconfig.json
runtime	Run corepack pnpm build	2026-10-07T00:22:37.1011073Z packages/shopify build: Done
runtime	Run corepack pnpm build	2026-10-07T00:22:37.1012006Z packages/database build$ tsc -p tsconfig.json
runtime	Run corepack pnpm build	2026-10-07T00:22:38.5448640Z packages/database build: Done
runtime	Run corepack pnpm build	2026-10-07T00:22:38.6274097Z apps/storefront build$ tsc --noEmit && vite build && node scripts/copy-theme-asset.mjs
runtime	Run corepack pnpm build	2026-10-07T00:22:38.6274480Z apps/worker build$ tsc -p tsconfig.json
runtime	Run corepack pnpm build	2026-10-07T00:22:39.9360029Z apps/worker build: Done
runtime	Run corepack pnpm build	2026-10-07T00:22:39.9360502Z apps/web build$ astro check && astro build
runtime	Run corepack pnpm build	2026-10-07T00:22:39.9573145Z apps/storefront build: ^[[36mvite v8.3.1 ^[[32mbuilding client environment for production...^[[36m^[[39m
runtime	Run corepack pnpm build	2026-10-07T00:22:39.9647209Z apps/storefront build: transforming...
runtime	Run corepack pnpm build	2026-10-07T00:22:39.9724233Z apps/storefront build: ✓ 5 modules transformed.
runtime	Run corepack pnpm build	2026-10-07T00:22:39.9740581Z apps/storefront build: rendering chunks...
runtime	Run corepack pnpm build	2026-10-07T00:22:39.9789515Z apps/storefront build: computing gzip size...
runtime	Run corepack pnpm build	2026-10-07T00:22:39.9790269Z apps/storefront build: dist/insignia-storefront.js  14.03 kB │ gzip: 5.93 kB
runtime	Run corepack pnpm build	2026-10-07T00:22:39.9790629Z apps/storefront build:
runtime	Run corepack pnpm build	2026-10-07T00:22:39.9791036Z apps/storefront build: ^[[32m✓ built in 21ms^[[39m
runtime	Run corepack pnpm build	2026-10-07T00:22:40.0140720Z apps/storefront build: Done
runtime	Run corepack pnpm build	2026-10-07T00:22:40.7631313Z apps/web build: ^[[2m00:22:40^[[22m ^[[34m[@astrojs/node]^[[39m Enabling sessions with filesystem storage
runtime	Run corepack pnpm build	2026-10-07T00:22:40.8503342Z apps/web build: ^[[2m00:22:40^[[22m ^[[34m[types]^[[39m Generated ^[[2m86ms^[[22m
runtime	Run corepack pnpm build	2026-10-07T00:22:40.8544231Z apps/web build: ^[[2m00:22:40^[[22m ^[[34m[check]^[[39m Getting diagnostics for Astro files in /home/runner/work/insignia/insignia/apps/web...
runtime	Run corepack pnpm build	2026-10-07T00:22:43.4578448Z apps/web build: Result (28 files):
runtime	Run corepack pnpm build	2026-10-07T00:22:43.4579112Z apps/web build: - 0 errors
runtime	Run corepack pnpm build	2026-10-07T00:22:43.4579392Z apps/web build: - 0 warnings
runtime	Run corepack pnpm build	2026-10-07T00:22:43.4579611Z apps/web build: - 0 hints
runtime	Run corepack pnpm build	2026-10-07T00:22:43.4579812Z apps/web build:
runtime	Run corepack pnpm build	2026-10-07T00:22:44.0534346Z apps/web build: ^[[2m00:22:44^[[22m ^[[34m[@astrojs/node]^[[39m Enabling sessions with filesystem storage
runtime	Run corepack pnpm build	2026-10-07T00:22:44.1147224Z apps/web build: ^[[2m00:22:44^[[22m ^[[34m[types]^[[39m Generated ^[[2m37ms^[[22m
runtime	Run corepack pnpm build	2026-10-07T00:22:44.1147892Z apps/web build: ^[[2m00:22:44^[[22m ^[[34m[build]^[[39m output: ^[[34m"server"^[[39m
runtime	Run corepack pnpm build	2026-10-07T00:22:44.1148414Z apps/web build: ^[[2m00:22:44^[[22m ^[[34m[build]^[[39m mode: ^[[34m"server"^[[39m
runtime	Run corepack pnpm build	2026-10-07T00:22:44.1149192Z apps/web build: ^[[2m00:22:44^[[22m ^[[34m[build]^[[39m directory: ^[[34m/home/runner/work/insignia/insignia/apps/web/dist/^[[39m
runtime	Run corepack pnpm build	2026-10-07T00:22:44.1149627Z apps/web build: ^[[2m00:22:44^[[22m ^[[34m[build]^[[39m adapter: ^[[32m@astrojs/node^[[39m
runtime	Run corepack pnpm build	2026-10-07T00:22:44.1150160Z apps/web build: ^[[2m00:22:44^[[22m ^[[34m[build]^[[39m Collecting build info...
runtime	Run corepack pnpm build	2026-10-07T00:22:44.1151153Z apps/web build: ^[[2m00:22:44^[[22m ^[[34m[build]^[[39m ^[[32m✓ Completed in 67ms.^[[39m
runtime	Run corepack pnpm build	2026-10-07T00:22:44.1161880Z apps/web build: ^[[2m00:22:44^[[22m ^[[34m[build]^[[39m Building server entrypoints...
runtime	Run corepack pnpm build	2026-10-07T00:22:44.2583040Z apps/web build: ^[[2m00:22:44^[[22m ^[[34m[vite]^[[39m ^[[32m✓ built in 124ms^[[39m
runtime	Run corepack pnpm build	2026-10-07T00:22:45.2222185Z apps/web build: ^[[2m00:22:45^[[22m ^[[34m[vite]^[[39m ^[[32m✓ built in 961ms^[[39m
runtime	Run corepack pnpm build	2026-10-07T00:22:45.3498960Z apps/web build: ^[[2m00:22:45^[[22m ^[[34m[vite]^[[39m ^[[32m✓ built in 120ms^[[39m
runtime	Run corepack pnpm build	2026-10-07T00:22:45.3577664Z apps/web build: ^[[2m00:22:45^[[22m ^[[34m[build]^[[39m Rearranging server assets...
runtime	Run corepack pnpm build	2026-10-07T00:22:45.3602763Z apps/web build: ^[[2m00:22:45^[[22m ^[[34m[build]^[[39m ^[[32m✓ Completed in 1.24s.^[[39m
runtime	Run corepack pnpm build	2026-10-07T00:22:45.3606938Z apps/web build: ^[[2m00:22:45^[[22m ^[[34m[build]^[[39m Server built in ^[[1m1.31s^[[22m
runtime	Run corepack pnpm build	2026-10-07T00:22:45.3607474Z apps/web build: ^[[2m00:22:45^[[22m ^[[34m[build]^[[39m ^[[1mComplete!^[[22m
runtime	Run corepack pnpm build	2026-10-07T00:22:45.3956569Z apps/web build: Done
runtime	Run corepack pnpm check:style	﻿2026-10-07T00:22:45.6685924Z ##[group]Run corepack pnpm check:style
runtime	Run corepack pnpm check:style	2026-10-07T00:22:45.6686244Z ^[[36;1mcorepack pnpm check:style^[[0m
runtime	Run corepack pnpm check:style	2026-10-07T00:22:45.6759052Z shell: /usr/bin/bash -e {0}
runtime	Run corepack pnpm check:style	2026-10-07T00:22:45.6759291Z env:
runtime	Run corepack pnpm check:style	2026-10-07T00:22:45.6759807Z   DATABASE_URL: ***localhost:5432/insignia_test?sslmode=disable
runtime	Run corepack pnpm check:style	2026-10-07T00:22:45.6760121Z   INSIGNIA_REQUIRE_POSTGRES_TEST: 1
runtime	Run corepack pnpm check:style	2026-10-07T00:22:45.6760348Z ##[endgroup]
runtime	Run corepack pnpm check:style	2026-10-07T00:22:45.7367713Z $ biome check .dependency-cruiser.cjs apps/storefront/src apps/storefront/test apps/storefront/scripts apps/storefront/vite.config.ts apps/web/src/islands apps/web/src/pages/live.ts apps/web/src/pages/api apps/web/src/server apps/web/src/shared apps/web/src/styles apps/web/test apps/web/astro.config.mjs apps/worker/src apps/worker/test packages/contracts/src packages/domain/src packages/cart-authorization/src packages/cart-authorization/test packages/application/src packages/database/src packages/database/test packages/shopify/src packages/shopify/test packages/visualizer/src packages/observability/src packages/observability/test scripts/boundaries scripts/m1-functions/check-vector.test.ts scripts/m5-002 scripts/m5-003 scripts/m5-004 scripts/m5-005 scripts/m5-009 scripts/m5-010 scripts/m5-011 scripts/m5-012 scripts/m5-013 scripts/m5-015 scripts/m5-015r scripts/m5-016
runtime	Run corepack pnpm check:style	2026-10-07T00:22:46.1453320Z apps/web/src/server/admin/production.ts:69:57 lint/style/useTemplate  FIXABLE  ━━━━━━━━━━━━━━━━━━━━━
runtime	Run corepack pnpm check:style	2026-10-07T00:22:46.1453753Z
runtime	Run corepack pnpm check:style	2026-10-07T00:22:46.1454216Z   i Template literals are preferred over string concatenation.
runtime	Run corepack pnpm check:style	2026-10-07T00:22:46.1454577Z
runtime	Run corepack pnpm check:style	2026-10-07T00:22:46.1454962Z     67 │   const appOrigin = required(env, 'APP_URL');
runtime	Run corepack pnpm check:style	2026-10-07T00:22:46.1455362Z     68 │   const appId = env.INSIGNIA_SHOPIFY_APP_ID;
runtime	Run corepack pnpm check:style	2026-10-07T00:22:46.1455938Z   > 69 │   const appGid = appId && /^[1-9][0-9]*$/.test(appId) ? 'gid://shopify/App/' + appId : null;
runtime	Run corepack pnpm check:style	2026-10-07T00:22:46.1456509Z        │                                                         ^^^^^^^^^^^^^^^^^^^^^^^^^^^^
runtime	Run corepack pnpm check:style	2026-10-07T00:22:46.1457146Z     70 │   const shopify = createAdminOnlineIdentity({ apiKey, apiSecret, hostName: new URL(appOrigin).host });
runtime	Run corepack pnpm check:style	2026-10-07T00:22:46.1457957Z     71 │   const core = createDurableCore(databasePool ?? new Pool({ connectionString: databaseUrl }));
runtime	Run corepack pnpm check:style	2026-10-07T00:22:46.1458360Z
runtime	Run corepack pnpm check:style	2026-10-07T00:22:46.1458574Z   i Unsafe fix: Use a template literal.
runtime	Run corepack pnpm check:style	2026-10-07T00:22:46.1459026Z
runtime	Run corepack pnpm check:style	2026-10-07T00:22:46.1459324Z      67  67 │     const appOrigin = required(env, 'APP_URL');
runtime	Run corepack pnpm check:style	2026-10-07T00:22:46.1459730Z      68  68 │     const appId = env.INSIGNIA_SHOPIFY_APP_ID;
runtime	Run corepack pnpm check:style	2026-10-07T00:22:46.1460536Z      69     │ - ··const·appGid·=·appId·&&·/^[1-9][0-9]*$/.test(appId)·?·'gid://shopify/App/'·+·appId·:·null;
runtime	Run corepack pnpm check:style	2026-10-07T00:22:46.1461280Z          69 │ + ··const·appGid·=·appId·&&·/^[1-9][0-9]*$/.test(appId)·?·`gid://shopify/App/${appId}`·:·null;
runtime	Run corepack pnpm check:style	2026-10-07T00:22:46.1462026Z      70  70 │     const shopify = createAdminOnlineIdentity({ apiKey, apiSecret, hostName: new URL(appOrigin).host });
runtime	Run corepack pnpm check:style	2026-10-07T00:22:46.1462762Z      71  71 │     const core = createDurableCore(databasePool ?? new Pool({ connectionString: databaseUrl }));
runtime	Run corepack pnpm check:style	2026-10-07T00:22:46.1463190Z
runtime	Run corepack pnpm check:style	2026-10-07T00:22:46.1463276Z
runtime	Run corepack pnpm check:style	2026-10-07T00:22:46.1463716Z apps/web/src/server/admin/production.ts:89:54 lint/style/useTemplate  FIXABLE  ━━━━━━━━━━━━━━━━━━━━━
runtime	Run corepack pnpm check:style	2026-10-07T00:22:46.1464050Z
runtime	Run corepack pnpm check:style	2026-10-07T00:22:46.1464231Z   i Template literals are preferred over string concatenation.
runtime	Run corepack pnpm check:style	2026-10-07T00:22:46.1464518Z
runtime	Run corepack pnpm check:style	2026-10-07T00:22:46.1464854Z     87 │       installationGeneration: actor.installationGeneration,
runtime	Run corepack pnpm check:style	2026-10-07T00:22:46.1465200Z     88 │     });
runtime	Run corepack pnpm check:style	2026-10-07T00:22:46.1465747Z   > 89 │     if (!scope || scope.shopDomain !== actor.shop || 'gid://shopify/Shop/' + scope.shopifyShopId !== actor.shopId)
runtime	Run corepack pnpm check:style	2026-10-07T00:22:46.1466382Z        │                                                      ^^^^^^^^^^^^^^^^^^^^^^^^^^^^^^^^^^^^^^^^^^^
runtime	Run corepack pnpm check:style	2026-10-07T00:22:46.1466799Z     90 │       throw new Error('Admin installation changed');
runtime	Run corepack pnpm check:style	2026-10-07T00:22:46.1467092Z     91 │   }
runtime	Run corepack pnpm check:style	2026-10-07T00:22:46.1467625Z
runtime	Run corepack pnpm check:style	2026-10-07T00:22:46.1467821Z   i Unsafe fix: Use a template literal.
runtime	Run corepack pnpm check:style	2026-10-07T00:22:46.1468045Z
runtime	Run corepack pnpm check:style	2026-10-07T00:22:46.1468394Z      87  87 │         installationGeneration: actor.installationGeneration,
runtime	Run corepack pnpm check:style	2026-10-07T00:22:46.1468844Z      88  88 │       });
runtime	Run corepack pnpm check:style	2026-10-07T00:22:46.1469476Z      89     │ - ····if·(!scope·||·scope.shopDomain·!==·actor.shop·||·'gid://shopify/Shop/'·+·scope.shopifyShopId·!==·actor.shopId)
runtime	Run corepack pnpm check:style	2026-10-07T00:22:46.1470312Z          89 │ + ····if·(!scope·||·scope.shopDomain·!==·actor.shop·||·`gid://shopify/Shop/${scope.shopifyShopId}`·!==·actor.shopId)
runtime	Run corepack pnpm check:style	2026-10-07T00:22:46.1470891Z      90  90 │         throw new Error('Admin installation changed');
runtime	Run corepack pnpm check:style	2026-10-07T00:22:46.1471194Z      91  91 │     }
runtime	Run corepack pnpm check:style	2026-10-07T00:22:46.1471362Z
runtime	Run corepack pnpm check:style	2026-10-07T00:22:46.1471453Z
runtime	Run corepack pnpm check:style	2026-10-07T00:22:46.1471881Z apps/web/src/server/admin/production.ts:214:51 lint/style/useTemplate  FIXABLE  ━━━━━━━━━━━━━━━━━━━━
runtime	Run corepack pnpm check:style	2026-10-07T00:22:46.1472206Z
runtime	Run corepack pnpm check:style	2026-10-07T00:22:46.1472389Z   i Template literals are preferred over string concatenation.
runtime	Run corepack pnpm check:style	2026-10-07T00:22:46.1472864Z
runtime	Run corepack pnpm check:style	2026-10-07T00:22:46.1473197Z     212 │           const provider = await shopify.readInstallation(online);
runtime	Run corepack pnpm check:style	2026-10-07T00:22:46.1473734Z     213 │           const tenant = await core.tenants.getShopByDomain(provider.shop);
runtime	Run corepack pnpm check:style	2026-10-07T00:22:46.1474454Z   > 214 │           if (!tenant || !tenant.shopifyShopId || 'gid://shopify/Shop/' + tenant.shopifyShopId !== provider.shopId)
runtime	Run corepack pnpm check:style	2026-10-07T00:22:46.1475074Z         │                                                   ^^^^^^^^^^^^^^^^^^^^^^^^^^^^^^^^^^^^^^^^^^^^
runtime	Run corepack pnpm check:style	2026-10-07T00:22:46.1475513Z     215 │             throw new Error('Tenant installation mismatch');
runtime	Run corepack pnpm check:style	2026-10-07T00:22:46.1476071Z     216 │           const installed = await core.tenants.getCurrentAdminInstallation(tenant.shopId);
runtime	Run corepack pnpm check:style	2026-10-07T00:22:46.1476466Z
runtime	Run corepack pnpm check:style	2026-10-07T00:22:46.1476660Z   i Unsafe fix: Use a template literal.
runtime	Run corepack pnpm check:style	2026-10-07T00:22:46.1476887Z
runtime	Run corepack pnpm check:style	2026-10-07T00:22:46.1477229Z     212 212 │             const provider = await shopify.readInstallation(online);
runtime	Run corepack pnpm check:style	2026-10-07T00:22:46.1477788Z     213 213 │             const tenant = await core.tenants.getShopByDomain(provider.shop);
runtime	Run corepack pnpm check:style	2026-10-07T00:22:46.1478542Z     214     │ - ··········if·(!tenant·||·!tenant.shopifyShopId·||·'gid://shopify/Shop/'·+·tenant.shopifyShopId·!==·provider.shopId)
runtime	Run corepack pnpm check:style	2026-10-07T00:22:46.1479497Z         214 │ + ··········if·(!tenant·||·!tenant.shopifyShopId·||·`gid://shopify/Shop/${tenant.shopifyShopId}`·!==·provider.shopId)
runtime	Run corepack pnpm check:style	2026-10-07T00:22:46.1480112Z     215 215 │               throw new Error('Tenant installation mismatch');
runtime	Run corepack pnpm check:style	2026-10-07T00:22:46.1480702Z     216 216 │             const installed = await core.tenants.getCurrentAdminInstallation(tenant.shopId);
runtime	Run corepack pnpm check:style	2026-10-07T00:22:46.1481081Z
runtime	Run corepack pnpm check:style	2026-10-07T00:22:46.1481163Z
runtime	Run corepack pnpm check:style	2026-10-07T00:22:46.1481610Z apps/web/src/server/admin/auth.ts:48:48 lint/style/noNonNullAssertion ━━━━━━━━━━━━━━━━━━━━━━━━━━━━━━
runtime	Run corepack pnpm check:style	2026-10-07T00:22:46.1481927Z
runtime	Run corepack pnpm check:style	2026-10-07T00:22:46.1482041Z   ! Forbidden non-null assertion.
runtime	Run corepack pnpm check:style	2026-10-07T00:22:46.1482253Z
runtime	Run corepack pnpm check:style	2026-10-07T00:22:46.1482530Z     46 │     let identity: VerifiedAdminIdentity;
runtime	Run corepack pnpm check:style	2026-10-07T00:22:46.1482806Z     47 │     try {
runtime	Run corepack pnpm check:style	2026-10-07T00:22:46.1483142Z   > 48 │       identity = await port.verifySessionToken(match[1]!);
runtime	Run corepack pnpm check:style	2026-10-07T00:22:46.1483543Z        │                                                ^^^^^^^^^
runtime	Run corepack pnpm check:style	2026-10-07T00:22:46.1483827Z     49 │     } catch {
runtime	Run corepack pnpm check:style	2026-10-07T00:22:46.1484056Z     50 │       return null;
runtime	Run corepack pnpm check:style	2026-10-07T00:22:46.1484245Z
runtime	Run corepack pnpm check:style	2026-10-07T00:22:46.1484331Z
runtime	Run corepack pnpm check:style	2026-10-07T00:22:46.1484759Z apps/web/src/server/admin/auth.ts:61:50 lint/style/noNonNullAssertion ━━━━━━━━━━━━━━━━━━━━━━━━━━━━━━
runtime	Run corepack pnpm check:style	2026-10-07T00:22:46.1485071Z
runtime	Run corepack pnpm check:style	2026-10-07T00:22:46.1485181Z   ! Forbidden non-null assertion.
runtime	Run corepack pnpm check:style	2026-10-07T00:22:46.1485387Z
runtime	Run corepack pnpm check:style	2026-10-07T00:22:46.1485565Z     59 │     )
runtime	Run corepack pnpm check:style	2026-10-07T00:22:46.1485774Z     60 │       return null;
runtime	Run corepack pnpm check:style	2026-10-07T00:22:46.1486179Z   > 61 │     const grant = await port.exchangeOnlineGrant(match[1]!, identity);
runtime	Run corepack pnpm check:style	2026-10-07T00:22:46.1486619Z        │                                                  ^^^^^^^^^
runtime	Run corepack pnpm check:style	2026-10-07T00:22:46.1487053Z     62 │     if (
runtime	Run corepack pnpm check:style	2026-10-07T00:22:46.1487315Z     63 │       grant.shop !== identity.shop ||
runtime	Run corepack pnpm check:style	2026-10-07T00:22:46.1487549Z
runtime	Run corepack pnpm check:style	2026-10-07T00:22:46.1487635Z
runtime	Run corepack pnpm check:style	2026-10-07T00:22:46.1488061Z apps/web/src/server/admin/preview.ts:109:28 lint/style/noNonNullAssertion ━━━━━━━━━━━━━━━━━━━━━━━━━━
runtime	Run corepack pnpm check:style	2026-10-07T00:22:46.1488397Z
runtime	Run corepack pnpm check:style	2026-10-07T00:22:46.1488503Z   ! Forbidden non-null assertion.
runtime	Run corepack pnpm check:style	2026-10-07T00:22:46.1488815Z
runtime	Run corepack pnpm check:style	2026-10-07T00:22:46.1489116Z     107 │             .then((found) => (found ? project(found) : null)),
runtime	Run corepack pnpm check:style	2026-10-07T00:22:46.1489426Z     108 │         );
runtime	Run corepack pnpm check:style	2026-10-07T00:22:46.1489704Z   > 109 │       const result = await map.get(id)!;
runtime	Run corepack pnpm check:style	2026-10-07T00:22:46.1490026Z         │                            ^^^^^^^^^^^^
runtime	Run corepack pnpm check:style	2026-10-07T00:22:46.1490320Z     110 │       await active(actor);
runtime	Run corepack pnpm check:style	2026-10-07T00:22:46.1490590Z     111 │       return result;
runtime	Run corepack pnpm check:style	2026-10-07T00:22:46.1490787Z
runtime	Run corepack pnpm check:style	2026-10-07T00:22:46.1490873Z
runtime	Run corepack pnpm check:style	2026-10-07T00:22:46.1491304Z apps/web/src/server/admin/preview.ts:116:28 lint/style/noNonNullAssertion ━━━━━━━━━━━━━━━━━━━━━━━━━━
runtime	Run corepack pnpm check:style	2026-10-07T00:22:46.1491784Z
runtime	Run corepack pnpm check:style	2026-10-07T00:22:46.1491887Z   ! Forbidden non-null assertion.
runtime	Run corepack pnpm check:style	2026-10-07T00:22:46.1492094Z
runtime	Run corepack pnpm check:style	2026-10-07T00:22:46.1492306Z     114 │       await active(actor);
runtime	Run corepack pnpm check:style	2026-10-07T00:22:46.1492776Z     115 │       if (!currencies.has(actor)) currencies.set(actor, reader(actor).shopCurrency());
runtime	Run corepack pnpm check:style	2026-10-07T00:22:46.1493255Z   > 116 │       const result = await currencies.get(actor)!;
runtime	Run corepack pnpm check:style	2026-10-07T00:22:46.1493628Z         │                            ^^^^^^^^^^^^^^^^^^^^^^
runtime	Run corepack pnpm check:style	2026-10-07T00:22:46.1493945Z     117 │       await active(actor);
runtime	Run corepack pnpm check:style	2026-10-07T00:22:46.1494222Z     118 │       return result;
runtime	Run corepack pnpm check:style	2026-10-07T00:22:46.1494421Z
runtime	Run corepack pnpm check:style	2026-10-07T00:22:46.1494503Z
runtime	Run corepack pnpm check:style	2026-10-07T00:22:46.1494922Z apps/web/src/server/admin/preview.ts:163:34 lint/style/noNonNullAssertion ━━━━━━━━━━━━━━━━━━━━━━━━━━
runtime	Run corepack pnpm check:style	2026-10-07T00:22:46.1495239Z
runtime	Run corepack pnpm check:style	2026-10-07T00:22:46.1495343Z   ! Forbidden non-null assertion.
runtime	Run corepack pnpm check:style	2026-10-07T00:22:46.1495549Z
runtime	Run corepack pnpm check:style	2026-10-07T00:22:46.1495808Z     161 │                   shopId: randomUUID(),
runtime	Run corepack pnpm check:style	2026-10-07T00:22:46.1496135Z     162 │                   shopDomain: shop,
runtime	Run corepack pnpm check:style	2026-10-07T00:22:46.1496513Z   > 163 │                   shopifyShopId: shopId.split('/').at(-1)!,
runtime	Run corepack pnpm check:style	2026-10-07T00:22:46.1496905Z         │                                  ^^^^^^^^^^^^^^^^^^^^^^^^^
runtime	Run corepack pnpm check:style	2026-10-07T00:22:46.1497333Z     164 │                   externalInstallationId: provider.installationId,
runtime	Run corepack pnpm check:style	2026-10-07T00:22:46.1497672Z     165 │                 }),
runtime	Run corepack pnpm check:style	2026-10-07T00:22:46.1497864Z
runtime	Run corepack pnpm check:style	2026-10-07T00:22:46.1497950Z
runtime	Run corepack pnpm check:style	2026-10-07T00:22:46.1498373Z apps/web/src/server/admin/preview.ts:223:26 lint/style/noNonNullAssertion ━━━━━━━━━━━━━━━━━━━━━━━━━━
runtime	Run corepack pnpm check:style	2026-10-07T00:22:46.1498690Z
runtime	Run corepack pnpm check:style	2026-10-07T00:22:46.1498899Z   ! Forbidden non-null assertion.
runtime	Run corepack pnpm check:style	2026-10-07T00:22:46.1499108Z
runtime	Run corepack pnpm check:style	2026-10-07T00:22:46.1499440Z     221 │                   installationGeneration: bound.installationGeneration,
runtime	Run corepack pnpm check:style	2026-10-07T00:22:46.1499849Z     222 │                   shopifyShopId: shopId,
runtime	Run corepack pnpm check:style	2026-10-07T00:22:46.1500262Z   > 223 │                   appId: env.INSIGNIA_M5_002_APP_RESOURCE!,
runtime	Run corepack pnpm check:style	2026-10-07T00:22:46.1500649Z         │                          ^^^^^^^^^^^^^^^^^^^^^^^^^^^^^^^^^
runtime	Run corepack pnpm check:style	2026-10-07T00:22:46.1500929Z     224 │                 },
runtime	Run corepack pnpm check:style	2026-10-07T00:22:46.1501161Z     225 │                 {
runtime	Run corepack pnpm check:style	2026-10-07T00:22:46.1501350Z
runtime	Run corepack pnpm check:style	2026-10-07T00:22:46.1501431Z
runtime	Run corepack pnpm check:style	2026-10-07T00:22:46.1501854Z apps/web/src/server/admin/preview.ts:227:46 lint/style/noNonNullAssertion ━━━━━━━━━━━━━━━━━━━━━━━━━━
runtime	Run corepack pnpm check:style	2026-10-07T00:22:46.1502169Z
runtime	Run corepack pnpm check:style	2026-10-07T00:22:46.1502274Z   ! Forbidden non-null assertion.
runtime	Run corepack pnpm check:style	2026-10-07T00:22:46.1502479Z
runtime	Run corepack pnpm check:style	2026-10-07T00:22:46.1502659Z     225 │                 {
runtime	Run corepack pnpm check:style	2026-10-07T00:22:46.1502924Z     226 │                   appKey: client,
runtime	Run corepack pnpm check:style	2026-10-07T00:22:46.1503404Z   > 227 │                   transformInputQuerySha256: env.INSIGNIA_M5_002_TRANSFORM_QUERY_HASH!,
runtime	Run corepack pnpm check:style	2026-10-07T00:22:46.1503918Z         │                                              ^^^^^^^^^^^^^^^^^^^^^^^^^^^^^^^^^^^^^^^^^
runtime	Run corepack pnpm check:style	2026-10-07T00:22:46.1504604Z     228 │                   validationInputQuerySha256: env.INSIGNIA_M5_002_VALIDATION_QUERY_HASH!,
runtime	Run corepack pnpm check:style	2026-10-07T00:22:46.1505020Z     229 │                 },
runtime	Run corepack pnpm check:style	2026-10-07T00:22:46.1505214Z
runtime	Run corepack pnpm check:style	2026-10-07T00:22:46.1505305Z
runtime	Run corepack pnpm check:style	2026-10-07T00:22:46.1505735Z apps/web/src/server/admin/preview.ts:228:47 lint/style/noNonNullAssertion ━━━━━━━━━━━━━━━━━━━━━━━━━━
runtime	Run corepack pnpm check:style	2026-10-07T00:22:46.1506054Z
runtime	Run corepack pnpm check:style	2026-10-07T00:22:46.1506160Z   ! Forbidden non-null assertion.
runtime	Run corepack pnpm check:style	2026-10-07T00:22:46.1506553Z
runtime	Run corepack pnpm check:style	2026-10-07T00:22:46.1506789Z     226 │                   appKey: client,
runtime	Run corepack pnpm check:style	2026-10-07T00:22:46.1507261Z     227 │                   transformInputQuerySha256: env.INSIGNIA_M5_002_TRANSFORM_QUERY_HASH!,
runtime	Run corepack pnpm check:style	2026-10-07T00:22:46.1507866Z   > 228 │                   validationInputQuerySha256: env.INSIGNIA_M5_002_VALIDATION_QUERY_HASH!,
runtime	Run corepack pnpm check:style	2026-10-07T00:22:46.1508390Z         │                                               ^^^^^^^^^^^^^^^^^^^^^^^^^^^^^^^^^^^^^^^^^^
runtime	Run corepack pnpm check:style	2026-10-07T00:22:46.1508843Z     229 │                 },
runtime	Run corepack pnpm check:style	2026-10-07T00:22:46.1509194Z     230 │               );
runtime	Run corepack pnpm check:style	2026-10-07T00:22:46.1509389Z
runtime	Run corepack pnpm check:style	2026-10-07T00:22:46.1509471Z
runtime	Run corepack pnpm check:style	2026-10-07T00:22:46.1509906Z apps/web/src/server/admin/production.ts:214:15 lint/complexity/useOptionalChain  FIXABLE  ━━━━━━━━━━
runtime	Run corepack pnpm check:style	2026-10-07T00:22:46.1510259Z
runtime	Run corepack pnpm check:style	2026-10-07T00:22:46.1510364Z   ! Change to an optional chain.
runtime	Run corepack pnpm check:style	2026-10-07T00:22:46.1510580Z
runtime	Run corepack pnpm check:style	2026-10-07T00:22:46.1510918Z     212 │           const provider = await shopify.readInstallation(online);
runtime	Run corepack pnpm check:style	2026-10-07T00:22:46.1511436Z     213 │           const tenant = await core.tenants.getShopByDomain(provider.shop);
runtime	Run corepack pnpm check:style	2026-10-07T00:22:46.1512110Z   > 214 │           if (!tenant || !tenant.shopifyShopId || 'gid://shopify/Shop/' + tenant.shopifyShopId !== provider.shopId)
runtime	Run corepack pnpm check:style	2026-10-07T00:22:46.1512639Z         │               ^^^^^^^^^^^^^^^^^^^^^^^^^^^^^^^^
runtime	Run corepack pnpm check:style	2026-10-07T00:22:46.1513041Z     215 │             throw new Error('Tenant installation mismatch');
runtime	Run corepack pnpm check:style	2026-10-07T00:22:46.1513624Z     216 │           const installed = await core.tenants.getCurrentAdminInstallation(tenant.shopId);
runtime	Run corepack pnpm check:style	2026-10-07T00:22:46.1514007Z
runtime	Run corepack pnpm check:style	2026-10-07T00:22:46.1514210Z   i Unsafe fix: Change to an optional chain.
runtime	Run corepack pnpm check:style	2026-10-07T00:22:46.1514439Z
runtime	Run corepack pnpm check:style	2026-10-07T00:22:46.1514778Z     212 212 │             const provider = await shopify.readInstallation(online);
runtime	Run corepack pnpm check:style	2026-10-07T00:22:46.1515343Z     213 213 │             const tenant = await core.tenants.getShopByDomain(provider.shop);
runtime	Run corepack pnpm check:style	2026-10-07T00:22:46.1516122Z     214     │ - ··········if·(!tenant·||·!tenant.shopifyShopId·||·'gid://shopify/Shop/'·+·tenant.shopifyShopId·!==·provider.shopId)
runtime	Run corepack pnpm check:style	2026-10-07T00:22:46.1516922Z         214 │ + ··········if·(!tenant?.shopifyShopId·||·'gid://shopify/Shop/'·+·tenant.shopifyShopId·!==·provider.shopId)
runtime	Run corepack pnpm check:style	2026-10-07T00:22:46.1517503Z     215 215 │               throw new Error('Tenant installation mismatch');
runtime	Run corepack pnpm check:style	2026-10-07T00:22:46.1518119Z     216 216 │             const installed = await core.tenants.getCurrentAdminInstallation(tenant.shopId);
runtime	Run corepack pnpm check:style	2026-10-07T00:22:46.1518526Z
runtime	Run corepack pnpm check:style	2026-10-07T00:22:46.1518609Z
runtime	Run corepack pnpm check:style	2026-10-07T00:22:46.1519189Z apps/web/src/server/merchant-config.ts:123:28 lint/style/noNonNullAssertion ━━━━━━━━━━━━━━━━━━━━━━━━
runtime	Run corepack pnpm check:style	2026-10-07T00:22:46.1519520Z
runtime	Run corepack pnpm check:style	2026-10-07T00:22:46.1519623Z   ! Forbidden non-null assertion.
runtime	Run corepack pnpm check:style	2026-10-07T00:22:46.1519829Z
runtime	Run corepack pnpm check:style	2026-10-07T00:22:46.1520109Z     121 │         option.allowedValueIds.flatMap((id) => {
runtime	Run corepack pnpm check:style	2026-10-07T00:22:46.1520473Z     122 │           const label = oldLabels?.[id];
runtime	Run corepack pnpm check:style	2026-10-07T00:22:46.1520855Z   > 123 │           return label ? [[values.get(id)!, label]] : [];
runtime	Run corepack pnpm check:style	2026-10-07T00:22:46.1521220Z         │                            ^^^^^^^^^^^^^^^
runtime	Run corepack pnpm check:style	2026-10-07T00:22:46.1521493Z     124 │         }),
runtime	Run corepack pnpm check:style	2026-10-07T00:22:46.1521708Z     125 │       );
runtime	Run corepack pnpm check:style	2026-10-07T00:22:46.1521886Z
runtime	Run corepack pnpm check:style	2026-10-07T00:22:46.1521968Z
runtime	Run corepack pnpm check:style	2026-10-07T00:22:46.1522389Z apps/web/src/server/merchant-config.ts:126:47 lint/style/noNonNullAssertion ━━━━━━━━━━━━━━━━━━━━━━━━
runtime	Run corepack pnpm check:style	2026-10-07T00:22:46.1522707Z
runtime	Run corepack pnpm check:style	2026-10-07T00:22:46.1522812Z   ! Forbidden non-null assertion.
runtime	Run corepack pnpm check:style	2026-10-07T00:22:46.1523016Z
runtime	Run corepack pnpm check:style	2026-10-07T00:22:46.1523192Z     124 │         }),
runtime	Run corepack pnpm check:style	2026-10-07T00:22:46.1523532Z     125 │       );
runtime	Run corepack pnpm check:style	2026-10-07T00:22:46.1523962Z   > 126 │       return Object.keys(remapped).length ? [[options.get(option.id)!, remapped]] : [];
runtime	Run corepack pnpm check:style	2026-10-07T00:22:46.1524485Z         │                                               ^^^^^^^^^^^^^^^^^^^^^^^
runtime	Run corepack pnpm check:style	2026-10-07T00:22:46.1524787Z     127 │     }),
runtime	Run corepack pnpm check:style	2026-10-07T00:22:46.1524984Z     128 │   );
runtime	Run corepack pnpm check:style	2026-10-07T00:22:46.1525148Z
runtime	Run corepack pnpm check:style	2026-10-07T00:22:46.1525234Z
runtime	Run corepack pnpm check:style	2026-10-07T00:22:46.1525650Z apps/web/src/server/merchant-config.ts:132:50 lint/style/noNonNullAssertion ━━━━━━━━━━━━━━━━━━━━━━━━
runtime	Run corepack pnpm check:style	2026-10-07T00:22:46.1525968Z
runtime	Run corepack pnpm check:style	2026-10-07T00:22:46.1526072Z   ! Forbidden non-null assertion.
runtime	Run corepack pnpm check:style	2026-10-07T00:22:46.1526277Z
runtime	Run corepack pnpm check:style	2026-10-07T00:22:46.1526459Z     130 │     ...source,
runtime	Run corepack pnpm check:style	2026-10-07T00:22:46.1526671Z     131 │     labels,
runtime	Run corepack pnpm check:style	2026-10-07T00:22:46.1527067Z   > 132 │     methods: source.methods.map((item) => ({ id: methods.get(item.id)! })),
runtime	Run corepack pnpm check:style	2026-10-07T00:22:46.1527544Z         │                                                  ^^^^^^^^^^^^^^^^^^^^^
runtime	Run corepack pnpm check:style	2026-10-07T00:22:46.1528075Z     133 │     placements: source.placements.map((item) => ({
runtime	Run corepack pnpm check:style	2026-10-07T00:22:46.1528392Z     134 │       ...item,
runtime	Run corepack pnpm check:style	2026-10-07T00:22:46.1528570Z
runtime	Run corepack pnpm check:style	2026-10-07T00:22:46.1528655Z
runtime	Run corepack pnpm check:style	2026-10-07T00:22:46.1529180Z apps/web/src/server/merchant-config.ts:135:11 lint/style/noNonNullAssertion ━━━━━━━━━━━━━━━━━━━━━━━━
runtime	Run corepack pnpm check:style	2026-10-07T00:22:46.1529500Z
runtime	Run corepack pnpm check:style	2026-10-07T00:22:46.1529605Z   ! Forbidden non-null assertion.
runtime	Run corepack pnpm check:style	2026-10-07T00:22:46.1529811Z
runtime	Run corepack pnpm check:style	2026-10-07T00:22:46.1530096Z     133 │     placements: source.placements.map((item) => ({
runtime	Run corepack pnpm check:style	2026-10-07T00:22:46.1530408Z     134 │       ...item,
runtime	Run corepack pnpm check:style	2026-10-07T00:22:46.1530693Z   > 135 │       id: placements.get(item.id)!,
runtime	Run corepack pnpm check:style	2026-10-07T00:22:46.1531015Z         │           ^^^^^^^^^^^^^^^^^^^^^^^^
runtime	Run corepack pnpm check:style	2026-10-07T00:22:46.1531465Z     136 │       allowedMethodIds: item.allowedMethodIds.map((id) => methods.get(id)!),
runtime	Run corepack pnpm check:style	2026-10-07T00:22:46.1532014Z     137 │       allowedStepIds: item.allowedStepIds.map((id) => steps.get(id)!),
runtime	Run corepack pnpm check:style	2026-10-07T00:22:46.1532341Z
runtime	Run corepack pnpm check:style	2026-10-07T00:22:46.1532435Z
runtime	Run corepack pnpm check:style	2026-10-07T00:22:46.1532847Z apps/web/src/server/merchant-config.ts:136:59 lint/style/noNonNullAssertion ━━━━━━━━━━━━━━━━━━━━━━━━
runtime	Run corepack pnpm check:style	2026-10-07T00:22:46.1533167Z
runtime	Run corepack pnpm check:style	2026-10-07T00:22:46.1533267Z   ! Forbidden non-null assertion.
runtime	Run corepack pnpm check:style	2026-10-07T00:22:46.1533473Z
runtime	Run corepack pnpm check:style	2026-10-07T00:22:46.1533655Z     134 │       ...item,
runtime	Run corepack pnpm check:style	2026-10-07T00:22:46.1533923Z     135 │       id: placements.get(item.id)!,
runtime	Run corepack pnpm check:style	2026-10-07T00:22:46.1534389Z   > 136 │       allowedMethodIds: item.allowedMethodIds.map((id) => methods.get(id)!),
runtime	Run corepack pnpm check:style	2026-10-07T00:22:46.1534885Z         │                                                           ^^^^^^^^^^^^^^^^
runtime	Run corepack pnpm check:style	2026-10-07T00:22:46.1535370Z     137 │       allowedStepIds: item.allowedStepIds.map((id) => steps.get(id)!),
runtime	Run corepack pnpm check:style	2026-10-07T00:22:46.1535716Z     138 │     })),
runtime	Run corepack pnpm check:style	2026-10-07T00:22:46.1535889Z
runtime	Run corepack pnpm check:style	2026-10-07T00:22:46.1535972Z
runtime	Run corepack pnpm check:style	2026-10-07T00:22:46.1536381Z apps/web/src/server/merchant-config.ts:137:55 lint/style/noNonNullAssertion ━━━━━━━━━━━━━━━━━━━━━━━━
runtime	Run corepack pnpm check:style	2026-10-07T00:22:46.1536714Z
runtime	Run corepack pnpm check:style	2026-10-07T00:22:46.1536946Z   ! Forbidden non-null assertion.
runtime	Run corepack pnpm check:style	2026-10-07T00:22:46.1537159Z
runtime	Run corepack pnpm check:style	2026-10-07T00:22:46.1537404Z     135 │       id: placements.get(item.id)!,
runtime	Run corepack pnpm check:style	2026-10-07T00:22:46.1537874Z     136 │       allowedMethodIds: item.allowedMethodIds.map((id) => methods.get(id)!),
runtime	Run corepack pnpm check:style	2026-10-07T00:22:46.1538434Z   > 137 │       allowedStepIds: item.allowedStepIds.map((id) => steps.get(id)!),
runtime	Run corepack pnpm check:style	2026-10-07T00:22:46.1539000Z         │                                                       ^^^^^^^^^^^^^^
runtime	Run corepack pnpm check:style	2026-10-07T00:22:46.1539316Z     138 │     })),
runtime	Run corepack pnpm check:style	2026-10-07T00:22:46.1539709Z     139 │     productionOptions: source.productionOptions.map((item) => ({
runtime	Run corepack pnpm check:style	2026-10-07T00:22:46.1540030Z
runtime	Run corepack pnpm check:style	2026-10-07T00:22:46.1540118Z
runtime	Run corepack pnpm check:style	2026-10-07T00:22:46.1540573Z apps/web/src/server/merchant-config.ts:140:11 lint/style/noNonNullAssertion ━━━━━━━━━━━━━━━━━━━━━━━━
runtime	Run corepack pnpm check:style	2026-10-07T00:22:46.1540916Z
runtime	Run corepack pnpm check:style	2026-10-07T00:22:46.1541020Z   ! Forbidden non-null assertion.
runtime	Run corepack pnpm check:style	2026-10-07T00:22:46.1541238Z
runtime	Run corepack pnpm check:style	2026-10-07T00:22:46.1541418Z     138 │     })),
runtime	Run corepack pnpm check:style	2026-10-07T00:22:46.1541935Z     139 │     productionOptions: source.productionOptions.map((item) => ({
runtime	Run corepack pnpm check:style	2026-10-07T00:22:46.1542342Z   > 140 │       id: options.get(item.id)!,
runtime	Run corepack pnpm check:style	2026-10-07T00:22:46.1542646Z         │           ^^^^^^^^^^^^^^^^^^^^^
runtime	Run corepack pnpm check:style	2026-10-07T00:22:46.1543099Z     141 │       allowedValueIds: item.allowedValueIds.map((id) => values.get(id)!),
runtime	Run corepack pnpm check:style	2026-10-07T00:22:46.1543468Z     142 │     })),
runtime	Run corepack pnpm check:style	2026-10-07T00:22:46.1543639Z
runtime	Run corepack pnpm check:style	2026-10-07T00:22:46.1543723Z
runtime	Run corepack pnpm check:style	2026-10-07T00:22:46.1544161Z apps/web/src/server/merchant-config.ts:141:57 lint/style/noNonNullAssertion ━━━━━━━━━━━━━━━━━━━━━━━━
runtime	Run corepack pnpm check:style	2026-10-07T00:22:46.1544500Z
runtime	Run corepack pnpm check:style	2026-10-07T00:22:46.1544603Z   ! Forbidden non-null assertion.
runtime	Run corepack pnpm check:style	2026-10-07T00:22:46.1544817Z
runtime	Run corepack pnpm check:style	2026-10-07T00:22:46.1545161Z     139 │     productionOptions: source.productionOptions.map((item) => ({
runtime	Run corepack pnpm check:style	2026-10-07T00:22:46.1545571Z     140 │       id: options.get(item.id)!,
runtime	Run corepack pnpm check:style	2026-10-07T00:22:46.1546018Z   > 141 │       allowedValueIds: item.allowedValueIds.map((id) => values.get(id)!),
runtime	Run corepack pnpm check:style	2026-10-07T00:22:46.1546513Z         │                                                         ^^^^^^^^^^^^^^^
runtime	Run corepack pnpm check:style	2026-10-07T00:22:46.1546804Z     142 │     })),
runtime	Run corepack pnpm check:style	2026-10-07T00:22:46.1547131Z     143 │     pricingRules: source.pricingRules.map((rule) => ({
runtime	Run corepack pnpm check:style	2026-10-07T00:22:46.1547420Z
runtime	Run corepack pnpm check:style	2026-10-07T00:22:46.1547508Z
runtime	Run corepack pnpm check:style	2026-10-07T00:22:46.1547890Z The number of diagnostics exceeds the limit allowed. Use --max-diagnostics to increase it.
runtime	Run corepack pnpm check:style	2026-10-07T00:22:46.1548320Z Diagnostics not shown: 125.
runtime	Run corepack pnpm check:style	2026-10-07T00:22:46.1548613Z Checked 271 files in 378ms. No fixes applied.
runtime	Run corepack pnpm check:style	2026-10-07T00:22:46.1549000Z Found 62 warnings.
runtime	Run corepack pnpm check:style	2026-10-07T00:22:46.1549187Z Found 83 infos.
runtime	Run corepack pnpm check:boundaries	﻿2026-10-07T00:22:46.1885209Z ##[group]Run corepack pnpm check:boundaries
runtime	Run corepack pnpm check:boundaries	2026-10-07T00:22:46.1885437Z ^[[36;1mcorepack pnpm check:boundaries^[[0m
runtime	Run corepack pnpm check:boundaries	2026-10-07T00:22:46.1940031Z shell: /usr/bin/bash -e {0}
runtime	Run corepack pnpm check:boundaries	2026-10-07T00:22:46.1940177Z env:
runtime	Run corepack pnpm check:boundaries	2026-10-07T00:22:46.1940742Z   DATABASE_URL: ***localhost:5432/insignia_test?sslmode=disable
runtime	Run corepack pnpm check:boundaries	2026-10-07T00:22:46.1940943Z   INSIGNIA_REQUIRE_POSTGRES_TEST: 1
runtime	Run corepack pnpm check:boundaries	2026-10-07T00:22:46.1941110Z ##[endgroup]
runtime	Run corepack pnpm check:boundaries	2026-10-07T00:22:46.2499357Z $ node scripts/boundaries/check.mjs && node scripts/boundaries/check-database-api.mjs && node scripts/boundaries/check-domain-effects.mjs && node --test scripts/boundaries/domain-effects.test.mjs
runtime	Run corepack pnpm check:boundaries	2026-10-07T00:22:58.5303390Z Boundary checks passed: 191 real modules, 4 browser modules, 19 negative source fixtures, 2 rejected browser bundles and exports.
runtime	Run corepack pnpm check:boundaries	2026-10-07T00:23:05.7018819Z Database public API rejects 19 compiler probes and 4 runtime deep imports.
runtime	Run corepack pnpm check:boundaries	2026-10-07T00:23:06.1182371Z 6 production domain modules have no prohibited ambient effects
runtime	Run corepack pnpm check:boundaries	2026-10-07T00:23:06.7163278Z ✔ Date.now is rejected in a production domain helper (4.165761ms)
runtime	Run corepack pnpm check:boundaries	2026-10-07T00:23:06.7165721Z ✔ new Date is rejected in a production domain helper (0.458614ms)
runtime	Run corepack pnpm check:boundaries	2026-10-07T00:23:06.7166736Z ✔ Math.random is rejected in a production domain helper (0.29667ms)
runtime	Run corepack pnpm check:boundaries	2026-10-07T00:23:06.7167466Z ✔ globalThis.Date.now is rejected in a production domain helper (0.312394ms)
runtime	Run corepack pnpm check:boundaries	2026-10-07T00:23:06.7167861Z ✔ fetch is rejected in a production domain helper (0.652308ms)
runtime	Run corepack pnpm check:boundaries	2026-10-07T00:23:06.7168186Z ✔ globalThis.crypto is rejected in a production domain helper (0.268747ms)
runtime	Run corepack pnpm check:boundaries	2026-10-07T00:23:06.7168515Z ✔ computed random is rejected in a production domain helper (0.548551ms)
runtime	Run corepack pnpm check:boundaries	2026-10-07T00:23:06.7169094Z ✔ template random is rejected in a production domain helper (0.471705ms)
runtime	Run corepack pnpm check:boundaries	2026-10-07T00:23:06.7169452Z ✔ dynamic Math member is rejected in a production domain helper (0.619208ms)
runtime	Run corepack pnpm check:boundaries	2026-10-07T00:23:06.7169766Z ✔ spread Date is rejected in a production domain helper (0.829046ms)
runtime	Run corepack pnpm check:boundaries	2026-10-07T00:23:06.7170089Z ✔ random destructuring is rejected in a production domain helper (0.445545ms)
runtime	Run corepack pnpm check:boundaries	2026-10-07T00:23:06.7170413Z ✔ date alias is rejected in a production domain helper (0.228486ms)
runtime	Run corepack pnpm check:boundaries	2026-10-07T00:23:06.7170708Z ✔ math alias is rejected in a production domain helper (0.279693ms)
runtime	Run corepack pnpm check:boundaries	2026-10-07T00:23:06.7170998Z ✔ import meta is rejected in a production domain helper (0.315178ms)
runtime	Run corepack pnpm check:boundaries	2026-10-07T00:23:06.7171943Z ✔ process environment is rejected in a production domain helper (0.142877ms)
runtime	Run corepack pnpm check:boundaries	2026-10-07T00:23:06.7172296Z ✔ deterministic numeric and explicit-value operations stay allowed (0.972754ms)
runtime	Run corepack pnpm check:boundaries	2026-10-07T00:23:06.7172624Z ✔ type-only properties are not ambient API references (1.174469ms)
runtime	Run corepack pnpm check:boundaries	2026-10-07T00:23:06.7173113Z ✔ compiled graph includes an imported module with an excluded test-like filename (373.218522ms)
runtime	Run corepack pnpm check:boundaries	2026-10-07T00:23:06.7557532Z ℹ tests 18
runtime	Run corepack pnpm check:boundaries	2026-10-07T00:23:06.7558144Z ℹ suites 0
runtime	Run corepack pnpm check:boundaries	2026-10-07T00:23:06.7558420Z ℹ pass 18
runtime	Run corepack pnpm check:boundaries	2026-10-07T00:23:06.7558871Z ℹ fail 0
runtime	Run corepack pnpm check:boundaries	2026-10-07T00:23:06.7559176Z ℹ cancelled 0
runtime	Run corepack pnpm check:boundaries	2026-10-07T00:23:06.7559506Z ℹ skipped 0
runtime	Run corepack pnpm check:boundaries	2026-10-07T00:23:06.7559894Z ℹ todo 0
runtime	Run corepack pnpm check:boundaries	2026-10-07T00:23:06.7560243Z ℹ duration_ms 605.300616
runtime	Run corepack pnpm check:secrets	﻿2026-10-07T00:23:06.8394984Z ##[group]Run corepack pnpm check:secrets
runtime	Run corepack pnpm check:secrets	2026-10-07T00:23:06.8395192Z ^[[36;1mcorepack pnpm check:secrets^[[0m
runtime	Run corepack pnpm check:secrets	2026-10-07T00:23:06.8448008Z shell: /usr/bin/bash -e {0}
runtime	Run corepack pnpm check:secrets	2026-10-07T00:23:06.8448148Z env:
runtime	Run corepack pnpm check:secrets	2026-10-07T00:23:06.8448534Z   DATABASE_URL: ***localhost:5432/insignia_test?sslmode=disable
runtime	Run corepack pnpm check:secrets	2026-10-07T00:23:06.8448823Z   INSIGNIA_REQUIRE_POSTGRES_TEST: 1
runtime	Run corepack pnpm check:secrets	2026-10-07T00:23:06.8448969Z ##[endgroup]
runtime	Run corepack pnpm check:secrets	2026-10-07T00:23:06.8997319Z $ node scripts/boundaries/check-secrets.mjs
runtime	Run corepack pnpm check:secrets	2026-10-07T00:23:06.9294207Z Secret/fixture provenance check passed: 110 production source files, 83 separately scanned test/fixture files, 2 browser artifacts, 2 explicitly synthetic seeds.
runtime	Run corepack pnpm check:database	﻿2026-10-07T00:23:06.9616158Z ##[group]Run corepack pnpm check:database
runtime	Run corepack pnpm check:database	2026-10-07T00:23:06.9616367Z ^[[36;1mcorepack pnpm check:database^[[0m
runtime	Run corepack pnpm check:database	2026-10-07T00:23:06.9687409Z shell: /usr/bin/bash -e {0}
runtime	Run corepack pnpm check:database	2026-10-07T00:23:06.9687554Z env:
runtime	Run corepack pnpm check:database	2026-10-07T00:23:06.9689617Z   DATABASE_URL: ***localhost:5432/insignia_test?sslmode=disable
runtime	Run corepack pnpm check:database	2026-10-07T00:23:06.9690246Z   INSIGNIA_REQUIRE_POSTGRES_TEST: 1
runtime	Run corepack pnpm check:database	2026-10-07T00:23:06.9690390Z ##[endgroup]
runtime	Run corepack pnpm check:database	2026-10-07T00:23:07.0399384Z $ corepack pnpm db:migrate && corepack pnpm db:migrate && corepack pnpm test:database
runtime	Run corepack pnpm check:database	2026-10-07T00:23:07.0909961Z $ dbmate --no-dump-schema --migrations-dir packages/database/migrations up
runtime	Run corepack pnpm check:database	2026-10-07T00:23:07.1387847Z Applying: 20260929000100_durable_core.sql
runtime	Run corepack pnpm check:database	2026-10-07T00:23:07.1537287Z Applied: 20260929000100_durable_core.sql in 15.021702ms
runtime	Run corepack pnpm check:database	2026-10-07T00:23:07.1537592Z Applying: 20260929000200_runtime_ingress_credentials.sql
runtime	Run corepack pnpm check:database	2026-10-07T00:23:07.1581099Z Applied: 20260929000200_runtime_ingress_credentials.sql in 4.394267ms
runtime	Run corepack pnpm check:database	2026-10-07T00:23:07.1581489Z Applying: 20260929000300_authorization_generation.sql
runtime	Run corepack pnpm check:database	2026-10-07T00:23:07.1608534Z Applied: 20260929000300_authorization_generation.sql in 2.718978ms
runtime	Run corepack pnpm check:database	2026-10-07T00:23:07.1609059Z Applying: 20260929000400_accepted_quote.sql
runtime	Run corepack pnpm check:database	2026-10-07T00:23:07.1660939Z Applied: 20260929000400_accepted_quote.sql in 5.252918ms
runtime	Run corepack pnpm check:database	2026-10-07T00:23:07.1661339Z Applying: 20260930000100_m4_key_lifecycle.sql
runtime	Run corepack pnpm check:database	2026-10-07T00:23:07.1717736Z Applied: 20260930000100_m4_key_lifecycle.sql in 5.668214ms
runtime	Run corepack pnpm check:database	2026-10-07T00:23:07.1718097Z Applying: 20260930000200_publication_progress.sql
runtime	Run corepack pnpm check:database	2026-10-07T00:23:07.1752978Z Applied: 20260930000200_publication_progress.sql in 3.516998ms
runtime	Run corepack pnpm check:database	2026-10-07T00:23:07.1753365Z Applying: 20260930000300_m5_revision_geometry.sql
runtime	Run corepack pnpm check:database	2026-10-07T00:23:07.1775264Z Applied: 20260930000300_m5_revision_geometry.sql in 2.212116ms
runtime	Run corepack pnpm check:database	2026-10-07T00:23:07.1775732Z Applying: 20260930000400_m5_revision_presentation.sql
runtime	Run corepack pnpm check:database	2026-10-07T00:23:07.1796645Z Applied: 20260930000400_m5_revision_presentation.sql in 2.1208ms
runtime	Run corepack pnpm check:database	2026-10-07T00:23:07.1797073Z Applying: 20260930000500_m5_publication_source_version.sql
runtime	Run corepack pnpm check:database	2026-10-07T00:23:07.1807292Z Applied: 20260930000500_m5_publication_source_version.sql in 1.079936ms
runtime	Run corepack pnpm check:database	2026-10-07T00:23:07.1807721Z Applying: 20260930000600_m5_publication_intent_generation.sql
runtime	Run corepack pnpm check:database	2026-10-07T00:23:07.1817789Z Applied: 20260930000600_m5_publication_intent_generation.sql in 985.123µs
runtime	Run corepack pnpm check:database	2026-10-07T00:23:07.1818226Z Applying: 20260930000700_m5_publication_intent_lookup.sql
runtime	Run corepack pnpm check:database	2026-10-07T00:23:07.1829567Z Applied: 20260930000700_m5_publication_intent_lookup.sql in 1.203232ms
runtime	Run corepack pnpm check:database	2026-10-07T00:23:07.1830047Z Applying: 20260930000800_m5_current_publication_pointer.sql
runtime	Run corepack pnpm check:database	2026-10-07T00:23:07.1851350Z Applied: 20260930000800_m5_current_publication_pointer.sql in 2.178474ms
runtime	Run corepack pnpm check:database	2026-10-07T00:23:07.1851843Z Applying: 20260930000900_m5_activation.sql
runtime	Run corepack pnpm check:database	2026-10-07T00:23:07.1926829Z Applied: 20260930000900_m5_activation.sql in 7.529454ms
runtime	Run corepack pnpm check:database	2026-10-07T00:23:07.1927363Z Applying: 20261006000100_m5_availability_v2.sql
runtime	Run corepack pnpm check:database	2026-10-07T00:23:07.1987184Z Applied: 20261006000100_m5_availability_v2.sql in 6.04004ms
runtime	Run corepack pnpm check:database	2026-10-07T00:23:07.2571450Z $ dbmate --no-dump-schema --migrations-dir packages/database/migrations up
runtime	Run corepack pnpm check:database	2026-10-07T00:23:07.3560008Z $ corepack pnpm --filter @insignia/database test
runtime	Run corepack pnpm check:database	2026-10-07T00:23:07.4097239Z $ vitest run
runtime	Run corepack pnpm check:database	2026-10-07T00:23:07.5873667Z
runtime	Run corepack pnpm check:database	2026-10-07T00:23:07.5877897Z ^[[1m^[[30m^[[46m RUN ^[[49m^[[39m^[[22m ^[[36mv5.0.2 ^[[39m^[[90m/home/runner/work/insignia/insignia/packages/database^[[39m
runtime	Run corepack pnpm check:database	2026-10-07T00:23:07.5878469Z
runtime	Run corepack pnpm check:database	2026-10-07T00:23:08.6088263Z  ^[[32m✓^[[39m test/accepted-quote.test.ts ^[[2m(^[[22m^[[2m2 tests^[[22m^[[2m)^[[22m^[[33m 473^[[2mms^[[22m^[[39m
runtime	Run corepack pnpm check:database	2026-10-07T00:23:08.6119631Z    ^[[32m✓^[[39m accepted quote PostgreSQL authority ^[[2m(2)^[[22m
runtime	Run corepack pnpm check:database	2026-10-07T00:23:08.6120378Z      ^[[33m^[[2m✓^[[22m^[[39m stores one complete quote/set, replays the same key, and forbids mutation^[[33m 368^[[2mms^[[22m^[[39m
runtime	Run corepack pnpm check:database	2026-10-07T00:23:08.6991392Z  ^[[32m✓^[[39m test/runtime.test.ts ^[[2m(^[[22m^[[2m11 tests^[[22m^[[2m)^[[22m^[[33m 564^[[2mms^[[22m^[[39m
runtime	Run corepack pnpm check:database	2026-10-07T00:23:09.1250635Z  ^[[32m✓^[[39m test/config.test.ts ^[[2m(^[[22m^[[2m9 tests^[[22m^[[2m)^[[22m^[[32m 201^[[2mms^[[22m^[[39m
runtime	Run corepack pnpm check:database	2026-10-07T00:23:09.5289728Z  ^[[32m✓^[[39m test/production-publication.test.ts ^[[2m(^[[22m^[[2m10 tests^[[22m^[[2m)^[[22m^[[33m 523^[[2mms^[[22m^[[39m
runtime	Run corepack pnpm check:database	2026-10-07T00:23:09.7960587Z  ^[[32m✓^[[39m test/delivery/pg-delivery-repository.test.ts ^[[2m(^[[22m^[[2m10 tests^[[22m^[[2m)^[[22m^[[33m 361^[[2mms^[[22m^[[39m
runtime	Run corepack pnpm check:database	2026-10-07T00:23:10.1090379Z  ^[[32m✓^[[39m test/command/pg-command-repository.test.ts ^[[2m(^[[22m^[[2m6 tests^[[22m^[[2m)^[[22m^[[32m 224^[[2mms^[[22m^[[39m
runtime	Run corepack pnpm check:database	2026-10-07T00:23:10.2726402Z  ^[[32m✓^[[39m test/signing-keys.test.ts ^[[2m(^[[22m^[[2m3 tests^[[22m^[[2m)^[[22m^[[32m 144^[[2mms^[[22m^[[39m
runtime	Run corepack pnpm check:database	2026-10-07T00:23:10.6190212Z  ^[[32m✓^[[39m test/public-admission.test.ts ^[[2m(^[[22m^[[2m3 tests^[[22m^[[2m)^[[22m^[[32m 137^[[2mms^[[22m^[[39m
runtime	Run corepack pnpm check:database	2026-10-07T00:23:10.6198102Z  ^[[32m✓^[[39m test/authorization-generation.test.ts ^[[2m(^[[22m^[[2m1 test^[[22m^[[2m)^[[22m^[[32m 54^[[2mms^[[22m^[[39m
runtime	Run corepack pnpm check:database	2026-10-07T00:23:10.7414162Z ^[[90mstdout^[[2m | test/activation.test.ts^[[2m > ^[[22m^[[2mPG18 scoped production activation^[[2m > ^[[22m^[[2mR1-T real restoration credential delay 0 ms
runtime	Run corepack pnpm check:database	2026-10-07T00:23:10.7415692Z ^[[22m^[[39mR1_T_RESTORE_HTTP_OBSERVATION {"result":{"kind":"ACTIVE","evidenceDigest":"b6929f9a3f4b5d7fff39c92a15081015b80c1e781b9cad1e8917b359a16e2ad8"},"statusMutations":["DRAFT","ACTIVE"]}
runtime	Run corepack pnpm check:database	2026-10-07T00:23:10.7416361Z
runtime	Run corepack pnpm check:database	2026-10-07T00:23:10.8166085Z ^[[90mstdout^[[2m | test/activation.test.ts^[[2m > ^[[22m^[[2mPG18 scoped production activation^[[2m > ^[[22m^[[2mR1-T real restoration credential delay 999 ms
runtime	Run corepack pnpm check:database	2026-10-07T00:23:10.8167415Z ^[[22m^[[39mR1_T_RESTORE_HTTP_OBSERVATION {"result":{"kind":"ACTIVE","evidenceDigest":"42fc7cf56a23ddb11f957bd22cf4cea482d5c73601e5b5dbf90602370538e269"},"statusMutations":["DRAFT","ACTIVE"]}
runtime	Run corepack pnpm check:database	2026-10-07T00:23:10.8168046Z
runtime	Run corepack pnpm check:database	2026-10-07T00:23:10.8927210Z ^[[90mstdout^[[2m | test/activation.test.ts^[[2m > ^[[22m^[[2mPG18 scoped production activation^[[2m > ^[[22m^[[2mR1-T real restoration credential delay 1000 ms
runtime	Run corepack pnpm check:database	2026-10-07T00:23:10.8928525Z ^[[22m^[[39mR1_T_RESTORE_HTTP_OBSERVATION {"result":{"kind":"ACTIVE","evidenceDigest":"4a8bb6edfd70545fb5396cadb06f8fa587465f832d2d98800a7b702070d97db4"},"statusMutations":["DRAFT","ACTIVE"]}
runtime	Run corepack pnpm check:database	2026-10-07T00:23:10.8929256Z
runtime	Run corepack pnpm check:database	2026-10-07T00:23:10.9599598Z ^[[90mstdout^[[2m | test/activation.test.ts^[[2m > ^[[22m^[[2mPG18 scoped production activation^[[2m > ^[[22m^[[2mR1-T real restoration credential delay 1001 ms
runtime	Run corepack pnpm check:database	2026-10-07T00:23:10.9600986Z ^[[22m^[[39mR1_T_RESTORE_HTTP_OBSERVATION {"result":{"kind":"ACTIVATED_RESTORATION_PENDING","evidenceDigest":"ba4be014257b84ad3110ecce1743f624fe8ad7babfde547dd51ac13e92237162"},"statusMutations":["DRAFT"]}
runtime	Run corepack pnpm check:database	2026-10-07T00:23:10.9601647Z
runtime	Run corepack pnpm check:database	2026-10-07T00:23:11.0281648Z ^[[90mstdout^[[2m | test/activation.test.ts^[[2m > ^[[22m^[[2mPG18 scoped production activation^[[2m > ^[[22m^[[2mR1-T real restoration credential delay 2000 ms
runtime	Run corepack pnpm check:database	2026-10-07T00:23:11.0283099Z ^[[22m^[[39mR1_T_RESTORE_HTTP_OBSERVATION {"result":{"kind":"ACTIVATED_RESTORATION_PENDING","evidenceDigest":"8886e149d7436ac57fd5b1ea53a31552227ef248878e0ef3e37222a7eaf1e299"},"statusMutations":["DRAFT"]}
runtime	Run corepack pnpm check:database	2026-10-07T00:23:11.0283708Z
runtime	Run corepack pnpm check:database	2026-10-07T00:23:11.0972476Z ^[[90mstdout^[[2m | test/activation.test.ts^[[2m > ^[[22m^[[2mPG18 scoped production activation^[[2m > ^[[22m^[[2mR1-T real restoration credential delay -1 ms
runtime	Run corepack pnpm check:database	2026-10-07T00:23:11.0974238Z ^[[22m^[[39mR1_T_RESTORE_HTTP_OBSERVATION {"result":{"kind":"ACTIVATED_RESTORATION_PENDING","evidenceDigest":"525c44e91f9f4a5bc5ef04114d900514ee4017c419be8b2784f1123891c8880d"},"statusMutations":["DRAFT"]}
runtime	Run corepack pnpm check:database	2026-10-07T00:23:11.0974827Z
runtime	Run corepack pnpm check:database	2026-10-07T00:23:15.2240273Z  ^[[32m✓^[[39m test/activation.test.ts ^[[2m(^[[22m^[[2m106 tests^[[22m^[[2m)^[[22m^[[33m 7037^[[2mms^[[22m^[[39m
runtime	Run corepack pnpm check:database	2026-10-07T00:23:15.2272797Z
runtime	Run corepack pnpm check:database	2026-10-07T00:23:15.2289790Z ^[[2m Test Files ^[[22m ^[[1m^[[32m10 passed^[[39m^[[22m^[[90m (10)^[[39m
runtime	Run corepack pnpm check:database	2026-10-07T00:23:15.2290574Z ^[[2m      Tests ^[[22m ^[[1m^[[32m161 passed^[[39m^[[22m^[[90m (161)^[[39m
runtime	Run corepack pnpm check:database	2026-10-07T00:23:15.2291086Z ^[[2m   Start at ^[[22m 00:23:07
runtime	Run corepack pnpm check:database	2026-10-07T00:23:15.2291643Z ^[[2m   Duration ^[[22m 7.63s^[[2m (tests 76%, import 17%, transform 7%)^[[22m
runtime	Run corepack pnpm check:database	2026-10-07T00:23:15.2292107Z
runtime	Run corepack pnpm --filter @insignia/shopify test	﻿2026-10-07T00:23:15.2838124Z ##[group]Run corepack pnpm --filter @insignia/shopify test
runtime	Run corepack pnpm --filter @insignia/shopify test	2026-10-07T00:23:15.2838412Z ^[[36;1mcorepack pnpm --filter @insignia/shopify test^[[0m
runtime	Run corepack pnpm --filter @insignia/shopify test	2026-10-07T00:23:15.2891507Z shell: /usr/bin/bash -e {0}
runtime	Run corepack pnpm --filter @insignia/shopify test	2026-10-07T00:23:15.2891654Z env:
runtime	Run corepack pnpm --filter @insignia/shopify test	2026-10-07T00:23:15.2892016Z   DATABASE_URL: ***localhost:5432/insignia_test?sslmode=disable
runtime	Run corepack pnpm --filter @insignia/shopify test	2026-10-07T00:23:15.2892213Z   INSIGNIA_REQUIRE_POSTGRES_TEST: 1
runtime	Run corepack pnpm --filter @insignia/shopify test	2026-10-07T00:23:15.2892361Z ##[endgroup]
runtime	Run corepack pnpm --filter @insignia/shopify test	2026-10-07T00:23:15.3466200Z $ vitest run
runtime	Run corepack pnpm --filter @insignia/shopify test	2026-10-07T00:23:15.5147449Z
runtime	Run corepack pnpm --filter @insignia/shopify test	2026-10-07T00:23:15.5149024Z ^[[1m^[[30m^[[46m RUN ^[[49m^[[39m^[[22m ^[[36mv5.0.2 ^[[39m^[[90m/home/runner/work/insignia/insignia/packages/shopify^[[39m
runtime	Run corepack pnpm --filter @insignia/shopify test	2026-10-07T00:23:15.5149505Z
runtime	Run corepack pnpm --filter @insignia/shopify test	2026-10-07T00:23:15.7478137Z  ^[[32m✓^[[39m test/contextual-pricing.test.ts ^[[2m(^[[22m^[[2m26 tests^[[22m^[[2m)^[[22m^[[32m 45^[[2mms^[[22m^[[39m
runtime	Run corepack pnpm --filter @insignia/shopify test	2026-10-07T00:23:16.0020157Z  ^[[32m✓^[[39m test/publication-admin.test.ts ^[[2m(^[[22m^[[2m12 tests^[[22m^[[2m)^[[22m^[[32m 138^[[2mms^[[22m^[[39m
runtime	Run corepack pnpm --filter @insignia/shopify test	2026-10-07T00:23:16.0906722Z  ^[[32m✓^[[39m test/availability-hold-v2.test.ts ^[[2m(^[[22m^[[2m41 tests^[[22m^[[2m)^[[22m^[[32m 207^[[2mms^[[22m^[[39m
runtime	Run corepack pnpm --filter @insignia/shopify test	2026-10-07T00:23:16.1602109Z  ^[[32m✓^[[39m test/active-subscription.test.ts ^[[2m(^[[22m^[[2m21 tests^[[22m^[[2m)^[[22m^[[32m 39^[[2mms^[[22m^[[39m
runtime	Run corepack pnpm --filter @insignia/shopify test	2026-10-07T00:23:16.1949337Z  ^[[32m✓^[[39m test/function-ownership.test.ts ^[[2m(^[[22m^[[2m5 tests^[[22m^[[2m)^[[22m^[[32m 7^[[2mms^[[22m^[[39m
runtime	Run corepack pnpm --filter @insignia/shopify test	2026-10-07T00:23:16.2891217Z  ^[[32m✓^[[39m test/catalog.test.ts ^[[2m(^[[22m^[[2m5 tests^[[22m^[[2m)^[[22m^[[32m 6^[[2mms^[[22m^[[39m
runtime	Run corepack pnpm --filter @insignia/shopify test	2026-10-07T00:23:16.3201002Z ^[[90mstdout^[[2m | test/admin-online-identity.test.ts^[[2m > ^[[22m^[[2mproduction Shopify online staff adapter with synthetic transport^[[2m > ^[[22m^[[2muses the actual pinned SDK token exchange with a synthetic HTTP response
runtime	Run corepack pnpm --filter @insignia/shopify test	2026-10-07T00:23:16.3202136Z ^[[22m^[[39m[shopify-api/INFO] version 15.0.0, environment Node v24.21.0
runtime	Run corepack pnpm --filter @insignia/shopify test	2026-10-07T00:23:16.3202643Z [shopify-api/INFO] Future flag customerAddressDefaultFix is disabled.
runtime	Run corepack pnpm --filter @insignia/shopify test	2026-10-07T00:23:16.3202905Z
runtime	Run corepack pnpm --filter @insignia/shopify test	2026-10-07T00:23:16.3203322Z   Enable this flag to change the CustomerAddress classes to expose a 'is_default' property instead of 'default' when fetching data.
runtime	Run corepack pnpm --filter @insignia/shopify test	2026-10-07T00:23:16.3203762Z
runtime	Run corepack pnpm --filter @insignia/shopify test	2026-10-07T00:23:16.3204020Z [shopify-api/INFO] Future flag unstable_managedPricingSupport is disabled.
runtime	Run corepack pnpm --filter @insignia/shopify test	2026-10-07T00:23:16.3204287Z
runtime	Run corepack pnpm --filter @insignia/shopify test	2026-10-07T00:23:16.3204900Z   Enable this flag to support managed pricing, so apps can check for payments without needing a billing config. Learn more at https://shopify.dev/docs/apps/launch/billing/managed-pricing
runtime	Run corepack pnpm --filter @insignia/shopify test	2026-10-07T00:23:16.3205471Z
runtime	Run corepack pnpm --filter @insignia/shopify test	2026-10-07T00:23:16.3205477Z
runtime	Run corepack pnpm --filter @insignia/shopify test	2026-10-07T00:23:16.3225534Z ^[[90mstdout^[[2m | test/admin-online-identity.test.ts^[[2m > ^[[22m^[[2mproduction Shopify online staff adapter with synthetic transport^[[2m > ^[[22m^[[2muses the actual pinned SDK token exchange with a synthetic HTTP response
runtime	Run corepack pnpm --filter @insignia/shopify test	2026-10-07T00:23:16.3227238Z ^[[22m^[[39m[shopify-api/INFO] Creating new session | {shop: alpha.myshopify.com, isOnline: true}
runtime	Run corepack pnpm --filter @insignia/shopify test	2026-10-07T00:23:16.3227706Z
runtime	Run corepack pnpm --filter @insignia/shopify test	2026-10-07T00:23:16.3251013Z ^[[90mstdout^[[2m | test/admin-online-identity.test.ts^[[2m > ^[[22m^[[2mproduction Shopify online staff adapter with synthetic transport^[[2m > ^[[22m^[[2mchecks the signed ID token, online staff and exact installation read
runtime	Run corepack pnpm --filter @insignia/shopify test	2026-10-07T00:23:16.3252146Z ^[[22m^[[39m[shopify-api/INFO] version 15.0.0, environment Node v24.21.0
runtime	Run corepack pnpm --filter @insignia/shopify test	2026-10-07T00:23:16.3252792Z [shopify-api/INFO] Future flag customerAddressDefaultFix is disabled.
runtime	Run corepack pnpm --filter @insignia/shopify test	2026-10-07T00:23:16.3253170Z
runtime	Run corepack pnpm --filter @insignia/shopify test	2026-10-07T00:23:16.3253701Z   Enable this flag to change the CustomerAddress classes to expose a 'is_default' property instead of 'default' when fetching data.
runtime	Run corepack pnpm --filter @insignia/shopify test	2026-10-07T00:23:16.3254244Z
runtime	Run corepack pnpm --filter @insignia/shopify test	2026-10-07T00:23:16.3254629Z [shopify-api/INFO] Future flag unstable_managedPricingSupport is disabled.
runtime	Run corepack pnpm --filter @insignia/shopify test	2026-10-07T00:23:16.3255017Z
runtime	Run corepack pnpm --filter @insignia/shopify test	2026-10-07T00:23:16.3255734Z   Enable this flag to support managed pricing, so apps can check for payments without needing a billing config. Learn more at https://shopify.dev/docs/apps/launch/billing/managed-pricing
runtime	Run corepack pnpm --filter @insignia/shopify test	2026-10-07T00:23:16.3256443Z
runtime	Run corepack pnpm --filter @insignia/shopify test	2026-10-07T00:23:16.3256560Z
runtime	Run corepack pnpm --filter @insignia/shopify test	2026-10-07T00:23:16.3300085Z ^[[90mstdout^[[2m | test/admin-online-identity.test.ts^[[2m > ^[[22m^[[2mproduction Shopify online staff adapter with synthetic transport^[[2m > ^[[22m^[[2mrejects expired identity and grant, malformed installation and large bodies
runtime	Run corepack pnpm --filter @insignia/shopify test	2026-10-07T00:23:16.3301592Z ^[[22m^[[39m[shopify-api/INFO] version 15.0.0, environment Node v24.21.0
runtime	Run corepack pnpm --filter @insignia/shopify test	2026-10-07T00:23:16.3302211Z [shopify-api/INFO] Future flag customerAddressDefaultFix is disabled.
runtime	Run corepack pnpm --filter @insignia/shopify test	2026-10-07T00:23:16.3302593Z
runtime	Run corepack pnpm --filter @insignia/shopify test	2026-10-07T00:23:16.3303120Z   Enable this flag to change the CustomerAddress classes to expose a 'is_default' property instead of 'default' when fetching data.
runtime	Run corepack pnpm --filter @insignia/shopify test	2026-10-07T00:23:16.3303661Z
runtime	Run corepack pnpm --filter @insignia/shopify test	2026-10-07T00:23:16.3304022Z [shopify-api/INFO] Future flag unstable_managedPricingSupport is disabled.
runtime	Run corepack pnpm --filter @insignia/shopify test	2026-10-07T00:23:16.3304405Z
runtime	Run corepack pnpm --filter @insignia/shopify test	2026-10-07T00:23:16.3305097Z   Enable this flag to support managed pricing, so apps can check for payments without needing a billing config. Learn more at https://shopify.dev/docs/apps/launch/billing/managed-pricing
runtime	Run corepack pnpm --filter @insignia/shopify test	2026-10-07T00:23:16.3305791Z
runtime	Run corepack pnpm --filter @insignia/shopify test	2026-10-07T00:23:16.3305935Z
runtime	Run corepack pnpm --filter @insignia/shopify test	2026-10-07T00:23:16.3314485Z ^[[90mstdout^[[2m | test/admin-online-identity.test.ts^[[2m > ^[[22m^[[2mproduction Shopify online staff adapter with synthetic transport^[[2m > ^[[22m^[[2mrejects expired identity and grant, malformed installation and large bodies
runtime	Run corepack pnpm --filter @insignia/shopify test	2026-10-07T00:23:16.3315610Z ^[[22m^[[39m[shopify-api/INFO] version 15.0.0, environment Node v24.21.0
runtime	Run corepack pnpm --filter @insignia/shopify test	2026-10-07T00:23:16.3316219Z [shopify-api/INFO] Future flag customerAddressDefaultFix is disabled.
runtime	Run corepack pnpm --filter @insignia/shopify test	2026-10-07T00:23:16.3316597Z
runtime	Run corepack pnpm --filter @insignia/shopify test	2026-10-07T00:23:16.3317131Z   Enable this flag to change the CustomerAddress classes to expose a 'is_default' property instead of 'default' when fetching data.
runtime	Run corepack pnpm --filter @insignia/shopify test	2026-10-07T00:23:16.3317679Z
runtime	Run corepack pnpm --filter @insignia/shopify test	2026-10-07T00:23:16.3318054Z [shopify-api/INFO] Future flag unstable_managedPricingSupport is disabled.
runtime	Run corepack pnpm --filter @insignia/shopify test	2026-10-07T00:23:16.3318438Z
runtime	Run corepack pnpm --filter @insignia/shopify test	2026-10-07T00:23:16.3319306Z   Enable this flag to support managed pricing, so apps can check for payments without needing a billing config. Learn more at https://shopify.dev/docs/apps/launch/billing/managed-pricing
runtime	Run corepack pnpm --filter @insignia/shopify test	2026-10-07T00:23:16.3319982Z
runtime	Run corepack pnpm --filter @insignia/shopify test	2026-10-07T00:23:16.3320116Z
runtime	Run corepack pnpm --filter @insignia/shopify test	2026-10-07T00:23:16.3361665Z  ^[[32m✓^[[39m test/admin-online-identity.test.ts ^[[2m(^[[22m^[[2m3 tests^[[22m^[[2m)^[[22m^[[32m 16^[[2mms^[[22m^[[39m
runtime	Run corepack pnpm --filter @insignia/shopify test	2026-10-07T00:23:16.4232094Z  ^[[32m✓^[[39m test/open-exchange-rates.test.ts ^[[2m(^[[22m^[[2m6 tests^[[22m^[[2m)^[[22m^[[32m 31^[[2mms^[[22m^[[39m
runtime	Run corepack pnpm --filter @insignia/shopify test	2026-10-07T00:23:16.4496304Z  ^[[32m✓^[[39m test/refresh.test.ts ^[[2m(^[[22m^[[2m11 tests^[[22m^[[2m)^[[22m^[[32m 26^[[2mms^[[22m^[[39m
runtime	Run corepack pnpm --filter @insignia/shopify test	2026-10-07T00:23:16.5274793Z  ^[[32m✓^[[39m test/webhook.test.ts ^[[2m(^[[22m^[[2m5 tests^[[22m^[[2m)^[[22m^[[32m 20^[[2mms^[[22m^[[39m
runtime	Run corepack pnpm --filter @insignia/shopify test	2026-10-07T00:23:16.5726803Z  ^[[32m✓^[[39m test/shop-context.test.ts ^[[2m(^[[22m^[[2m2 tests^[[22m^[[2m)^[[22m^[[32m 32^[[2mms^[[22m^[[39m
runtime	Run corepack pnpm --filter @insignia/shopify test	2026-10-07T00:23:16.6141800Z  ^[[32m✓^[[39m test/live-subscription-shape.test.ts ^[[2m(^[[22m^[[2m1 test^[[22m^[[2m)^[[22m^[[32m 4^[[2mms^[[22m^[[39m
runtime	Run corepack pnpm --filter @insignia/shopify test	2026-10-07T00:23:16.7020290Z  ^[[32m✓^[[39m test/availability-hold.test.ts ^[[2m(^[[22m^[[2m129 tests^[[22m^[[2m)^[[22m^[[33m 952^[[2mms^[[22m^[[39m
runtime	Run corepack pnpm --filter @insignia/shopify test	2026-10-07T00:23:16.7067664Z
runtime	Run corepack pnpm --filter @insignia/shopify test	2026-10-07T00:23:16.7072324Z ^[[2m Test Files ^[[22m ^[[1m^[[32m13 passed^[[39m^[[22m^[[90m (13)^[[39m
runtime	Run corepack pnpm --filter @insignia/shopify test	2026-10-07T00:23:16.7073286Z ^[[2m      Tests ^[[22m ^[[1m^[[32m267 passed^[[39m^[[22m^[[90m (267)^[[39m
runtime	Run corepack pnpm --filter @insignia/shopify test	2026-10-07T00:23:16.7073989Z ^[[2m   Start at ^[[22m 00:23:15
runtime	Run corepack pnpm --filter @insignia/shopify test	2026-10-07T00:23:16.7089684Z ^[[2m   Duration ^[[22m 1.18s^[[2m (tests 67%, transform 19%, import 12%, worker 2%)^[[22m
runtime	Run corepack pnpm --filter @insignia/shopify test	2026-10-07T00:23:16.7090006Z
runtime	Run corepack pnpm --filter @insignia/application test	﻿2026-10-07T00:23:16.7376323Z ##[group]Run corepack pnpm --filter @insignia/application test
runtime	Run corepack pnpm --filter @insignia/application test	2026-10-07T00:23:16.7376783Z ^[[36;1mcorepack pnpm --filter @insignia/application test^[[0m
runtime	Run corepack pnpm --filter @insignia/application test	2026-10-07T00:23:16.7432890Z shell: /usr/bin/bash -e {0}
runtime	Run corepack pnpm --filter @insignia/application test	2026-10-07T00:23:16.7433110Z env:
runtime	Run corepack pnpm --filter @insignia/application test	2026-10-07T00:23:16.7433608Z   DATABASE_URL: ***localhost:5432/insignia_test?sslmode=disable
runtime	Run corepack pnpm --filter @insignia/application test	2026-10-07T00:23:16.7433909Z   INSIGNIA_REQUIRE_POSTGRES_TEST: 1
runtime	Run corepack pnpm --filter @insignia/application test	2026-10-07T00:23:16.7434132Z ##[endgroup]
runtime	Run corepack pnpm --filter @insignia/application test	2026-10-07T00:23:16.8044625Z $ vitest run
runtime	Run corepack pnpm --filter @insignia/application test	2026-10-07T00:23:16.9805838Z
runtime	Run corepack pnpm --filter @insignia/application test	2026-10-07T00:23:16.9807909Z ^[[1m^[[30m^[[46m RUN ^[[49m^[[39m^[[22m ^[[36mv5.0.2 ^[[39m^[[90m/home/runner/work/insignia/insignia/packages/application^[[39m
runtime	Run corepack pnpm --filter @insignia/application test	2026-10-07T00:23:16.9808390Z
runtime	Run corepack pnpm --filter @insignia/application test	2026-10-07T00:23:17.2487769Z  ^[[32m✓^[[39m src/quote/accept-quote.test.ts ^[[2m(^[[22m^[[2m21 tests^[[22m^[[2m)^[[22m^[[32m 45^[[2mms^[[22m^[[39m
runtime	Run corepack pnpm --filter @insignia/application test	2026-10-07T00:23:17.3259226Z  ^[[32m✓^[[39m src/publication/activation.test.ts ^[[2m(^[[22m^[[2m47 tests^[[22m^[[2m)^[[22m^[[32m 118^[[2mms^[[22m^[[39m
runtime	Run corepack pnpm --filter @insignia/application test	2026-10-07T00:23:17.3685240Z  ^[[32m✓^[[39m test/provider-policy.test.ts ^[[2m(^[[22m^[[2m8 tests^[[22m^[[2m)^[[22m^[[32m 10^[[2mms^[[22m^[[39m
runtime	Run corepack pnpm --filter @insignia/application test	2026-10-07T00:23:17.4564183Z  ^[[32m✓^[[39m test/offline-credentials.test.ts ^[[2m(^[[22m^[[2m5 tests^[[22m^[[2m)^[[22m^[[32m 9^[[2mms^[[22m^[[39m
runtime	Run corepack pnpm --filter @insignia/application test	2026-10-07T00:23:17.5430353Z  ^[[32m✓^[[39m test/artifact-attestation.test.ts ^[[2m(^[[22m^[[2m58 tests^[[22m^[[2m)^[[22m^[[32m 34^[[2mms^[[22m^[[39m
runtime	Run corepack pnpm --filter @insignia/application test	2026-10-07T00:23:17.5832548Z  ^[[32m✓^[[39m src/publication/availability-v2-recovery.test.ts ^[[2m(^[[22m^[[2m3 tests^[[22m^[[2m)^[[22m^[[32m 12^[[2mms^[[22m^[[39m
runtime	Run corepack pnpm --filter @insignia/application test	2026-10-07T00:23:17.6765546Z  ^[[32m✓^[[39m test/keys/key-lifecycle.test.ts ^[[2m(^[[22m^[[2m4 tests^[[22m^[[2m)^[[22m^[[32m 7^[[2mms^[[22m^[[39m
runtime	Run corepack pnpm --filter @insignia/application test	2026-10-07T00:23:17.6974385Z  ^[[32m✓^[[39m test/shopify-ingress.test.ts ^[[2m(^[[22m^[[2m3 tests^[[22m^[[2m)^[[22m^[[32m 7^[[2mms^[[22m^[[39m
runtime	Run corepack pnpm --filter @insignia/application test	2026-10-07T00:23:17.7274506Z  ^[[32m✓^[[39m test/provider-composition.test.ts ^[[2m(^[[22m^[[2m2 tests^[[22m^[[2m)^[[22m^[[32m 7^[[2mms^[[22m^[[39m
runtime	Run corepack pnpm --filter @insignia/application test	2026-10-07T00:23:17.7980910Z  ^[[32m✓^[[39m src/publication/availability-recovery.test.ts ^[[2m(^[[22m^[[2m17 tests^[[22m^[[2m)^[[22m^[[32m 7^[[2mms^[[22m^[[39m
runtime	Run corepack pnpm --filter @insignia/application test	2026-10-07T00:23:17.8104118Z  ^[[32m✓^[[39m test/admin-credential-bridge.test.ts ^[[2m(^[[22m^[[2m2 tests^[[22m^[[2m)^[[22m^[[32m 7^[[2mms^[[22m^[[39m
runtime	Run corepack pnpm --filter @insignia/application test	2026-10-07T00:23:17.8382635Z  ^[[32m✓^[[39m src/keys/trusted-release.test.ts ^[[2m(^[[22m^[[2m3 tests^[[22m^[[2m)^[[22m^[[32m 7^[[2mms^[[22m^[[39m
runtime	Run corepack pnpm --filter @insignia/application test	2026-10-07T00:23:17.9011316Z  ^[[32m✓^[[39m test/customization-fx.test.ts ^[[2m(^[[22m^[[2m3 tests^[[22m^[[2m)^[[22m^[[32m 4^[[2mms^[[22m^[[39m
runtime	Run corepack pnpm --filter @insignia/application test	2026-10-07T00:23:17.9056191Z  ^[[32m✓^[[39m test/catalog-context.test.ts ^[[2m(^[[22m^[[2m2 tests^[[22m^[[2m)^[[22m^[[32m 5^[[2mms^[[22m^[[39m
runtime	Run corepack pnpm --filter @insignia/application test	2026-10-07T00:23:17.9356838Z  ^[[32m✓^[[39m src/publication/projection.test.ts ^[[2m(^[[22m^[[2m2 tests^[[22m^[[2m)^[[22m^[[32m 3^[[2mms^[[22m^[[39m
runtime	Run corepack pnpm --filter @insignia/application test	2026-10-07T00:23:17.9377864Z
runtime	Run corepack pnpm --filter @insignia/application test	2026-10-07T00:23:17.9381492Z ^[[2m Test Files ^[[22m ^[[1m^[[32m15 passed^[[39m^[[22m^[[90m (15)^[[39m
runtime	Run corepack pnpm --filter @insignia/application test	2026-10-07T00:23:17.9382072Z ^[[2m      Tests ^[[22m ^[[1m^[[32m180 passed^[[39m^[[22m^[[90m (180)^[[39m
runtime	Run corepack pnpm --filter @insignia/application test	2026-10-07T00:23:17.9382477Z ^[[2m   Start at ^[[22m 00:23:16
runtime	Run corepack pnpm --filter @insignia/application test	2026-10-07T00:23:17.9384189Z ^[[2m   Duration ^[[22m 951ms^[[2m (transform 46%, import 33%, tests 18%, worker 3%)^[[22m
runtime	Run corepack pnpm --filter @insignia/application test	2026-10-07T00:23:17.9393422Z
runtime	Run corepack pnpm --filter @insignia/application test	2026-10-07T00:23:17.9394205Z ^[[2m    Isolate ^[[22m ^[[33m15 workers spawned^[[39m^[[2m · ~76ms startup each (spawn + environment, per file)^[[22m
runtime	Run corepack pnpm --filter @insignia/application test	2026-10-07T00:23:17.9395382Z ^[[2m            ^[[22m ^[[2mat least ~306ms faster with ^[[22m^[[33misolate: false^[[39m^[[2m — reuses workers across files instead of one per file^[[22m
runtime	Run corepack pnpm --filter @insignia/application test	2026-10-07T00:23:17.9395763Z
runtime	Run corepack pnpm --filter @insignia/observability test	﻿2026-10-07T00:23:18.0070630Z ##[group]Run corepack pnpm --filter @insignia/observability test
runtime	Run corepack pnpm --filter @insignia/observability test	2026-10-07T00:23:18.0071066Z ^[[36;1mcorepack pnpm --filter @insignia/observability test^[[0m
runtime	Run corepack pnpm --filter @insignia/observability test	2026-10-07T00:23:18.0128298Z shell: /usr/bin/bash -e {0}
runtime	Run corepack pnpm --filter @insignia/observability test	2026-10-07T00:23:18.0128452Z env:
runtime	Run corepack pnpm --filter @insignia/observability test	2026-10-07T00:23:18.0128931Z   DATABASE_URL: ***localhost:5432/insignia_test?sslmode=disable
runtime	Run corepack pnpm --filter @insignia/observability test	2026-10-07T00:23:18.0129125Z   INSIGNIA_REQUIRE_POSTGRES_TEST: 1
runtime	Run corepack pnpm --filter @insignia/observability test	2026-10-07T00:23:18.0129264Z ##[endgroup]
runtime	Run corepack pnpm --filter @insignia/observability test	2026-10-07T00:23:18.0707400Z $ node --test test/*.test.mjs
runtime	Run corepack pnpm --filter @insignia/observability test	2026-10-07T00:23:18.1505319Z ✔ structured runtime events cannot emit arbitrary payload or credential fields (2.259162ms)
runtime	Run corepack pnpm --filter @insignia/observability test	2026-10-07T00:23:18.1509182Z ✔ metric labels are fixed outcomes and never contain tenant or delivery IDs (1.264426ms)
runtime	Run corepack pnpm --filter @insignia/observability test	2026-10-07T00:23:18.1574693Z ℹ tests 2
runtime	Run corepack pnpm --filter @insignia/observability test	2026-10-07T00:23:18.1574915Z ℹ suites 0
runtime	Run corepack pnpm --filter @insignia/observability test	2026-10-07T00:23:18.1575089Z ℹ pass 2
runtime	Run corepack pnpm --filter @insignia/observability test	2026-10-07T00:23:18.1575254Z ℹ fail 0
runtime	Run corepack pnpm --filter @insignia/observability test	2026-10-07T00:23:18.1575454Z ℹ cancelled 0
runtime	Run corepack pnpm --filter @insignia/observability test	2026-10-07T00:23:18.1575641Z ℹ skipped 0
runtime	Run corepack pnpm --filter @insignia/observability test	2026-10-07T00:23:18.1575808Z ℹ todo 0
runtime	Run corepack pnpm --filter @insignia/observability test	2026-10-07T00:23:18.1576091Z ℹ duration_ms 66.195235
runtime	Run corepack pnpm --filter @insignia/worker test	﻿2026-10-07T00:23:18.1725021Z ##[group]Run corepack pnpm --filter @insignia/worker test
runtime	Run corepack pnpm --filter @insignia/worker test	2026-10-07T00:23:18.1725258Z ^[[36;1mcorepack pnpm --filter @insignia/worker test^[[0m
runtime	Run corepack pnpm --filter @insignia/worker test	2026-10-07T00:23:18.1774712Z shell: /usr/bin/bash -e {0}
runtime	Run corepack pnpm --filter @insignia/worker test	2026-10-07T00:23:18.1774849Z env:
runtime	Run corepack pnpm --filter @insignia/worker test	2026-10-07T00:23:18.1775187Z   DATABASE_URL: ***localhost:5432/insignia_test?sslmode=disable
runtime	Run corepack pnpm --filter @insignia/worker test	2026-10-07T00:23:18.1775376Z   INSIGNIA_REQUIRE_POSTGRES_TEST: 1
runtime	Run corepack pnpm --filter @insignia/worker test	2026-10-07T00:23:18.1775512Z ##[endgroup]
runtime	Run corepack pnpm --filter @insignia/worker test	2026-10-07T00:23:18.2342988Z $ node --test test/*.test.mjs
runtime	Run corepack pnpm --filter @insignia/worker test	2026-10-07T00:23:18.2973863Z ✔ current and previous synthetic wrapping keys remain available by ID (1.219217ms)
runtime	Run corepack pnpm --filter @insignia/worker test	2026-10-07T00:23:18.6120961Z ✔ PostgreSQL claim retries the old refresh token after a lost response and fences stale replacement (92.243033ms)
runtime	Run corepack pnpm --filter @insignia/worker test	2026-10-07T00:23:18.6275296Z ✔ diagnostic decodes and derives synthetic pixels without claiming durable readiness (8.839194ms)
runtime	Run corepack pnpm --filter @insignia/worker test	2026-10-07T00:23:18.6279558Z ✔ liveness stays separate from durable readiness; loopback metrics expose bounded outcomes (52.713845ms)
runtime	Run corepack pnpm --filter @insignia/worker test	2026-10-07T00:23:18.8054667Z {"level":30,"time":1791332598804,"event":"worker_started"}
runtime	Run corepack pnpm --filter @insignia/worker test	2026-10-07T00:23:18.8090110Z {"level":30,"time":1791332598808,"event":"webhook_enqueued","inboxId":"d07ebfab-50a2-4c64-afb8-cebee72581c9"}
runtime	Run corepack pnpm --filter @insignia/worker test	2026-10-07T00:23:18.8153325Z {"level":50,"time":1791332598814,"event":"webhook_process_failed","inboxId":"d07ebfab-50a2-4c64-afb8-cebee72581c9","errorClass":"ProcessingError","attempt":0}
runtime	Run corepack pnpm --filter @insignia/worker test	2026-10-07T00:23:22.8145827Z {"level":30,"time":1791332602814,"event":"webhook_process_ok","inboxId":"d07ebfab-50a2-4c64-afb8-cebee72581c9","attempt":1}
runtime	Run corepack pnpm --filter @insignia/worker test	2026-10-07T00:23:22.8413341Z {"level":30,"time":1791332602841,"event":"worker_stopped"}
runtime	Run corepack pnpm --filter @insignia/worker test	2026-10-07T00:23:22.8584003Z {"level":30,"time":1791332602858,"event":"worker_started"}
runtime	Run corepack pnpm --filter @insignia/worker test	2026-10-07T00:23:22.8712431Z {"level":30,"time":1791332602871,"event":"worker_stopped"}
runtime	Run corepack pnpm --filter @insignia/worker test	2026-10-07T00:23:22.8742146Z ✔ PostgreSQL pg-boss starts, retries, settles and replays after restart (4165.90147ms)
runtime	Run corepack pnpm --filter @insignia/worker test	2026-10-07T00:23:22.9030046Z {"level":30,"time":1791332602902,"event":"worker_started"}
runtime	Run corepack pnpm --filter @insignia/worker test	2026-10-07T00:23:22.9051350Z {"level":30,"time":1791332602904,"event":"webhook_enqueued","inboxId":"9fd94632-688c-4b1b-ab51-35192a1fad24"}
runtime	Run corepack pnpm --filter @insignia/worker test	2026-10-07T00:23:22.9146067Z {"level":50,"time":1791332602914,"event":"webhook_process_failed","inboxId":"9fd94632-688c-4b1b-ab51-35192a1fad24","errorClass":"ProcessingError","attempt":0}
runtime	Run corepack pnpm --filter @insignia/worker test	2026-10-07T00:23:26.9098670Z {"level":30,"time":1791332606909,"event":"webhook_process_ok","inboxId":"9fd94632-688c-4b1b-ab51-35192a1fad24","attempt":1}
runtime	Run corepack pnpm --filter @insignia/worker test	2026-10-07T00:23:26.9382482Z {"level":30,"time":1791332606938,"event":"worker_stopped"}
runtime	Run corepack pnpm --filter @insignia/worker test	2026-10-07T00:23:26.9390073Z ✔ pg-boss retry after committed uninstall retains one deactivation and one inbox fact (4066.582109ms)
runtime	Run corepack pnpm --filter @insignia/worker test	2026-10-07T00:23:26.9523709Z ✔ process starts queues and workers before readiness; stop makes readiness unavailable (30.78146ms)
runtime	Run corepack pnpm --filter @insignia/worker test	2026-10-07T00:23:26.9524432Z ✔ startup failure closes a started queue without reporting readiness (1.448324ms)
runtime	Run corepack pnpm --filter @insignia/worker test	2026-10-07T00:23:26.9524876Z {"level":30,"time":1791332598762,"event":"worker_started"}
runtime	Run corepack pnpm --filter @insignia/worker test	2026-10-07T00:23:26.9525257Z {"level":30,"time":1791332598765,"event":"worker_started"}
runtime	Run corepack pnpm --filter @insignia/worker test	2026-10-07T00:23:26.9525542Z {"level":30,"time":1791332598766,"event":"worker_started"}
runtime	Run corepack pnpm --filter @insignia/worker test	2026-10-07T00:23:26.9525752Z {"level":30,"time":1791332598768,"event":"worker_started"}
runtime	Run corepack pnpm --filter @insignia/worker test	2026-10-07T00:23:26.9525959Z {"level":30,"time":1791332598768,"event":"worker_started"}
runtime	Run corepack pnpm --filter @insignia/worker test	2026-10-07T00:23:26.9526166Z {"level":30,"time":1791332598769,"event":"worker_started"}
runtime	Run corepack pnpm --filter @insignia/worker test	2026-10-07T00:23:26.9526488Z ✔ enqueue confirms exact inbox identity, including completed job replay (4.286413ms)
runtime	Run corepack pnpm --filter @insignia/worker test	2026-10-07T00:23:26.9526867Z ✔ null send without same persisted job is retryable, never an acknowledgement (1.09854ms)
runtime	Run corepack pnpm --filter @insignia/worker test	2026-10-07T00:23:26.9527568Z ✔ workers pass IDs only to injected durable handlers; failed attempt retries safely (1.587645ms)
runtime	Run corepack pnpm --filter @insignia/worker test	2026-10-07T00:23:26.9527985Z ✔ invalid job body and identity fail closed without invoking application (0.65998ms)
runtime	Run corepack pnpm --filter @insignia/worker test	2026-10-07T00:23:26.9528413Z ✔ enabled worker refuses missing credential-key configuration and stays not ready (0.742344ms)
runtime	Run corepack pnpm --filter @insignia/worker test	2026-10-07T00:23:26.9529569Z ✔ refresh claim contention is retried rather than silently completing its job (1.086746ms)
runtime	Run corepack pnpm --filter @insignia/worker test	2026-10-07T00:23:26.9529947Z {"level":30,"time":1791332598763,"event":"webhook_enqueued","inboxId":"f86c123f-0907-4516-bb88-a65b90dfae26"}
runtime	Run corepack pnpm --filter @insignia/worker test	2026-10-07T00:23:26.9530247Z {"level":30,"time":1791332598764,"event":"worker_stopped"}
runtime	Run corepack pnpm --filter @insignia/worker test	2026-10-07T00:23:26.9530684Z {"level":50,"time":1791332598766,"event":"webhook_process_failed","inboxId":"01f80557-41cf-4c40-b2e5-56d60a17577a","errorClass":"ProcessingError","attempt":0}
runtime	Run corepack pnpm --filter @insignia/worker test	2026-10-07T00:23:26.9531194Z {"level":30,"time":1791332598766,"event":"webhook_process_ok","inboxId":"01f80557-41cf-4c40-b2e5-56d60a17577a","attempt":1}
runtime	Run corepack pnpm --filter @insignia/worker test	2026-10-07T00:23:26.9531633Z {"level":30,"time":1791332598767,"event":"refresh_process_ok","shopId":"bf8a6b08-268f-4df9-be26-54c13406db02","attempt":0}
runtime	Run corepack pnpm --filter @insignia/worker test	2026-10-07T00:23:26.9531940Z {"level":30,"time":1791332598767,"event":"worker_stopped"}
runtime	Run corepack pnpm --filter @insignia/worker test	2026-10-07T00:23:26.9532359Z {"level":50,"time":1791332598768,"event":"webhook_process_failed","inboxId":"0ca78e5f-7fc4-4d48-b2f6-422a732ea8b6","errorClass":"ProcessingError","attempt":0}
runtime	Run corepack pnpm --filter @insignia/worker test	2026-10-07T00:23:26.9532746Z {"level":30,"time":1791332598769,"event":"worker_stopped"}
runtime	Run corepack pnpm --filter @insignia/worker test	2026-10-07T00:23:26.9533055Z {"level":50,"time":1791332598769,"event":"refresh_process_failed","errorClass":"RefreshError","attempt":0}
runtime	Run corepack pnpm --filter @insignia/worker test	2026-10-07T00:23:26.9533341Z {"level":30,"time":1791332598770,"event":"worker_stopped"}
runtime	Run corepack pnpm --filter @insignia/worker test	2026-10-07T00:23:26.9533827Z ✔ configured worker serves liveness and durable readiness, then closes on SIGTERM (471.127214ms)
runtime	Run corepack pnpm --filter @insignia/worker test	2026-10-07T00:23:26.9534244Z ℹ tests 15
runtime	Run corepack pnpm --filter @insignia/worker test	2026-10-07T00:23:26.9534426Z ℹ suites 0
runtime	Run corepack pnpm --filter @insignia/worker test	2026-10-07T00:23:26.9534586Z ℹ pass 15
runtime	Run corepack pnpm --filter @insignia/worker test	2026-10-07T00:23:26.9534694Z ℹ fail 0
runtime	Run corepack pnpm --filter @insignia/worker test	2026-10-07T00:23:26.9534804Z ℹ cancelled 0
runtime	Run corepack pnpm --filter @insignia/worker test	2026-10-07T00:23:26.9534920Z ℹ skipped 0
runtime	Run corepack pnpm --filter @insignia/worker test	2026-10-07T00:23:26.9535029Z ℹ todo 0
runtime	Run corepack pnpm --filter @insignia/worker test	2026-10-07T00:23:26.9535163Z ℹ duration_ms 8697.151398
runtime	Built HTTP ingress with PostgreSQL and queue handoff	﻿2026-10-07T00:23:26.9667302Z ##[group]Run node --test test/shopify-webhook.test.mjs
runtime	Built HTTP ingress with PostgreSQL and queue handoff	2026-10-07T00:23:26.9667534Z ^[[36;1mnode --test test/shopify-webhook.test.mjs^[[0m
runtime	Built HTTP ingress with PostgreSQL and queue handoff	2026-10-07T00:23:26.9718045Z shell: /usr/bin/bash -e {0}
runtime	Built HTTP ingress with PostgreSQL and queue handoff	2026-10-07T00:23:26.9718180Z env:
runtime	Built HTTP ingress with PostgreSQL and queue handoff	2026-10-07T00:23:26.9718526Z   DATABASE_URL: ***localhost:5432/insignia_test?sslmode=disable
runtime	Built HTTP ingress with PostgreSQL and queue handoff	2026-10-07T00:23:26.9718876Z   INSIGNIA_REQUIRE_POSTGRES_TEST: 1
runtime	Built HTTP ingress with PostgreSQL and queue handoff	2026-10-07T00:23:26.9719043Z ##[endgroup]
runtime	Built HTTP ingress with PostgreSQL and queue handoff	2026-10-07T00:23:29.8501895Z ✔ built HTTP ingress authenticates raw bytes and durably deduplicates through PostgreSQL and queue (2707.772064ms)
runtime	Built HTTP ingress with PostgreSQL and queue handoff	2026-10-07T00:23:34.8469890Z ℹ tests 1
runtime	Built HTTP ingress with PostgreSQL and queue handoff	2026-10-07T00:23:34.8470186Z ℹ suites 0
runtime	Built HTTP ingress with PostgreSQL and queue handoff	2026-10-07T00:23:34.8470371Z ℹ pass 1
runtime	Built HTTP ingress with PostgreSQL and queue handoff	2026-10-07T00:23:34.8470540Z ℹ fail 0
runtime	Built HTTP ingress with PostgreSQL and queue handoff	2026-10-07T00:23:34.8471117Z ℹ cancelled 0
runtime	Built HTTP ingress with PostgreSQL and queue handoff	2026-10-07T00:23:34.8471248Z ℹ skipped 0
runtime	Built HTTP ingress with PostgreSQL and queue handoff	2026-10-07T00:23:34.8471361Z ℹ todo 0
runtime	Built HTTP ingress with PostgreSQL and queue handoff	2026-10-07T00:23:34.8471508Z ℹ duration_ms 7849.752627
runtime	M5 Admin editor and publication with PostgreSQL	﻿2026-10-07T00:23:34.8537323Z ##[group]Run node --test test/admin/merchant-config.test.mjs test/admin/merchant-publication.test.mjs test/admin/production-composition.test.mjs test/admin/preview-composition.test.mjs test/admin/activation-integration.test.mjs test/admin/activation-state.test.mjs test/admin/release-evidence.test.mjs
runtime	M5 Admin editor and publication with PostgreSQL	2026-10-07T00:23:34.8538468Z ^[[36;1mnode --test test/admin/merchant-config.test.mjs test/admin/merchant-publication.test.mjs test/admin/production-composition.test.mjs test/admin/preview-composition.test.mjs test/admin/activation-integration.test.mjs test/admin/activation-state.test.mjs test/admin/release-evidence.test.mjs^[[0m
runtime	M5 Admin editor and publication with PostgreSQL	2026-10-07T00:23:34.8590165Z shell: /usr/bin/bash -e {0}
runtime	M5 Admin editor and publication with PostgreSQL	2026-10-07T00:23:34.8590309Z env:
runtime	M5 Admin editor and publication with PostgreSQL	2026-10-07T00:23:34.8590660Z   DATABASE_URL: ***localhost:5432/insignia_test?sslmode=disable
runtime	M5 Admin editor and publication with PostgreSQL	2026-10-07T00:23:34.8590868Z   INSIGNIA_REQUIRE_POSTGRES_TEST: 1
runtime	M5 Admin editor and publication with PostgreSQL	2026-10-07T00:23:34.8591007Z ##[endgroup]
runtime	M5 Admin editor and publication with PostgreSQL	2026-10-07T00:23:35.6222841Z ✔ real PG activation composes trusted release, synthetic Shopify hold and immutable evidence (339.316673ms)
runtime	M5 Admin editor and publication with PostgreSQL	2026-10-07T00:23:35.6443518Z ✔ admin distinguishes activation waiting, held, restoration and conflict without manufacturing ACTIVE (0.991592ms)
runtime	M5 Admin editor and publication with PostgreSQL	2026-10-07T00:23:35.6445804Z ✔ publication conflict outranks a retained held/pending activation state (0.132912ms)
runtime	M5 Admin editor and publication with PostgreSQL	2026-10-07T00:23:35.6446369Z ✔ terminal operator hold outranks stale held activation (0.127383ms)
runtime	M5 Admin editor and publication with PostgreSQL	2026-10-07T00:23:35.8409232Z ✔ overlapping distinct-key M5 creates serialize before the command FK lock upgrade (187.71069ms)
runtime	M5 Admin editor and publication with PostgreSQL	2026-10-07T00:23:35.8413187Z ✔ currency precision rejects invalid saved and legacy publication amounts without rounding or durable intent (145.493659ms)
runtime	M5 Admin editor and publication with PostgreSQL	2026-10-07T00:23:35.8414372Z ✔ durable editor CAS, exact-key replay, independent copy, immutable geometry, and reinstall fence (330.800896ms)
runtime	M5 Admin editor and publication with PostgreSQL	2026-10-07T00:23:35.9385998Z ✔ actual M4 prepare/advance over immutable M5 revision reports ready, conflict and hold truthfully (644.761104ms)
runtime	M5 Admin editor and publication with PostgreSQL	2026-10-07T00:23:35.9608252Z ✔ diagnostic preview requires accounting and HTTPS before any provider access (250.935983ms)
runtime	M5 Admin editor and publication with PostgreSQL	2026-10-07T00:23:36.1817778Z [shopify-api/INFO] version 15.0.0, environment Node v24.21.0
runtime	M5 Admin editor and publication with PostgreSQL	2026-10-07T00:23:36.1818859Z [shopify-api/INFO] Future flag customerAddressDefaultFix is disabled.
runtime	M5 Admin editor and publication with PostgreSQL	2026-10-07T00:23:36.1819379Z
runtime	M5 Admin editor and publication with PostgreSQL	2026-10-07T00:23:36.1819869Z   Enable this flag to change the CustomerAddress classes to expose a 'is_default' property instead of 'default' when fetching data.
runtime	M5 Admin editor and publication with PostgreSQL	2026-10-07T00:23:36.1820289Z
runtime	M5 Admin editor and publication with PostgreSQL	2026-10-07T00:23:36.1820544Z [shopify-api/INFO] Future flag unstable_managedPricingSupport is disabled.
runtime	M5 Admin editor and publication with PostgreSQL	2026-10-07T00:23:36.1820810Z
runtime	M5 Admin editor and publication with PostgreSQL	2026-10-07T00:23:36.1821402Z   Enable this flag to support managed pricing, so apps can check for payments without needing a billing config. Learn more at https://shopify.dev/docs/apps/launch/billing/managed-pricing
runtime	M5 Admin editor and publication with PostgreSQL	2026-10-07T00:23:36.1821977Z
runtime	M5 Admin editor and publication with PostgreSQL	2026-10-07T00:23:36.1871479Z [shopify-api/INFO] Creating new session | {shop: synthetic-preview.myshopify.com, isOnline: true}
runtime	M5 Admin editor and publication with PostgreSQL	2026-10-07T00:23:36.4638577Z ✔ live-style SDK identity, local PG create/save/reload/CAS/exact ambiguous replay and mutation refusal (503.813321ms)
runtime	M5 Admin editor and publication with PostgreSQL	2026-10-07T00:23:36.4779200Z [shopify-api/INFO] version 15.0.0, environment Node v24.21.0
runtime	M5 Admin editor and publication with PostgreSQL	2026-10-07T00:23:36.4779861Z [shopify-api/INFO] Future flag customerAddressDefaultFix is disabled.
runtime	M5 Admin editor and publication with PostgreSQL	2026-10-07T00:23:36.4780148Z
runtime	M5 Admin editor and publication with PostgreSQL	2026-10-07T00:23:36.4781319Z   Enable this flag to change the CustomerAddress classes to expose a 'is_default' property instead of 'default' when fetching data.
runtime	M5 Admin editor and publication with PostgreSQL	2026-10-07T00:23:36.4781745Z
runtime	M5 Admin editor and publication with PostgreSQL	2026-10-07T00:23:36.4781912Z [shopify-api/INFO] Future flag unstable_managedPricingSupport is disabled.
runtime	M5 Admin editor and publication with PostgreSQL	2026-10-07T00:23:36.4782083Z
runtime	M5 Admin editor and publication with PostgreSQL	2026-10-07T00:23:36.4782464Z   Enable this flag to support managed pricing, so apps can check for payments without needing a billing config. Learn more at https://shopify.dev/docs/apps/launch/billing/managed-pricing
runtime	M5 Admin editor and publication with PostgreSQL	2026-10-07T00:23:36.4783512Z
runtime	M5 Admin editor and publication with PostgreSQL	2026-10-07T00:23:36.4783826Z [shopify-api/INFO] Creating new session | {shop: mdee987701df6422ebb5a71114083a13b.myshopify.com, isOnline: true}
runtime	M5 Admin editor and publication with PostgreSQL	2026-10-07T00:23:36.4785061Z ▶ production composition uses signed staff SDK, current feature policy and real M4 prepare with admission hold
runtime	M5 Admin editor and publication with PostgreSQL	2026-10-07T00:23:36.4785496Z   ✔ scheduled cancellation boundary 2026-09-30T23:59:59.999Z: allowed=true (6.737441ms)
runtime	M5 Admin editor and publication with PostgreSQL	2026-10-07T00:23:36.4785863Z   ✔ scheduled cancellation boundary 2026-10-01T00:00:00.000Z: allowed=false (6.101942ms)
runtime	M5 Admin editor and publication with PostgreSQL	2026-10-07T00:23:36.4786213Z   ✔ scheduled cancellation boundary 2026-10-01T00:00:00.001Z: allowed=false (5.885524ms)
runtime	M5 Admin editor and publication with PostgreSQL	2026-10-07T00:23:36.4786684Z ✔ production composition uses signed staff SDK, current feature policy and real M4 prepare with admission hold (240.591957ms)
runtime	M5 Admin editor and publication with PostgreSQL	2026-10-07T00:23:36.4787200Z ✔ server activation composition cannot promote a diagnostic observation without trusted release source (0.994166ms)
runtime	M5 Admin editor and publication with PostgreSQL	2026-10-07T00:23:36.4787496Z ℹ tests 15
runtime	M5 Admin editor and publication with PostgreSQL	2026-10-07T00:23:36.4787623Z ℹ suites 0
runtime	M5 Admin editor and publication with PostgreSQL	2026-10-07T00:23:36.4787734Z ℹ pass 15
runtime	M5 Admin editor and publication with PostgreSQL	2026-10-07T00:23:36.4787843Z ℹ fail 0
runtime	M5 Admin editor and publication with PostgreSQL	2026-10-07T00:23:36.4787954Z ℹ cancelled 0
runtime	M5 Admin editor and publication with PostgreSQL	2026-10-07T00:23:36.4788081Z ℹ skipped 0
runtime	M5 Admin editor and publication with PostgreSQL	2026-10-07T00:23:36.4788195Z ℹ todo 0
runtime	M5 Admin editor and publication with PostgreSQL	2026-10-07T00:23:36.4788324Z ℹ duration_ms 1594.164787
runtime	Rehearse disposable migration down and up	﻿2026-10-07T00:23:36.4864322Z ##[group]Run corepack pnpm exec dbmate create
runtime	Rehearse disposable migration down and up	2026-10-07T00:23:36.4864537Z ^[[36;1mcorepack pnpm exec dbmate create^[[0m
runtime	Rehearse disposable migration down and up	2026-10-07T00:23:36.4864689Z ^[[36;1mcorepack pnpm db:migrate^[[0m
runtime	Rehearse disposable migration down and up	2026-10-07T00:23:36.4864945Z ^[[36;1mcorepack pnpm exec dbmate --no-dump-schema --migrations-dir packages/database/migrations rollback^[[0m
runtime	Rehearse disposable migration down and up	2026-10-07T00:23:36.4865205Z ^[[36;1mcorepack pnpm db:migrate^[[0m
runtime	Rehearse disposable migration down and up	2026-10-07T00:23:36.4915443Z shell: /usr/bin/bash -e {0}
runtime	Rehearse disposable migration down and up	2026-10-07T00:23:36.4915586Z env:
runtime	Rehearse disposable migration down and up	2026-10-07T00:23:36.4916008Z   DATABASE_URL: ***localhost:5432/insignia_migration_rehearsal?sslmode=disable
runtime	Rehearse disposable migration down and up	2026-10-07T00:23:36.4916215Z   INSIGNIA_REQUIRE_POSTGRES_TEST: 1
runtime	Rehearse disposable migration down and up	2026-10-07T00:23:36.4916354Z ##[endgroup]
runtime	Rehearse disposable migration down and up	2026-10-07T00:23:36.5742897Z Creating: insignia_migration_rehearsal
runtime	Rehearse disposable migration down and up	2026-10-07T00:23:36.6644693Z $ dbmate --no-dump-schema --migrations-dir packages/database/migrations up
runtime	Rehearse disposable migration down and up	2026-10-07T00:23:36.7072389Z Applying: 20260929000100_durable_core.sql
runtime	Rehearse disposable migration down and up	2026-10-07T00:23:36.7216669Z Applied: 20260929000100_durable_core.sql in 14.485229ms
runtime	Rehearse disposable migration down and up	2026-10-07T00:23:36.7217259Z Applying: 20260929000200_runtime_ingress_credentials.sql
runtime	Rehearse disposable migration down and up	2026-10-07T00:23:36.7260576Z Applied: 20260929000200_runtime_ingress_credentials.sql in 4.387465ms
runtime	Rehearse disposable migration down and up	2026-10-07T00:23:36.7260978Z Applying: 20260929000300_authorization_generation.sql
runtime	Rehearse disposable migration down and up	2026-10-07T00:23:36.7286499Z Applied: 20260929000300_authorization_generation.sql in 2.599007ms
runtime	Rehearse disposable migration down and up	2026-10-07T00:23:36.7286863Z Applying: 20260929000400_accepted_quote.sql
runtime	Rehearse disposable migration down and up	2026-10-07T00:23:36.7336141Z Applied: 20260929000400_accepted_quote.sql in 4.95829ms
runtime	Rehearse disposable migration down and up	2026-10-07T00:23:36.7336508Z Applying: 20260930000100_m4_key_lifecycle.sql
runtime	Rehearse disposable migration down and up	2026-10-07T00:23:36.7383506Z Applied: 20260930000100_m4_key_lifecycle.sql in 4.729603ms
runtime	Rehearse disposable migration down and up	2026-10-07T00:23:36.7383929Z Applying: 20260930000200_publication_progress.sql
runtime	Rehearse disposable migration down and up	2026-10-07T00:23:36.7407443Z Applied: 20260930000200_publication_progress.sql in 2.402298ms
runtime	Rehearse disposable migration down and up	2026-10-07T00:23:36.7407774Z Applying: 20260930000300_m5_revision_geometry.sql
runtime	Rehearse disposable migration down and up	2026-10-07T00:23:36.7427149Z Applied: 20260930000300_m5_revision_geometry.sql in 1.943283ms
runtime	Rehearse disposable migration down and up	2026-10-07T00:23:36.7427588Z Applying: 20260930000400_m5_revision_presentation.sql
runtime	Rehearse disposable migration down and up	2026-10-07T00:23:36.7444929Z Applied: 20260930000400_m5_revision_presentation.sql in 1.789074ms
runtime	Rehearse disposable migration down and up	2026-10-07T00:23:36.7445443Z Applying: 20260930000500_m5_publication_source_version.sql
runtime	Rehearse disposable migration down and up	2026-10-07T00:23:36.7455183Z Applied: 20260930000500_m5_publication_source_version.sql in 971.769µs
runtime	Rehearse disposable migration down and up	2026-10-07T00:23:36.7455604Z Applying: 20260930000600_m5_publication_intent_generation.sql
runtime	Rehearse disposable migration down and up	2026-10-07T00:23:36.7464397Z Applied: 20260930000600_m5_publication_intent_generation.sql in 938.171µs
runtime	Rehearse disposable migration down and up	2026-10-07T00:23:36.7464851Z Applying: 20260930000700_m5_publication_intent_lookup.sql
runtime	Rehearse disposable migration down and up	2026-10-07T00:23:36.7475719Z Applied: 20260930000700_m5_publication_intent_lookup.sql in 1.149721ms
runtime	Rehearse disposable migration down and up	2026-10-07T00:23:36.7476448Z Applying: 20260930000800_m5_current_publication_pointer.sql
runtime	Rehearse disposable migration down and up	2026-10-07T00:23:36.7496630Z Applied: 20260930000800_m5_current_publication_pointer.sql in 2.075184ms
runtime	Rehearse disposable migration down and up	2026-10-07T00:23:36.7496973Z Applying: 20260930000900_m5_activation.sql
runtime	Rehearse disposable migration down and up	2026-10-07T00:23:36.7567966Z Applied: 20260930000900_m5_activation.sql in 7.135991ms
runtime	Rehearse disposable migration down and up	2026-10-07T00:23:36.7568327Z Applying: 20261006000100_m5_availability_v2.sql
runtime	Rehearse disposable migration down and up	2026-10-07T00:23:36.7626166Z Applied: 20261006000100_m5_availability_v2.sql in 5.812163ms
runtime	Rehearse disposable migration down and up	2026-10-07T00:23:36.8564079Z Rolling back: 20261006000100_m5_availability_v2.sql
runtime	Rehearse disposable migration down and up	2026-10-07T00:23:36.8612884Z Rolled back: 20261006000100_m5_availability_v2.sql in 4.884442ms
runtime	Rehearse disposable migration down and up	2026-10-07T00:23:36.9180090Z $ dbmate --no-dump-schema --migrations-dir packages/database/migrations up
runtime	Rehearse disposable migration down and up	2026-10-07T00:23:36.9589005Z Applying: 20261006000100_m5_availability_v2.sql
runtime	Rehearse disposable migration down and up	2026-10-07T00:23:36.9667029Z Applied: 20261006000100_m5_availability_v2.sql in 7.831041ms
runtime	Post Run actions/setup-node@49933ea5288caeca8642d1e84afbd3f7d6820020	﻿2026-10-07T00:23:36.9822089Z Post job cleanup.
runtime	Post Run actions/setup-node@49933ea5288caeca8642d1e84afbd3f7d6820020	2026-10-07T00:23:37.0593354Z (node:5833) [DEP0040] DeprecationWarning: The `punycode` module is deprecated. Please use a userland alternative instead.
runtime	Post Run actions/setup-node@49933ea5288caeca8642d1e84afbd3f7d6820020	2026-10-07T00:23:37.0593902Z (Use `node --trace-deprecation ...` to show where the warning was created)
runtime	Post Run actions/checkout@11bd71901bbe5b1630ceea73d27597364c9af683	﻿2026-10-07T00:23:37.0751540Z Post job cleanup.
runtime	Post Run actions/checkout@11bd71901bbe5b1630ceea73d27597364c9af683	2026-10-07T00:23:37.1292488Z [command]/usr/bin/git version
runtime	Post Run actions/checkout@11bd71901bbe5b1630ceea73d27597364c9af683	2026-10-07T00:23:37.1324689Z git version 2.55.0
runtime	Post Run actions/checkout@11bd71901bbe5b1630ceea73d27597364c9af683	2026-10-07T00:23:37.1349884Z Temporarily overriding HOME='/home/runner/work/_temp/610c7d5b-67e4-4ce6-93c1-877c92a36a3e' before making global git config changes
runtime	Post Run actions/checkout@11bd71901bbe5b1630ceea73d27597364c9af683	2026-10-07T00:23:37.1350734Z Adding repository directory to the temporary git global config as a safe directory
runtime	Post Run actions/checkout@11bd71901bbe5b1630ceea73d27597364c9af683	2026-10-07T00:23:37.1353391Z [command]/usr/bin/git config --global --add safe.directory /home/runner/work/insignia/insignia
runtime	Post Run actions/checkout@11bd71901bbe5b1630ceea73d27597364c9af683	2026-10-07T00:23:37.1384148Z [command]/usr/bin/git config --local --name-only --get-regexp core\.sshCommand
runtime	Post Run actions/checkout@11bd71901bbe5b1630ceea73d27597364c9af683	2026-10-07T00:23:37.1410458Z [command]/usr/bin/git submodule foreach --recursive sh -c "git config --local --name-only --get-regexp 'core\.sshCommand' && git config --local --unset-all 'core.sshCommand' || :"
runtime	Post Run actions/checkout@11bd71901bbe5b1630ceea73d27597364c9af683	2026-10-07T00:23:37.1599682Z [command]/usr/bin/git config --local --name-only --get-regexp http\.https\:\/\/github\.com\/\.extraheader
runtime	Post Run actions/checkout@11bd71901bbe5b1630ceea73d27597364c9af683	2026-10-07T00:23:37.1622442Z http.https://github.com/.extraheader
runtime	Post Run actions/checkout@11bd71901bbe5b1630ceea73d27597364c9af683	2026-10-07T00:23:37.1630387Z [command]/usr/bin/git config --local --unset-all http.https://github.com/.extraheader
runtime	Post Run actions/checkout@11bd71901bbe5b1630ceea73d27597364c9af683	2026-10-07T00:23:37.1661511Z [command]/usr/bin/git submodule foreach --recursive sh -c "git config --local --name-only --get-regexp 'http\.https\:\/\/github\.com\/\.extraheader' && git config --local --unset-all 'http.https://github.com/.extraheader' || :"
runtime	Stop containers	﻿2026-10-07T00:23:37.1967173Z Print service container logs: e0e61a96ec694a66963fee12fb8628a0_postgres18_de96e2
runtime	Stop containers	2026-10-07T00:23:37.1970679Z ##[command]/usr/bin/docker logs --details 93bbbabcad61bf330ce7e4301fe8c35732c1b4eff3a96ccf362719fee59df984
runtime	Stop containers	2026-10-07T00:23:37.2079316Z  The files belonging to this database system will be owned by user "postgres".
runtime	Stop containers	2026-10-07T00:23:37.2087567Z  initdb: warning: enabling "trust" authentication for local connections
runtime	Stop containers	2026-10-07T00:23:37.2087825Z  This user must also own the server process.
runtime	Stop containers	2026-10-07T00:23:37.2088173Z  initdb: hint: You can change this by editing pg_hba.conf or using the option -A, or --auth-local and --auth-host, the next time you run initdb.
runtime	Stop containers	2026-10-07T00:23:37.2088484Z
runtime	Stop containers	2026-10-07T00:23:37.2099780Z  2026-10-07 00:22:23.886 UTC [1] LOG:  starting PostgreSQL 18.6 (Debian 18.6-1.pgdg13+2) on x86_64-pc-linux-gnu, compiled by gcc (Debian 14.2.0-19) 14.2.0, 64-bit
runtime	Stop containers	2026-10-07T00:23:37.2100333Z  The database cluster will be initialized with locale "en_US.utf8".
runtime	Stop containers	2026-10-07T00:23:37.2100770Z  The default database encoding has accordingly been set to "UTF8".
runtime	Stop containers	2026-10-07T00:23:37.2101182Z  The default text search configuration will be set to "english".
runtime	Stop containers	2026-10-07T00:23:37.2101451Z
runtime	Stop containers	2026-10-07T00:23:37.2101621Z  Data page checksums are enabled.
runtime	Stop containers	2026-10-07T00:23:37.2101836Z
runtime	Stop containers	2026-10-07T00:23:37.2102341Z  fixing permissions on existing directory /var/lib/postgresql/18/docker ... ok
runtime	Stop containers	2026-10-07T00:23:37.2102666Z  creating subdirectories ... ok
runtime	Stop containers	2026-10-07T00:23:37.2102925Z  selecting dynamic shared memory implementation ... posix
runtime	Stop containers	2026-10-07T00:23:37.2103206Z  selecting default "max_connections" ... 100
runtime	Stop containers	2026-10-07T00:23:37.2103453Z  selecting default "shared_buffers" ... 128MB
runtime	Stop containers	2026-10-07T00:23:37.2103690Z  selecting default time zone ... Etc/UTC
runtime	Stop containers	2026-10-07T00:23:37.2103921Z  creating configuration files ... ok
runtime	Stop containers	2026-10-07T00:23:37.2104260Z  2026-10-07 00:22:23.886 UTC [1] LOG:  listening on IPv4 address "0.0.0.0", port 5432
runtime	Stop containers	2026-10-07T00:23:37.2104760Z  2026-10-07 00:22:23.886 UTC [1] LOG:  listening on IPv6 address "::", port 5432
runtime	Stop containers	2026-10-07T00:23:37.2105191Z  2026-10-07 00:22:23.887 UTC [1] LOG:  listening on Unix socket "/var/run/postgresql/.s.PGSQL.5432"
runtime	Stop containers	2026-10-07T00:23:37.2105648Z  2026-10-07 00:22:23.890 UTC [75] LOG:  database system was shut down at 2026-10-07 00:22:23 UTC
runtime	Stop containers	2026-10-07T00:23:37.2106075Z  2026-10-07 00:22:23.892 UTC [1] LOG:  database system is ready to accept connections
runtime	Stop containers	2026-10-07T00:23:37.2106500Z  2026-10-07 00:23:08.369 UTC [154] ERROR:  v2 availability audit is immutable or out of phase
runtime	Stop containers	2026-10-07T00:23:37.2106992Z  2026-10-07 00:23:08.369 UTC [154] CONTEXT:  PL/pgSQL function enforce_activation_v2_audit() line 8 at RAISE
runtime	Stop containers	2026-10-07T00:23:37.2107861Z  2026-10-07 00:23:08.369 UTC [154] STATEMENT:  UPDATE m5_activation_state SET hold=jsonb_set(hold,'{acquisitionAcknowledgement,providerUpdatedAt}','"2026-10-01T11:59:00.000Z"'::jsonb),version=version+1 WHERE shop_id=$1
runtime	Stop containers	2026-10-07T00:23:37.2108643Z  2026-10-07 00:23:08.420 UTC [158] ERROR:  canceling statement due to lock timeout
runtime	Stop containers	2026-10-07T00:23:37.2109314Z  2026-10-07 00:23:08.420 UTC [158] CONTEXT:  while locking tuple (0,1) in relation "installation_generations"
runtime	Stop containers	2026-10-07T00:23:37.2109863Z  2026-10-07 00:23:08.420 UTC [158] STATEMENT:  UPDATE installation_generations SET authorization_epoch = $1
runtime	Stop containers	2026-10-07T00:23:37.2110306Z  	              WHERE shop_id = $2 AND generation = $3::bigint
runtime	Stop containers	2026-10-07T00:23:37.2110675Z  2026-10-07 00:23:08.467 UTC [156] ERROR:  accepted quote and authorization rows are immutable
runtime	Stop containers	2026-10-07T00:23:37.2111139Z  2026-10-07 00:23:08.467 UTC [156] CONTEXT:  PL/pgSQL function reject_quote_mutation() line 3 at RAISE
runtime	Stop containers	2026-10-07T00:23:37.2111668Z  2026-10-07 00:23:08.467 UTC [156] STATEMENT:  UPDATE accepted_quotes SET total_minor = 1 WHERE quote_id = $1::uuid
runtime	Stop containers	2026-10-07T00:23:37.2112163Z  2026-10-07 00:23:08.468 UTC [154] ERROR:  v2 availability audit is immutable or out of phase
runtime	Stop containers	2026-10-07T00:23:37.2112637Z  2026-10-07 00:23:08.468 UTC [154] CONTEXT:  PL/pgSQL function enforce_activation_v2_audit() line 8 at RAISE
runtime	Stop containers	2026-10-07T00:23:37.2113665Z  2026-10-07 00:23:08.468 UTC [154] STATEMENT:  UPDATE m5_activation_state SET hold=jsonb_set(hold,'{restorationReceipt,kind}','"CONFLICT"'::jsonb),version=version+1 WHERE shop_id=$1
runtime	Stop containers	2026-10-07T00:23:37.2114217Z  2026-10-07 00:23:08.468 UTC [156] ERROR:  accepted quote and authorization rows are immutable
runtime	Stop containers	2026-10-07T00:23:37.2114523Z  2026-10-07 00:23:08.468 UTC [156] CONTEXT:  PL/pgSQL function reject_quote_mutation() line 3 at RAISE
runtime	Stop containers	2026-10-07T00:23:37.2114835Z  2026-10-07 00:23:08.468 UTC [156] STATEMENT:  DELETE FROM accepted_quotes WHERE quote_id = $1::uuid
runtime	Stop containers	2026-10-07T00:23:37.2115152Z  2026-10-07 00:23:08.469 UTC [156] ERROR:  invalid input syntax for type integer: "other" at character 46
runtime	Stop containers	2026-10-07T00:23:37.2115508Z  2026-10-07 00:23:08.469 UTC [156] STATEMENT:  UPDATE quote_authorization_sets SET key_id = 'other' WHERE set_id = $1::uuid
runtime	Stop containers	2026-10-07T00:23:37.2115846Z  2026-10-07 00:23:08.470 UTC [156] ERROR:  accepted quote and authorization rows are immutable
runtime	Stop containers	2026-10-07T00:23:37.2116147Z  2026-10-07 00:23:08.470 UTC [156] CONTEXT:  PL/pgSQL function reject_quote_mutation() line 3 at RAISE
runtime	Stop containers	2026-10-07T00:23:37.2116469Z  2026-10-07 00:23:08.470 UTC [156] STATEMENT:  DELETE FROM quote_authorization_sets WHERE set_id = $1::uuid
runtime	Stop containers	2026-10-07T00:23:37.2116855Z  2026-10-07 00:23:08.490 UTC [154] ERROR:  new row for relation "m5_activation_evidence" violates check constraint "m5_014_evidence_identity"
runtime	Stop containers	2026-10-07T00:23:37.2117897Z  2026-10-07 00:23:08.490 UTC [154] DETAIL:  Failing row contains (90859297-7981-443b-bc21-d73ede377694, 4510a67d-8356-4567-bb85-f55b6d458b9d, 653dc2ae-f27a-4467-87a0-d1f4dc52f17b, d62eef94-94b0-46dd-a912-0de32e68312a, 1, 1, 32bf3f27-13ee-4b57-b243-4643176bc663, 0, 7, 8781b61d754c5290cedd6941324730f91dd0b8e58f48ca969f06dda60dca5d3d, {"hold": null, "shopId": "90859297-7981-443b-bc21-d73ede377694",..., 2026-10-07 00:23:08.489835+00).
runtime	Stop containers	2026-10-07T00:23:37.2119427Z  2026-10-07 00:23:08.490 UTC [154] STATEMENT:  INSERT INTO m5_activation_evidence(shop_id,config_id,operation_id,revision_id,installation_generation,operation_sequence,authorization_generation,authorization_epoch,selected_key_id,evidence_digest,evidence) VALUES ($1,$2,$3,$4,1,1,$5::uuid,$6,7,$7,$8::jsonb)
runtime	Stop containers	2026-10-07T00:23:37.2120164Z  2026-10-07 00:23:08.491 UTC [154] ERROR:  new row for relation "m5_activation_evidence" violates check constraint "m5_014_evidence_v2_hold"
runtime	Stop containers	2026-10-07T00:23:37.2121096Z  2026-10-07 00:23:08.491 UTC [154] DETAIL:  Failing row contains (90859297-7981-443b-bc21-d73ede377694, 4510a67d-8356-4567-bb85-f55b6d458b9d, 653dc2ae-f27a-4467-87a0-d1f4dc52f17b, d62eef94-94b0-46dd-a912-0de32e68312a, 1, 1, 32bf3f27-13ee-4b57-b243-4643176bc663, 0, 7, e58677bdb034c8de3f7e63eb0c85821ba2c4c1a3f9070c03e20102b15cdcdc37, {"hold": {"held": {"scope": {"shopId": "90859297-7981-443b-bc21-..., 2026-10-07 00:23:08.491494+00).
runtime	Stop containers	2026-10-07T00:23:37.2122297Z  2026-10-07 00:23:08.491 UTC [154] STATEMENT:  INSERT INTO m5_activation_evidence(shop_id,config_id,operation_id,revision_id,installation_generation,operation_sequence,authorization_generation,authorization_epoch,selected_key_id,evidence_digest,evidence) VALUES ($1,$2,$3,$4,1,1,$5::uuid,$6,7,$7,$8::jsonb)
runtime	Stop containers	2026-10-07T00:23:37.2122937Z  2026-10-07 00:23:08.491 UTC [150] ERROR:  accepted quote installation fence failed
runtime	Stop containers	2026-10-07T00:23:37.2123244Z  2026-10-07 00:23:08.491 UTC [150] CONTEXT:  PL/pgSQL function enforce_accepted_quote_insert() line 15 at RAISE
runtime	Stop containers	2026-10-07T00:23:37.2123508Z  2026-10-07 00:23:08.491 UTC [150] STATEMENT:
runtime	Stop containers	2026-10-07T00:23:37.2123669Z  	        /* m4_002_direct_guard_race */
runtime	Stop containers	2026-10-07T00:23:37.2123921Z  	        INSERT INTO accepted_quotes (quote_id, shop_id, installation_generation, authorization_generation,
runtime	Stop containers	2026-10-07T00:23:37.2124270Z  	          authorization_epoch, idempotency_key, request_digest, schema_version, accepted_at, accepted_date,
runtime	Stop containers	2026-10-07T00:23:37.2124592Z  	          accepted_day, valid_through_day, country, market_id, shop_currency, shop_timezone,
runtime	Stop containers	2026-10-07T00:23:37.2124891Z  	          presentment_currency, presentment_exponent, policy_version, recognized_policy_id,
runtime	Stop containers	2026-10-07T00:23:37.2125308Z  	          trial, qualifying_usage_disposition, customized_quantity, total_minor, quote_value)
runtime	Stop containers	2026-10-07T00:23:37.2125542Z  	        VALUES ($1::uuid, $2, $3::bigint,
runtime	Stop containers	2026-10-07T00:23:37.2125689Z  	          $4::uuid, $5::bigint,
runtime	Stop containers	2026-10-07T00:23:37.2125843Z  	          'direct-race', $6, $7, $8::timestamptz,
runtime	Stop containers	2026-10-07T00:23:37.2125998Z  	          $9::date, $10, $11,
runtime	Stop containers	2026-10-07T00:23:37.2126133Z  	          $12, $13::numeric, $14,
runtime	Stop containers	2026-10-07T00:23:37.2126267Z  	          $15, $16, $17,
runtime	Stop containers	2026-10-07T00:23:37.2126392Z  	          $18, $19, $20,
runtime	Stop containers	2026-10-07T00:23:37.2126507Z  	          $21, $22,
runtime	Stop containers	2026-10-07T00:23:37.2126627Z  	          $23::numeric, $24::jsonb)
runtime	Stop containers	2026-10-07T00:23:37.2126826Z  2026-10-07 00:23:08.493 UTC [158] ERROR:  authorization set installation fence failed
runtime	Stop containers	2026-10-07T00:23:37.2127142Z  2026-10-07 00:23:08.493 UTC [158] CONTEXT:  PL/pgSQL function enforce_quote_authorization_insert() line 16 at RAISE
runtime	Stop containers	2026-10-07T00:23:37.2127411Z  2026-10-07 00:23:08.493 UTC [158] STATEMENT:
runtime	Stop containers	2026-10-07T00:23:37.2127568Z  	        /* m4_002_set_guard_race */
runtime	Stop containers	2026-10-07T00:23:37.2127793Z  	        INSERT INTO quote_authorization_sets (set_id, quote_id, shop_id, installation_generation,
runtime	Stop containers	2026-10-07T00:23:37.2128100Z  	          authorization_generation, authorization_epoch, key_id, public_key_fingerprint,
runtime	Stop containers	2026-10-07T00:23:37.2128491Z  	          first_valid_day, last_valid_day, valid_through_day, envelope_carrier, member_carriers)
runtime	Stop containers	2026-10-07T00:23:37.2128870Z  	        VALUES ($1::uuid, $2::uuid, $3, $4::bigint,
runtime	Stop containers	2026-10-07T00:23:37.2129028Z  	          $5::uuid, $6::bigint,
runtime	Stop containers	2026-10-07T00:23:37.2129161Z  	          $7, $8, $9,
runtime	Stop containers	2026-10-07T00:23:37.2129278Z  	          $10, $11, $12,
runtime	Stop containers	2026-10-07T00:23:37.2129395Z  	          $13::jsonb)
runtime	Stop containers	2026-10-07T00:23:37.2129662Z  2026-10-07 00:23:08.493 UTC [154] ERROR:  new row for relation "m5_activation_evidence" violates check constraint "m5_014_evidence_v2_hold"
runtime	Stop containers	2026-10-07T00:23:37.2130573Z  2026-10-07 00:23:08.493 UTC [154] DETAIL:  Failing row contains (90859297-7981-443b-bc21-d73ede377694, 4510a67d-8356-4567-bb85-f55b6d458b9d, 653dc2ae-f27a-4467-87a0-d1f4dc52f17b, d62eef94-94b0-46dd-a912-0de32e68312a, 1, 1, 32bf3f27-13ee-4b57-b243-4643176bc663, 0, 7, c871701733247019112d4903960feebd6c2cd4d30fab064cdc3df714804632d9, {"hold": {"held": {"scope": {"shopId": "90859297-7981-443b-bc21-..., 2026-10-07 00:23:08.493177+00).
runtime	Stop containers	2026-10-07T00:23:37.2131782Z  2026-10-07 00:23:08.493 UTC [154] STATEMENT:  INSERT INTO m5_activation_evidence(shop_id,config_id,operation_id,revision_id,installation_generation,operation_sequence,authorization_generation,authorization_epoch,selected_key_id,evidence_digest,evidence) VALUES ($1,$2,$3,$4,1,1,$5::uuid,$6,7,$7,$8::jsonb)
runtime	Stop containers	2026-10-07T00:23:37.2132413Z  2026-10-07 00:23:08.494 UTC [188] WARNING:  there is no transaction in progress
runtime	Stop containers	2026-10-07T00:23:37.2132757Z  2026-10-07 00:23:08.495 UTC [154] ERROR:  new row for relation "m5_activation_evidence" violates check constraint "m5_014_evidence_v2_hold"
runtime	Stop containers	2026-10-07T00:23:37.2133673Z  2026-10-07 00:23:08.495 UTC [154] DETAIL:  Failing row contains (90859297-7981-443b-bc21-d73ede377694, 4510a67d-8356-4567-bb85-f55b6d458b9d, 653dc2ae-f27a-4467-87a0-d1f4dc52f17b, d62eef94-94b0-46dd-a912-0de32e68312a, 1, 1, 32bf3f27-13ee-4b57-b243-4643176bc663, 0, 7, f79d1abc70a5a79330a537533e2d08724448b676fe985417797431ba2499fe9b, {"hold": {"held": {"scope": {"shopId": "90859297-7981-443b-bc21-..., 2026-10-07 00:23:08.49458+00).
runtime	Stop containers	2026-10-07T00:23:37.2134866Z  2026-10-07 00:23:08.495 UTC [154] STATEMENT:  INSERT INTO m5_activation_evidence(shop_id,config_id,operation_id,revision_id,installation_generation,operation_sequence,authorization_generation,authorization_epoch,selected_key_id,evidence_digest,evidence) VALUES ($1,$2,$3,$4,1,1,$5::uuid,$6,7,$7,$8::jsonb)
runtime	Stop containers	2026-10-07T00:23:37.2135583Z  2026-10-07 00:23:08.496 UTC [154] ERROR:  new row for relation "m5_activation_evidence" violates check constraint "m5_014_evidence_v2_hold"
runtime	Stop containers	2026-10-07T00:23:37.2136491Z  2026-10-07 00:23:08.496 UTC [154] DETAIL:  Failing row contains (90859297-7981-443b-bc21-d73ede377694, 4510a67d-8356-4567-bb85-f55b6d458b9d, 653dc2ae-f27a-4467-87a0-d1f4dc52f17b, d62eef94-94b0-46dd-a912-0de32e68312a, 1, 1, 32bf3f27-13ee-4b57-b243-4643176bc663, 0, 7, 3c274a8e3c5654a751aaaa05a2baf8773a3d8c44e93927494a5cbd06bf25ee86, {"hold": {"held": {"scope": {"shopId": "90859297-7981-443b-bc21-..., 2026-10-07 00:23:08.496357+00).
runtime	Stop containers	2026-10-07T00:23:37.2137849Z  2026-10-07 00:23:08.496 UTC [154] STATEMENT:  INSERT INTO m5_activation_evidence(shop_id,config_id,operation_id,revision_id,installation_generation,operation_sequence,authorization_generation,authorization_epoch,selected_key_id,evidence_digest,evidence) VALUES ($1,$2,$3,$4,1,1,$5::uuid,$6,7,$7,$8::jsonb)
runtime	Stop containers	2026-10-07T00:23:37.2138483Z  2026-10-07 00:23:08.500 UTC [158] ERROR:  authorization set installation fence failed
runtime	Stop containers	2026-10-07T00:23:37.2139105Z  2026-10-07 00:23:08.500 UTC [158] CONTEXT:  PL/pgSQL function enforce_quote_authorization_insert() line 16 at RAISE
runtime	Stop containers	2026-10-07T00:23:37.2139504Z  2026-10-07 00:23:08.500 UTC [158] STATEMENT:  INSERT INTO quote_authorization_sets (set_id, quote_id, shop_id, installation_generation,
runtime	Stop containers	2026-10-07T00:23:37.2139860Z  	        authorization_generation, authorization_epoch, key_id, public_key_fingerprint,
runtime	Stop containers	2026-10-07T00:23:37.2140246Z  	        first_valid_day, last_valid_day, valid_through_day, envelope_carrier, member_carriers)
runtime	Stop containers	2026-10-07T00:23:37.2140484Z  	      VALUES ($1::uuid, $2::uuid, $3, $4::bigint,
runtime	Stop containers	2026-10-07T00:23:37.2140639Z  	        $5::uuid, $6::bigint,
runtime	Stop containers	2026-10-07T00:23:37.2140765Z  	        $7, $8, $9,
runtime	Stop containers	2026-10-07T00:23:37.2140880Z  	        $10, $11, $12,
runtime	Stop containers	2026-10-07T00:23:37.2140997Z  	        $13::jsonb)
runtime	Stop containers	2026-10-07T00:23:37.2141258Z  2026-10-07 00:23:08.501 UTC [154] ERROR:  new row for relation "m5_activation_evidence" violates check constraint "m5_014_evidence_v2_audit"
runtime	Stop containers	2026-10-07T00:23:37.2142174Z  2026-10-07 00:23:08.501 UTC [154] DETAIL:  Failing row contains (90859297-7981-443b-bc21-d73ede377694, 4510a67d-8356-4567-bb85-f55b6d458b9d, 653dc2ae-f27a-4467-87a0-d1f4dc52f17b, d62eef94-94b0-46dd-a912-0de32e68312a, 1, 1, 32bf3f27-13ee-4b57-b243-4643176bc663, 0, 7, f98e59df96f3b8cf017dfbdef89757fa006cad7487d4b0313c433c4d526dee20, {"hold": {"held": {"scope": {"shopId": "90859297-7981-443b-bc21-..., 2026-10-07 00:23:08.50078+00).
runtime	Stop containers	2026-10-07T00:23:37.2143384Z  2026-10-07 00:23:08.501 UTC [154] STATEMENT:  INSERT INTO m5_activation_evidence(shop_id,config_id,operation_id,revision_id,installation_generation,operation_sequence,authorization_generation,authorization_epoch,selected_key_id,evidence_digest,evidence) VALUES ($1,$2,$3,$4,1,1,$5::uuid,$6,7,$7,$8::jsonb)
runtime	Stop containers	2026-10-07T00:23:37.2144101Z  2026-10-07 00:23:08.504 UTC [154] ERROR:  new row for relation "m5_activation_evidence" violates check constraint "m5_014_evidence_v2_audit"
runtime	Stop containers	2026-10-07T00:23:37.2145009Z  2026-10-07 00:23:08.504 UTC [154] DETAIL:  Failing row contains (90859297-7981-443b-bc21-d73ede377694, 4510a67d-8356-4567-bb85-f55b6d458b9d, 653dc2ae-f27a-4467-87a0-d1f4dc52f17b, d62eef94-94b0-46dd-a912-0de32e68312a, 1, 1, 32bf3f27-13ee-4b57-b243-4643176bc663, 0, 7, 032cde23b64f41ea52e3b0749b8b04c2beceff5223492d401def40d929b5921c, {"hold": {"held": {"scope": {"shopId": "90859297-7981-443b-bc21-..., 2026-10-07 00:23:08.503187+00).
runtime	Stop containers	2026-10-07T00:23:37.2146208Z  2026-10-07 00:23:08.504 UTC [154] STATEMENT:  INSERT INTO m5_activation_evidence(shop_id,config_id,operation_id,revision_id,installation_generation,operation_sequence,authorization_generation,authorization_epoch,selected_key_id,evidence_digest,evidence) VALUES ($1,$2,$3,$4,1,1,$5::uuid,$6,7,$7,$8::jsonb)
runtime	Stop containers	2026-10-07T00:23:37.2146923Z  2026-10-07 00:23:08.506 UTC [154] ERROR:  new row for relation "m5_activation_evidence" violates check constraint "m5_014_evidence_v2_audit"
runtime	Stop containers	2026-10-07T00:23:37.2147833Z  2026-10-07 00:23:08.506 UTC [154] DETAIL:  Failing row contains (90859297-7981-443b-bc21-d73ede377694, 4510a67d-8356-4567-bb85-f55b6d458b9d, 653dc2ae-f27a-4467-87a0-d1f4dc52f17b, d62eef94-94b0-46dd-a912-0de32e68312a, 1, 1, 32bf3f27-13ee-4b57-b243-4643176bc663, 0, 7, 010fce6dae92519d598564aff3b07642f48f2a96b89dbe5f0e3e55d45304cfa5, {"hold": {"held": {"scope": {"shopId": "90859297-7981-443b-bc21-..., 2026-10-07 00:23:08.506303+00).
runtime	Stop containers	2026-10-07T00:23:37.2149249Z  2026-10-07 00:23:08.506 UTC [154] STATEMENT:  INSERT INTO m5_activation_evidence(shop_id,config_id,operation_id,revision_id,installation_generation,operation_sequence,authorization_generation,authorization_epoch,selected_key_id,evidence_digest,evidence) VALUES ($1,$2,$3,$4,1,1,$5::uuid,$6,7,$7,$8::jsonb)
runtime	Stop containers	2026-10-07T00:23:37.2149969Z  2026-10-07 00:23:08.508 UTC [154] ERROR:  new row for relation "m5_activation_evidence" violates check constraint "m5_014_evidence_v2_audit"
runtime	Stop containers	2026-10-07T00:23:37.2150883Z  2026-10-07 00:23:08.508 UTC [154] DETAIL:  Failing row contains (90859297-7981-443b-bc21-d73ede377694, 4510a67d-8356-4567-bb85-f55b6d458b9d, 653dc2ae-f27a-4467-87a0-d1f4dc52f17b, d62eef94-94b0-46dd-a912-0de32e68312a, 1, 1, 32bf3f27-13ee-4b57-b243-4643176bc663, 0, 7, 55888f46bccad56efdbc431dd8767ec58548a9c15b1fbe637a65b7a8eba3273c, {"hold": {"held": {"scope": {"shopId": "90859297-7981-443b-bc21-..., 2026-10-07 00:23:08.507574+00).
runtime	Stop containers	2026-10-07T00:23:37.2152102Z  2026-10-07 00:23:08.508 UTC [154] STATEMENT:  INSERT INTO m5_activation_evidence(shop_id,config_id,operation_id,revision_id,installation_generation,operation_sequence,authorization_generation,authorization_epoch,selected_key_id,evidence_digest,evidence) VALUES ($1,$2,$3,$4,1,1,$5::uuid,$6,7,$7,$8::jsonb)
runtime	Stop containers	2026-10-07T00:23:37.2152901Z  2026-10-07 00:23:08.511 UTC [154] ERROR:  new row for relation "m5_activation_evidence" violates check constraint "m5_014_evidence_v2_audit"
runtime	Stop containers	2026-10-07T00:23:37.2153805Z  2026-10-07 00:23:08.511 UTC [154] DETAIL:  Failing row contains (90859297-7981-443b-bc21-d73ede377694, 4510a67d-8356-4567-bb85-f55b6d458b9d, 653dc2ae-f27a-4467-87a0-d1f4dc52f17b, d62eef94-94b0-46dd-a912-0de32e68312a, 1, 1, 32bf3f27-13ee-4b57-b243-4643176bc663, 0, 7, 94a25a11169d6b64f70ebd844298a4ed21148f883209eae155e97d2270a65a25, {"hold": {"held": {"scope": {"shopId": "90859297-7981-443b-bc21-..., 2026-10-07 00:23:08.510643+00).
runtime	Stop containers	2026-10-07T00:23:37.2155005Z  2026-10-07 00:23:08.511 UTC [154] STATEMENT:  INSERT INTO m5_activation_evidence(shop_id,config_id,operation_id,revision_id,installation_generation,operation_sequence,authorization_generation,authorization_epoch,selected_key_id,evidence_digest,evidence) VALUES ($1,$2,$3,$4,1,1,$5::uuid,$6,7,$7,$8::jsonb)
runtime	Stop containers	2026-10-07T00:23:37.2155723Z  2026-10-07 00:23:08.512 UTC [154] ERROR:  new row for relation "m5_activation_evidence" violates check constraint "m5_014_evidence_v2_audit"
runtime	Stop containers	2026-10-07T00:23:37.2156632Z  2026-10-07 00:23:08.512 UTC [154] DETAIL:  Failing row contains (90859297-7981-443b-bc21-d73ede377694, 4510a67d-8356-4567-bb85-f55b6d458b9d, 653dc2ae-f27a-4467-87a0-d1f4dc52f17b, d62eef94-94b0-46dd-a912-0de32e68312a, 1, 1, 32bf3f27-13ee-4b57-b243-4643176bc663, 0, 7, 4257ec51fba2344c7fd3e5c7c2c3473a39dfdbce88711bb7109024cbfc4b0a7c, {"hold": {"held": {"scope": {"shopId": "90859297-7981-443b-bc21-..., 2026-10-07 00:23:08.512238+00).
runtime	Stop containers	2026-10-07T00:23:37.2157827Z  2026-10-07 00:23:08.512 UTC [154] STATEMENT:  INSERT INTO m5_activation_evidence(shop_id,config_id,operation_id,revision_id,installation_generation,operation_sequence,authorization_generation,authorization_epoch,selected_key_id,evidence_digest,evidence) VALUES ($1,$2,$3,$4,1,1,$5::uuid,$6,7,$7,$8::jsonb)
runtime	Stop containers	2026-10-07T00:23:37.2158442Z  2026-10-07 00:23:08.513 UTC [191] ERROR:  synthetic inbox failure
runtime	Stop containers	2026-10-07T00:23:37.2158841Z  2026-10-07 00:23:08.513 UTC [191] CONTEXT:  PL/pgSQL function test_uninstall_6ef1239a4e874b9a() line 1 at RAISE
runtime	Stop containers	2026-10-07T00:23:37.2159341Z  2026-10-07 00:23:08.513 UTC [191] STATEMENT:  update "inbox_messages" set "state" = $1, "last_error_class" = $2, "attempts" = "attempts" + $3 where "id" = $4
runtime	Stop containers	2026-10-07T00:23:37.2159798Z  2026-10-07 00:23:08.514 UTC [154] ERROR:  new row for relation "m5_activation_evidence" violates check constraint "m5_014_evidence_v2_audit"
runtime	Stop containers	2026-10-07T00:23:37.2160714Z  2026-10-07 00:23:08.514 UTC [154] DETAIL:  Failing row contains (90859297-7981-443b-bc21-d73ede377694, 4510a67d-8356-4567-bb85-f55b6d458b9d, 653dc2ae-f27a-4467-87a0-d1f4dc52f17b, d62eef94-94b0-46dd-a912-0de32e68312a, 1, 1, 32bf3f27-13ee-4b57-b243-4643176bc663, 0, 7, 0bcafae39ff449569d5fd8d94c05d9463a0ec8a9ca69d0b459b844cbcdb63ca3, {"hold": {"held": {"scope": {"shopId": "90859297-7981-443b-bc21-..., 2026-10-07 00:23:08.513983+00).
runtime	Stop containers	2026-10-07T00:23:37.2161997Z  2026-10-07 00:23:08.514 UTC [154] STATEMENT:  INSERT INTO m5_activation_evidence(shop_id,config_id,operation_id,revision_id,installation_generation,operation_sequence,authorization_generation,authorization_epoch,selected_key_id,evidence_digest,evidence) VALUES ($1,$2,$3,$4,1,1,$5::uuid,$6,7,$7,$8::jsonb)
runtime	Stop containers	2026-10-07T00:23:37.2162712Z  2026-10-07 00:23:08.518 UTC [154] ERROR:  new row for relation "m5_activation_evidence" violates check constraint "m5_014_evidence_v2_audit"
runtime	Stop containers	2026-10-07T00:23:37.2163620Z  2026-10-07 00:23:08.518 UTC [154] DETAIL:  Failing row contains (90859297-7981-443b-bc21-d73ede377694, 4510a67d-8356-4567-bb85-f55b6d458b9d, 653dc2ae-f27a-4467-87a0-d1f4dc52f17b, d62eef94-94b0-46dd-a912-0de32e68312a, 1, 1, 32bf3f27-13ee-4b57-b243-4643176bc663, 0, 7, 27f06342c3fafe3f807939742930c165cc99687f5ff6831cfa0efc378802b9e5, {"hold": {"held": {"scope": {"shopId": "90859297-7981-443b-bc21-..., 2026-10-07 00:23:08.518466+00).
runtime	Stop containers	2026-10-07T00:23:37.2164888Z  2026-10-07 00:23:08.518 UTC [154] STATEMENT:  INSERT INTO m5_activation_evidence(shop_id,config_id,operation_id,revision_id,installation_generation,operation_sequence,authorization_generation,authorization_epoch,selected_key_id,evidence_digest,evidence) VALUES ($1,$2,$3,$4,1,1,$5::uuid,$6,7,$7,$8::jsonb)
runtime	Stop containers	2026-10-07T00:23:37.2165611Z  2026-10-07 00:23:08.954 UTC [201] ERROR:  duplicate key value violates unique constraint "product_configs_shop_id_external_product_id_key"
runtime	Stop containers	2026-10-07T00:23:37.2166109Z  2026-10-07 00:23:08.954 UTC [201] DETAIL:  Key (shop_id, external_product_id)=(152834bb-83cb-4e9c-b70c-b156fec567d3, 83157180-1c27-40f0-b498-ac7edb7c50e6) already exists.
runtime	Stop containers	2026-10-07T00:23:37.2166788Z  2026-10-07 00:23:08.954 UTC [201] STATEMENT:  insert into "product_configs" ("shop_id", "config_id", "external_product_id", "draft_schema_version", "draft_value", "effective_revision_id", "effective_operation_id") values ($1, $2, $3, $4, $5, $6, $7) returning *
runtime	Stop containers	2026-10-07T00:23:37.2167492Z  2026-10-07 00:23:08.967 UTC [201] ERROR:  insert or update on table "publication_operations" violates foreign key constraint "publication_operations_shop_id_config_id_revision_id_fkey"
runtime	Stop containers	2026-10-07T00:23:37.2168187Z  2026-10-07 00:23:08.967 UTC [201] DETAIL:  Key (shop_id, config_id, revision_id)=(152834bb-83cb-4e9c-b70c-b156fec567d3, 53262373-b5f3-40e2-b54e-4222da487ee8, 89392a96-750a-4d9f-a142-0d985ecbe965) is not present in table "config_revisions".
runtime	Stop containers	2026-10-07T00:23:37.2168821Z  2026-10-07 00:23:08.967 UTC [201] STATEMENT:  INSERT INTO publication_operations (
runtime	Stop containers	2026-10-07T00:23:37.2169112Z  	      shop_id, config_id, operation_id, revision_id, installation_generation, operation_sequence,
runtime	Stop containers	2026-10-07T00:23:37.2169375Z  	      expected_projection, expected_projection_digest
runtime	Stop containers	2026-10-07T00:23:37.2169554Z  	    ) VALUES ($1, $2, $3, $4, 1, 1, '{}'::jsonb, $5)
runtime	Stop containers	2026-10-07T00:23:37.2169750Z  2026-10-07 00:23:09.011 UTC [201] ERROR:  config revisions are immutable
runtime	Stop containers	2026-10-07T00:23:37.2170031Z  2026-10-07 00:23:09.011 UTC [201] CONTEXT:  PL/pgSQL function reject_revision_mutation() line 3 at RAISE
runtime	Stop containers	2026-10-07T00:23:37.2170398Z  2026-10-07 00:23:09.011 UTC [201] STATEMENT:  UPDATE config_revisions SET content_hash = $1 WHERE shop_id = $2 AND revision_id = $3
runtime	Stop containers	2026-10-07T00:23:37.2170714Z  2026-10-07 00:23:09.012 UTC [201] ERROR:  config revisions are immutable
runtime	Stop containers	2026-10-07T00:23:37.2170982Z  2026-10-07 00:23:09.012 UTC [201] CONTEXT:  PL/pgSQL function reject_revision_mutation() line 3 at RAISE
runtime	Stop containers	2026-10-07T00:23:37.2171316Z  2026-10-07 00:23:09.012 UTC [201] STATEMENT:  DELETE FROM config_revisions WHERE shop_id = $1 AND revision_id = $2
runtime	Stop containers	2026-10-07T00:23:37.2171714Z  2026-10-07 00:23:09.081 UTC [201] ERROR:  publication activation preconditions not met
runtime	Stop containers	2026-10-07T00:23:37.2172021Z  2026-10-07 00:23:09.081 UTC [201] CONTEXT:  PL/pgSQL function enforce_effective_activation() line 31 at RAISE
runtime	Stop containers	2026-10-07T00:23:37.2172448Z  2026-10-07 00:23:09.081 UTC [201] STATEMENT:  UPDATE product_configs SET effective_revision_id = $1, effective_operation_id = $2 WHERE shop_id = $3 AND config_id = $4
runtime	Stop containers	2026-10-07T00:23:37.2172856Z  2026-10-07 00:23:09.117 UTC [201] ERROR:  publication sequence cannot decrease
runtime	Stop containers	2026-10-07T00:23:37.2173147Z  2026-10-07 00:23:09.117 UTC [201] CONTEXT:  PL/pgSQL function enforce_effective_activation() line 6 at RAISE
runtime	Stop containers	2026-10-07T00:23:37.2173615Z  2026-10-07 00:23:09.117 UTC [201] STATEMENT:  UPDATE product_configs SET publication_sequence = 1, effective_revision_id = $1, effective_operation_id = $2 WHERE shop_id = $3 AND config_id = $4
runtime	Stop containers	2026-10-07T00:23:37.2174117Z  2026-10-07 00:23:09.532 UTC [210] ERROR:  new row for relation "inbox_messages" violates check constraint "inbox_messages_check2"
runtime	Stop containers	2026-10-07T00:23:37.2174992Z  2026-10-07 00:23:09.532 UTC [210] DETAIL:  Failing row contains (b7723c67-5821-49b9-913a-56498af1f885, synthetic.provider, 152511b6-d1bb-4a68-afb9-6d05b8dbb6da, 99564fe0-0b65-4a5c-a892-7e64b4b9e055, null, \x7b7d, 44136fa355b3678a1146ad16f7e8649e94fb4fc21fe77e8310c060f61caaff8a, 2099-01-01 00:00:00+00, 2026-10-07 00:23:09.531551+00, pending, 0, null, null, null, test-transient, 2099-06-29 00:00:00+00, retained).
runtime	Stop containers	2026-10-07T00:23:37.2176362Z  2026-10-07 00:23:09.532 UTC [210] STATEMENT:  insert into "inbox_messages" ("id", "source", "external_delivery_id", "shop_id", "installation_generation", "payload", "payload_sha256", "received_at", "state", "attempts", "last_error_class", "retention_class", "purge_after", "lease_owner", "lease_until", "erasure_state") values ($1, $2, $3, $4, $5, $6, $7, $8, $9, $10, $11, $12, $13, $14, $15, $16) on conflict do nothing returning "id"
runtime	Stop containers	2026-10-07T00:23:37.2177098Z  2026-10-07 00:23:09.541 UTC [210] ERROR:  payload collection time is immutable
runtime	Stop containers	2026-10-07T00:23:37.2177396Z  2026-10-07 00:23:09.541 UTC [210] CONTEXT:  PL/pgSQL function enforce_payload_collection_time() line 6 at RAISE
runtime	Stop containers	2026-10-07T00:23:37.2177779Z  2026-10-07 00:23:09.541 UTC [210] STATEMENT:  UPDATE inbox_messages SET collected_at = '2099-01-01'::timestamptz WHERE id = $1::uuid
runtime	Stop containers	2026-10-07T00:23:37.2178187Z  2026-10-07 00:23:09.545 UTC [210] ERROR:  new row for relation "inbox_messages" violates check constraint "inbox_messages_check2"
runtime	Stop containers	2026-10-07T00:23:37.2179184Z  2026-10-07 00:23:09.545 UTC [210] DETAIL:  Failing row contains (8863097b-9575-473e-b934-8e4f0f78fa4e, synthetic.provider, f182a959-fff9-4c94-8d06-1f89d3189737, 99564fe0-0b65-4a5c-a892-7e64b4b9e055, null, \x7b7d, 44136fa355b3678a1146ad16f7e8649e94fb4fc21fe77e8310c060f61caaff8a, 2026-10-07 00:23:09.529+00, 2026-10-07 00:23:09.538525+00, pending, 0, null, null, null, test-transient, 2027-04-06 00:23:09.538525+00, retained).
runtime	Stop containers	2026-10-07T00:23:37.2180082Z  2026-10-07 00:23:09.545 UTC [210] STATEMENT:  UPDATE inbox_messages SET purge_after = collected_at + interval '181 days' WHERE id = $1::uuid
runtime	Stop containers	2026-10-07T00:23:37.2180501Z  2026-10-07 00:23:09.570 UTC [210] ERROR:  new row for relation "outbox_events" violates check constraint "outbox_events_check1"
runtime	Stop containers	2026-10-07T00:23:37.2181460Z  2026-10-07 00:23:09.570 UTC [210] DETAIL:  Failing row contains (75fa7746-05a9-4f6e-b873-410d8fb364c4, 99564fe0-0b65-4a5c-a892-7e64b4b9e055, null, synthetic.processed, 1, 4860513e-54f8-4e32-afd2-18b758845b6e, {"businessKey": "4860513e-54f8-4e32-afd2-18b758845b6e"}, 4860513e-54f8-4e32-afd2-18b758845b6e, 2099-01-01 00:00:00+00, 2026-10-07 00:23:09.570719+00, 2099-01-01 00:00:00+00, pending, 0, null, null, null, test-transient, 2099-06-29 00:00:00+00, retained, 2026-10-07 00:23:09.569+00).
runtime	Stop containers	2026-10-07T00:23:37.2182925Z  2026-10-07 00:23:09.570 UTC [210] STATEMENT:  insert into "outbox_events" ("id", "shop_id", "installation_generation", "event_type", "schema_version", "aggregate_ref", "payload", "business_key", "occurred_at", "available_at", "state", "attempts", "last_error_class", "lease_owner", "lease_until", "retention_class", "purge_after", "erasure_state", "created_at") values ($1, $2, $3, $4, $5, $6, $7, $8, $9, $10, $11, $12, $13, $14, $15, $16, $17, $18, $19) on conflict do nothing returning "id"
runtime	Stop containers	2026-10-07T00:23:37.2183899Z  2026-10-07 00:23:09.580 UTC [210] ERROR:  new row for relation "outbox_events" violates check constraint "outbox_events_check1"
runtime	Stop containers	2026-10-07T00:23:37.2184890Z  2026-10-07 00:23:09.580 UTC [210] DETAIL:  Failing row contains (05b52b63-b504-4aa5-a972-f64fb1a6a2b4, 99564fe0-0b65-4a5c-a892-7e64b4b9e055, null, synthetic.processed, 1, 432f3c15-b59e-452c-bac0-60db3f2724be, {"businessKey": "432f3c15-b59e-452c-bac0-60db3f2724be"}, 432f3c15-b59e-452c-bac0-60db3f2724be, 2026-10-07 00:23:09.573+00, 2026-10-07 00:23:09.575233+00, 2026-10-07 00:23:09.573+00, pending, 0, null, null, null, test-transient, 2027-04-06 00:23:09.575233+00, retained, 2026-10-07 00:23:09.574+00).
runtime	Stop containers	2026-10-07T00:23:37.2185897Z  2026-10-07 00:23:09.580 UTC [210] STATEMENT:  UPDATE outbox_events SET purge_after = collected_at + interval '181 days' WHERE id = $1::uuid
runtime	Stop containers	2026-10-07T00:23:37.2186260Z  2026-10-07 00:23:10.604 UTC [238] ERROR:  installation authorization generation is immutable
runtime	Stop containers	2026-10-07T00:23:37.2186577Z  2026-10-07 00:23:10.604 UTC [238] CONTEXT:  PL/pgSQL function enforce_authorization_identity() line 4 at RAISE
runtime	Stop containers	2026-10-07T00:23:37.2187085Z  2026-10-07 00:23:10.604 UTC [238] STATEMENT:  update "installation_generations" set "authorization_generation" = $1 where "shop_id" = $2 and "generation" = $3
runtime	Stop containers	2026-10-07T00:23:37.2187607Z  2026-10-07 00:23:10.612 UTC [238] ERROR:  new row for relation "installation_generations" violates check constraint "installation_generations_authorization_epoch_check"
runtime	Stop containers	2026-10-07T00:23:37.2188230Z  2026-10-07 00:23:10.612 UTC [238] DETAIL:  Failing row contains (2ccdef88-664f-4b99-a51f-ee6242bf963a, 2, null, 2026-10-07 00:23:10.607086+00, 2026-10-07 00:23:10.607086+00, null, f70efd9c-c26e-4ebb-aae3-89b1c39802f7, 4294967296).
runtime	Stop containers	2026-10-07T00:23:37.2188924Z  2026-10-07 00:23:10.612 UTC [238] STATEMENT:  update "installation_generations" set "authorization_epoch" = $1 where "shop_id" = $2 and "generation" = $3
runtime	Stop containers	2026-10-07T00:23:37.2189287Z  2026-10-07 00:23:13.050 UTC [154] ERROR:  activation evidence is immutable
runtime	Stop containers	2026-10-07T00:23:37.2189587Z  2026-10-07 00:23:13.050 UTC [154] CONTEXT:  PL/pgSQL function reject_activation_evidence_mutation() line 3 at RAISE
runtime	Stop containers	2026-10-07T00:23:37.2189951Z  2026-10-07 00:23:13.050 UTC [154] STATEMENT:  UPDATE m5_activation_evidence SET evidence='{}'::jsonb WHERE shop_id=$1
runtime	Stop containers	2026-10-07T00:23:37.2190249Z  2026-10-07 00:23:13.050 UTC [154] ERROR:  activation evidence is immutable
runtime	Stop containers	2026-10-07T00:23:37.2190542Z  2026-10-07 00:23:13.050 UTC [154] CONTEXT:  PL/pgSQL function reject_activation_evidence_mutation() line 3 at RAISE
runtime	Stop containers	2026-10-07T00:23:37.2190874Z  2026-10-07 00:23:13.050 UTC [154] STATEMENT:  DELETE FROM m5_activation_evidence WHERE shop_id=$1
runtime	Stop containers	2026-10-07T00:23:37.2191135Z  2026-10-07 00:23:13.592 UTC [241] ERROR:  synthetic activation crash
runtime	Stop containers	2026-10-07T00:23:37.2191405Z  2026-10-07 00:23:13.592 UTC [241] CONTEXT:  PL/pgSQL function m5_test_activation_fail() line 3 at RAISE
runtime	Stop containers	2026-10-07T00:23:37.2191810Z  2026-10-07 00:23:13.592 UTC [241] STATEMENT:  update "publication_operations" set "status" = $1, "activated_at" = $2 where "shop_id" = $3 and "operation_id" = $4
runtime	Stop containers	2026-10-07T00:23:37.2192297Z  2026-10-07 00:23:13.959 UTC [154] ERROR:  new row for relation "m5_availability_resolutions" violates check constraint "m5_014_resolution_v2_hold_audit"
runtime	Stop containers	2026-10-07T00:23:37.2193171Z  2026-10-07 00:23:13.959 UTC [154] DETAIL:  Failing row contains (39b7efce-f8e1-413f-9230-ebf731218c5d, ae9a3c4c-2f59-4180-9c12-b12c2cf0482f, b5ca2360-09ef-40fe-a874-31e23cecbeea, resolution-json-guard, 3e77e6326234cba6329ad12a362f9d7d702042fabd5d804772f557480b15be22, {"shopId": "39b7efce-f8e1-413f-9230-ebf731218c5d", "outcome": "O..., 2026-10-07 00:23:13.958811+00).
runtime	Stop containers	2026-10-07T00:23:37.2194103Z  2026-10-07 00:23:13.959 UTC [154] STATEMENT:  INSERT INTO m5_availability_resolutions(shop_id,config_id,operation_id,command_key,resolution_digest,resolution) VALUES ($1,$2,$3,$4,$5,$6::jsonb)
runtime	Stop containers	2026-10-07T00:23:37.2194733Z  2026-10-07 00:23:13.960 UTC [154] ERROR:  new row for relation "m5_availability_resolutions" violates check constraint "m5_014_resolution_v2_hold_audit"
runtime	Stop containers	2026-10-07T00:23:37.2195591Z  2026-10-07 00:23:13.960 UTC [154] DETAIL:  Failing row contains (39b7efce-f8e1-413f-9230-ebf731218c5d, ae9a3c4c-2f59-4180-9c12-b12c2cf0482f, b5ca2360-09ef-40fe-a874-31e23cecbeea, resolution-json-guard, 233f235e11b29a596d025a6f3483305344a627a2e09e06802ae2e2d7ca8cec7a, {"shopId": "39b7efce-f8e1-413f-9230-ebf731218c5d", "outcome": "O..., 2026-10-07 00:23:13.959798+00).
runtime	Stop containers	2026-10-07T00:23:37.2196516Z  2026-10-07 00:23:13.960 UTC [154] STATEMENT:  INSERT INTO m5_availability_resolutions(shop_id,config_id,operation_id,command_key,resolution_digest,resolution) VALUES ($1,$2,$3,$4,$5,$6::jsonb)
runtime	Stop containers	2026-10-07T00:23:37.2197062Z  2026-10-07 00:23:13.960 UTC [154] ERROR:  new row for relation "m5_availability_resolutions" violates check constraint "m5_014_resolution_v2_hold_audit"
runtime	Stop containers	2026-10-07T00:23:37.2197921Z  2026-10-07 00:23:13.960 UTC [154] DETAIL:  Failing row contains (39b7efce-f8e1-413f-9230-ebf731218c5d, ae9a3c4c-2f59-4180-9c12-b12c2cf0482f, b5ca2360-09ef-40fe-a874-31e23cecbeea, resolution-json-guard, 2d5453f28afcc0ae44189f5c68b117f9d89f51426fce7da50494242efd0b968b, {"shopId": "39b7efce-f8e1-413f-9230-ebf731218c5d", "outcome": "O..., 2026-10-07 00:23:13.960708+00).
runtime	Stop containers	2026-10-07T00:23:37.2199063Z  2026-10-07 00:23:13.960 UTC [154] STATEMENT:  INSERT INTO m5_availability_resolutions(shop_id,config_id,operation_id,command_key,resolution_digest,resolution) VALUES ($1,$2,$3,$4,$5,$6::jsonb)
runtime	Stop containers	2026-10-07T00:23:37.2199604Z  2026-10-07 00:23:13.961 UTC [154] ERROR:  new row for relation "m5_availability_resolutions" violates check constraint "m5_014_resolution_v2_hold_audit"
runtime	Stop containers	2026-10-07T00:23:37.2200456Z  2026-10-07 00:23:13.961 UTC [154] DETAIL:  Failing row contains (39b7efce-f8e1-413f-9230-ebf731218c5d, ae9a3c4c-2f59-4180-9c12-b12c2cf0482f, b5ca2360-09ef-40fe-a874-31e23cecbeea, resolution-json-guard, 44e54d917a0f7269ac415636a5cbd29807c30c0a48a953d0c671908e249a391f, {"shopId": "39b7efce-f8e1-413f-9230-ebf731218c5d", "outcome": "O..., 2026-10-07 00:23:13.961549+00).
runtime	Stop containers	2026-10-07T00:23:37.2201382Z  2026-10-07 00:23:13.961 UTC [154] STATEMENT:  INSERT INTO m5_availability_resolutions(shop_id,config_id,operation_id,command_key,resolution_digest,resolution) VALUES ($1,$2,$3,$4,$5,$6::jsonb)
runtime	Stop containers	2026-10-07T00:23:37.2201923Z  2026-10-07 00:23:13.962 UTC [154] ERROR:  new row for relation "m5_availability_resolutions" violates check constraint "m5_014_resolution_v2_hold_audit"
runtime	Stop containers	2026-10-07T00:23:37.2202782Z  2026-10-07 00:23:13.962 UTC [154] DETAIL:  Failing row contains (39b7efce-f8e1-413f-9230-ebf731218c5d, ae9a3c4c-2f59-4180-9c12-b12c2cf0482f, b5ca2360-09ef-40fe-a874-31e23cecbeea, resolution-json-guard, 1c27d2bbabc4989531fca37f9ac0dfaad577dda748f78ddf184360be172c80d6, {"shopId": "39b7efce-f8e1-413f-9230-ebf731218c5d", "outcome": "O..., 2026-10-07 00:23:13.962581+00).
runtime	Stop containers	2026-10-07T00:23:37.2203710Z  2026-10-07 00:23:13.962 UTC [154] STATEMENT:  INSERT INTO m5_availability_resolutions(shop_id,config_id,operation_id,command_key,resolution_digest,resolution) VALUES ($1,$2,$3,$4,$5,$6::jsonb)
runtime	Stop containers	2026-10-07T00:23:37.2204252Z  2026-10-07 00:23:13.964 UTC [154] ERROR:  new row for relation "m5_availability_resolutions" violates check constraint "m5_014_resolution_v2_hold_audit"
runtime	Stop containers	2026-10-07T00:23:37.2205103Z  2026-10-07 00:23:13.964 UTC [154] DETAIL:  Failing row contains (39b7efce-f8e1-413f-9230-ebf731218c5d, ae9a3c4c-2f59-4180-9c12-b12c2cf0482f, b5ca2360-09ef-40fe-a874-31e23cecbeea, resolution-json-guard, 91ade868b4caf5da33e0191738863760c98c422cdb1f06912e8a6e76a6b30947, {"shopId": "39b7efce-f8e1-413f-9230-ebf731218c5d", "outcome": "O..., 2026-10-07 00:23:13.963662+00).
runtime	Stop containers	2026-10-07T00:23:37.2206028Z  2026-10-07 00:23:13.964 UTC [154] STATEMENT:  INSERT INTO m5_availability_resolutions(shop_id,config_id,operation_id,command_key,resolution_digest,resolution) VALUES ($1,$2,$3,$4,$5,$6::jsonb)
runtime	Stop containers	2026-10-07T00:23:37.2206579Z  2026-10-07 00:23:15.040 UTC [154] ERROR:  availability disposition requires immutable resolved evidence
runtime	Stop containers	2026-10-07T00:23:37.2207044Z  2026-10-07 00:23:15.040 UTC [154] CONTEXT:  PL/pgSQL function enforce_availability_resolution_marker() line 16 at RAISE
runtime	Stop containers	2026-10-07T00:23:37.2207681Z  2026-10-07 00:23:15.040 UTC [154] STATEMENT:  UPDATE publication_operations SET availability_resolved_at=NULL WHERE shop_id=$1 AND operation_id=$2
runtime	Stop containers	2026-10-07T00:23:37.2208218Z  2026-10-07 00:23:15.040 UTC [154] ERROR:  terminal publication operation is immutable
runtime	Stop containers	2026-10-07T00:23:37.2208810Z  2026-10-07 00:23:15.040 UTC [154] CONTEXT:  PL/pgSQL function enforce_publication_transition() line 13 at RAISE
runtime	Stop containers	2026-10-07T00:23:37.2209495Z  2026-10-07 00:23:15.040 UTC [154] STATEMENT:  UPDATE publication_operations SET failure_class='rewrite-history' WHERE shop_id=$1 AND operation_id=$2
runtime	Stop containers	2026-10-07T00:23:37.2210115Z  2026-10-07 00:23:15.041 UTC [154] ERROR:  activation evidence is immutable
runtime	Stop containers	2026-10-07T00:23:37.2210632Z  2026-10-07 00:23:15.041 UTC [154] CONTEXT:  PL/pgSQL function reject_activation_evidence_mutation() line 3 at RAISE
runtime	Stop containers	2026-10-07T00:23:37.2211364Z  2026-10-07 00:23:15.041 UTC [154] STATEMENT:  UPDATE m5_availability_resolutions SET resolution=resolution WHERE shop_id=$1 AND operation_id=$2
runtime	Stop containers	2026-10-07T00:23:37.2212064Z  2026-10-07 00:23:15.042 UTC [154] ERROR:  activation evidence is immutable
runtime	Stop containers	2026-10-07T00:23:37.2212551Z  2026-10-07 00:23:15.042 UTC [154] CONTEXT:  PL/pgSQL function reject_activation_evidence_mutation() line 3 at RAISE
runtime	Stop containers	2026-10-07T00:23:37.2213168Z  2026-10-07 00:23:15.042 UTC [154] STATEMENT:  DELETE FROM m5_availability_resolutions WHERE shop_id=$1 AND operation_id=$2
runtime	Stop containers	2026-10-07T00:23:37.2213632Z  2026-10-07 00:23:35.746 UTC [339] ERROR:  config revisions are immutable
runtime	Stop containers	2026-10-07T00:23:37.2214027Z  2026-10-07 00:23:35.746 UTC [339] CONTEXT:  PL/pgSQL function reject_revision_mutation() line 3 at RAISE
runtime	Stop containers	2026-10-07T00:23:37.2214422Z  2026-10-07 00:23:35.746 UTC [339] STATEMENT:  UPDATE config_revision_presentation SET presentation_value=$1 WHERE shop_id=$2 AND revision_id=$3
runtime	Stop containers	2026-10-07T00:23:37.2214775Z  2026-10-07 00:23:36.371 UTC [73] LOG:  checkpoint starting: immediate force wait
runtime	Stop containers	2026-10-07T00:23:37.2215392Z  2026-10-07 00:23:36.454 UTC [73] LOG:  checkpoint complete: wrote 815 buffers (5.0%), wrote 4 SLRU buffers; 0 WAL file(s) added, 0 removed, 1 recycled; write=0.024 s, sync=0.058 s, total=0.084 s; sync files=321, longest=0.028 s, average=0.001 s; distance=13534 kB, estimate=13534 kB; lsn=0/28D94C0, redo lsn=0/28D9468
runtime	Stop containers	2026-10-07T00:23:37.2215945Z  running bootstrap script ... ok
runtime	Stop containers	2026-10-07T00:23:37.2216110Z  performing post-bootstrap initialization ... ok
runtime	Stop containers	2026-10-07T00:23:37.2216276Z  syncing data to disk ... ok
runtime	Stop containers	2026-10-07T00:23:37.2216402Z
runtime	Stop containers	2026-10-07T00:23:37.2216499Z
runtime	Stop containers	2026-10-07T00:23:37.2216629Z  Success. You can now start the database server using:
runtime	Stop containers	2026-10-07T00:23:37.2216791Z
runtime	Stop containers	2026-10-07T00:23:37.2216930Z      pg_ctl -D /var/lib/postgresql/18/docker -l logfile start
runtime	Stop containers	2026-10-07T00:23:37.2217101Z
runtime	Stop containers	2026-10-07T00:23:37.2217431Z  waiting for server to start....2026-10-07 00:22:23.603 UTC [53] LOG:  starting PostgreSQL 18.6 (Debian 18.6-1.pgdg13+2) on x86_64-pc-linux-gnu, compiled by gcc (Debian 14.2.0-19) 14.2.0, 64-bit
runtime	Stop containers	2026-10-07T00:23:37.2217890Z  2026-10-07 00:22:23.604 UTC [53] LOG:  listening on Unix socket "/var/run/postgresql/.s.PGSQL.5432"
runtime	Stop containers	2026-10-07T00:23:37.2218188Z  2026-10-07 00:22:23.606 UTC [59] LOG:  database system was shut down at 2026-10-07 00:22:23 UTC
runtime	Stop containers	2026-10-07T00:23:37.2218458Z  2026-10-07 00:22:23.608 UTC [53] LOG:  database system is ready to accept connections
runtime	Stop containers	2026-10-07T00:23:37.2218652Z   done
runtime	Stop containers	2026-10-07T00:23:37.2218890Z  server started
runtime	Stop containers	2026-10-07T00:23:37.2219001Z  CREATE DATABASE
runtime	Stop containers	2026-10-07T00:23:37.2219108Z
runtime	Stop containers	2026-10-07T00:23:37.2219198Z
runtime	Stop containers	2026-10-07T00:23:37.2219368Z  /usr/local/bin/docker-entrypoint.sh: ignoring /docker-entrypoint-initdb.d/*
runtime	Stop containers	2026-10-07T00:23:37.2219678Z
runtime	Stop containers	2026-10-07T00:23:37.2219868Z  waiting for server to shut down...2026-10-07 00:22:23.771 UTC [53] LOG:  received fast shutdown request
runtime	Stop containers	2026-10-07T00:23:37.2220147Z  .2026-10-07 00:22:23.771 UTC [53] LOG:  aborting any active transactions
runtime	Stop containers	2026-10-07T00:23:37.2220451Z  2026-10-07 00:22:23.773 UTC [53] LOG:  background worker "logical replication launcher" (PID 62) exited with exit code 1
runtime	Stop containers	2026-10-07T00:23:37.2220743Z  2026-10-07 00:22:23.773 UTC [57] LOG:  shutting down
runtime	Stop containers	2026-10-07T00:23:37.2220950Z  2026-10-07 00:22:23.774 UTC [57] LOG:  checkpoint starting: shutdown immediate
runtime	Stop containers	2026-10-07T00:23:37.2221537Z  2026-10-07 00:22:23.850 UTC [57] LOG:  checkpoint complete: wrote 943 buffers (5.8%), wrote 3 SLRU buffers; 0 WAL file(s) added, 0 removed, 0 recycled; write=0.066 s, sync=0.010 s, total=0.078 s; sync files=303, longest=0.009 s, average=0.001 s; distance=4352 kB, estimate=4352 kB; lsn=0/1BA1BE8, redo lsn=0/1BA1BE8
runtime	Stop containers	2026-10-07T00:23:37.2222106Z  2026-10-07 00:22:23.865 UTC [53] LOG:  database system is shut down
runtime	Stop containers	2026-10-07T00:23:37.2222287Z   done
runtime	Stop containers	2026-10-07T00:23:37.2222388Z  server stopped
runtime	Stop containers	2026-10-07T00:23:37.2222494Z
runtime	Stop containers	2026-10-07T00:23:37.2222621Z  PostgreSQL init process complete; ready for start up.
runtime	Stop containers	2026-10-07T00:23:37.2222778Z
runtime	Stop containers	2026-10-07T00:23:37.2225789Z Stop and remove container: e0e61a96ec694a66963fee12fb8628a0_postgres18_de96e2
runtime	Stop containers	2026-10-07T00:23:37.2228970Z ##[command]/usr/bin/docker rm --force 93bbbabcad61bf330ce7e4301fe8c35732c1b4eff3a96ccf362719fee59df984
runtime	Stop containers	2026-10-07T00:23:37.4712445Z 93bbbabcad61bf330ce7e4301fe8c35732c1b4eff3a96ccf362719fee59df984
runtime	Stop containers	2026-10-07T00:23:37.4732482Z Remove container network: github_network_97e3c22ad9124982bb2f1496e4daa832
runtime	Stop containers	2026-10-07T00:23:37.4734881Z ##[command]/usr/bin/docker network rm github_network_97e3c22ad9124982bb2f1496e4daa832
runtime	Stop containers	2026-10-07T00:23:37.5744358Z github_network_97e3c22ad9124982bb2f1496e4daa832
runtime	Complete job	﻿2026-10-07T00:23:37.5799492Z Cleaning up orphan processes
runtime	Complete job	2026-10-07T00:23:37.6029868Z ##[warning]Node.js 20 is deprecated. The following actions target Node.js 20 but are being forced to run on Node.js 24: actions/checkout@11bd71901bbe5b1630ceea73d27597364c9af683, actions/setup-node@49933ea5288caeca8642d1e84afbd3f7d6820020. For more information see: https://github.blog/changelog/2025-09-19-deprecation-of-node-20-on-github-actions-runners/
