runtime	Set up job	﻿2026-10-07T00:38:05.9670186Z Current runner version: '2.337.0'
runtime	Set up job	2026-10-07T00:38:05.9695295Z ##[group]Runner Image Provisioner
runtime	Set up job	2026-10-07T00:38:05.9696435Z Hosted Compute Agent
runtime	Set up job	2026-10-07T00:38:05.9697112Z Version: 20260901.588
runtime	Set up job	2026-10-07T00:38:05.9697743Z Commit: f88ec8081b781fac6c440065ac7ff9e710ce3d0b
runtime	Set up job	2026-10-07T00:38:05.9698489Z Build Date: 2026-09-01T19:56:44Z
runtime	Set up job	2026-10-07T00:38:05.9699280Z Worker ID: {ae0ec145-30ae-4f43-b63d-dc84dc7c62a8}
runtime	Set up job	2026-10-07T00:38:05.9699999Z Azure Region: westus
runtime	Set up job	2026-10-07T00:38:05.9700613Z ##[endgroup]
runtime	Set up job	2026-10-07T00:38:05.9702060Z ##[group]Operating System
runtime	Set up job	2026-10-07T00:38:05.9702714Z Ubuntu
runtime	Set up job	2026-10-07T00:38:05.9703322Z 24.04.5
runtime	Set up job	2026-10-07T00:38:05.9703838Z LTS
runtime	Set up job	2026-10-07T00:38:05.9704388Z ##[endgroup]
runtime	Set up job	2026-10-07T00:38:05.9704952Z ##[group]Runner Image
runtime	Set up job	2026-10-07T00:38:05.9705939Z Image: ubuntu-24.04
runtime	Set up job	2026-10-07T00:38:05.9706585Z Version: 20260927.320.1
runtime	Set up job	2026-10-07T00:38:05.9707659Z Included Software: https://github.com/actions/runner-images/blob/ubuntu24/20260927.320/images/ubuntu/Ubuntu2404-Readme.md
runtime	Set up job	2026-10-07T00:38:05.9709474Z Image Release: https://github.com/actions/runner-images/releases/tag/ubuntu24%2F20260927.320
runtime	Set up job	2026-10-07T00:38:05.9710482Z ##[endgroup]
runtime	Set up job	2026-10-07T00:38:05.9711605Z ##[group]GITHUB_TOKEN Permissions
runtime	Set up job	2026-10-07T00:38:05.9713442Z Contents: read
runtime	Set up job	2026-10-07T00:38:05.9714160Z Metadata: read
runtime	Set up job	2026-10-07T00:38:05.9714755Z ##[endgroup]
runtime	Set up job	2026-10-07T00:38:05.9717136Z Secret source: Actions
runtime	Set up job	2026-10-07T00:38:05.9718179Z Cache mode: write
runtime	Set up job	2026-10-07T00:38:05.9719016Z Prepare workflow directory
runtime	Set up job	2026-10-07T00:38:06.0220730Z Prepare all required actions
runtime	Set up job	2026-10-07T00:38:06.0268544Z Getting action download info
runtime	Set up job	2026-10-07T00:38:06.3709243Z Download action repository 'actions/checkout@11bd71901bbe5b1630ceea73d27597364c9af683' (SHA:11bd71901bbe5b1630ceea73d27597364c9af683)
runtime	Set up job	2026-10-07T00:38:06.4866862Z Download action repository 'actions/setup-node@49933ea5288caeca8642d1e84afbd3f7d6820020' (SHA:49933ea5288caeca8642d1e84afbd3f7d6820020)
runtime	Set up job	2026-10-07T00:38:06.6780654Z Complete job name: runtime
runtime	Initialize containers	﻿2026-10-07T00:38:06.7354763Z ##[group]Checking docker version
runtime	Initialize containers	2026-10-07T00:38:06.7368297Z ##[command]/usr/bin/docker version --format '{{.Server.APIVersion}}'
runtime	Initialize containers	2026-10-07T00:38:06.8321189Z '1.48'
runtime	Initialize containers	2026-10-07T00:38:06.8332947Z Docker daemon API version: '1.48'
runtime	Initialize containers	2026-10-07T00:38:06.8333802Z ##[command]/usr/bin/docker version --format '{{.Client.APIVersion}}'
runtime	Initialize containers	2026-10-07T00:38:06.8494017Z '1.48'
runtime	Initialize containers	2026-10-07T00:38:06.8506894Z Docker client API version: '1.48'
runtime	Initialize containers	2026-10-07T00:38:06.8511958Z ##[endgroup]
runtime	Initialize containers	2026-10-07T00:38:06.8515306Z ##[group]Clean up resources from previous jobs
runtime	Initialize containers	2026-10-07T00:38:06.8521064Z ##[command]/usr/bin/docker ps --all --quiet --no-trunc --filter "label=c5c762"
runtime	Initialize containers	2026-10-07T00:38:06.8657787Z ##[command]/usr/bin/docker network prune --force --filter "label=c5c762"
runtime	Initialize containers	2026-10-07T00:38:06.8784943Z ##[endgroup]
runtime	Initialize containers	2026-10-07T00:38:06.8785752Z ##[group]Create local container network
runtime	Initialize containers	2026-10-07T00:38:06.8795695Z ##[command]/usr/bin/docker network create --label c5c762 github_network_f6f5835860d741ca86141b57343e6372
runtime	Initialize containers	2026-10-07T00:38:06.9291844Z c81f1a861afe14d20cba0425250ec288a07f105142b72be97ff844e2fc6c687c
runtime	Initialize containers	2026-10-07T00:38:06.9311603Z ##[endgroup]
runtime	Initialize containers	2026-10-07T00:38:06.9336448Z ##[group]Starting postgres service container
runtime	Initialize containers	2026-10-07T00:38:06.9364202Z ##[command]/usr/bin/docker pull postgres:18
runtime	Initialize containers	2026-10-07T00:38:07.9203876Z 18: Pulling from library/postgres
runtime	Initialize containers	2026-10-07T00:38:08.1810955Z ecc510c1e359: Pulling fs layer
runtime	Initialize containers	2026-10-07T00:38:08.1812399Z 4a3cafbebf6d: Pulling fs layer
runtime	Initialize containers	2026-10-07T00:38:08.1813406Z 28ced28a309b: Pulling fs layer
runtime	Initialize containers	2026-10-07T00:38:08.1814354Z ab69e2551985: Pulling fs layer
runtime	Initialize containers	2026-10-07T00:38:08.1815253Z 1f04dfa92b9f: Pulling fs layer
runtime	Initialize containers	2026-10-07T00:38:08.1816730Z 5a487c9461a5: Pulling fs layer
runtime	Initialize containers	2026-10-07T00:38:08.1818129Z e0d4a6e58470: Pulling fs layer
runtime	Initialize containers	2026-10-07T00:38:08.1819512Z 496ce2ef5b2f: Pulling fs layer
runtime	Initialize containers	2026-10-07T00:38:08.1820837Z c8145e79cc2b: Pulling fs layer
runtime	Initialize containers	2026-10-07T00:38:08.1822058Z 06ea90d3bcc9: Pulling fs layer
runtime	Initialize containers	2026-10-07T00:38:08.1822848Z dc25540d793f: Pulling fs layer
runtime	Initialize containers	2026-10-07T00:38:08.1823596Z 7967f593457f: Pulling fs layer
runtime	Initialize containers	2026-10-07T00:38:08.1824753Z d23c975c4693: Pulling fs layer
runtime	Initialize containers	2026-10-07T00:38:08.1825890Z 496ce2ef5b2f: Waiting
runtime	Initialize containers	2026-10-07T00:38:08.1826674Z c8145e79cc2b: Waiting
runtime	Initialize containers	2026-10-07T00:38:08.1827397Z ab69e2551985: Waiting
runtime	Initialize containers	2026-10-07T00:38:08.1828114Z 06ea90d3bcc9: Waiting
runtime	Initialize containers	2026-10-07T00:38:08.1828843Z dc25540d793f: Waiting
runtime	Initialize containers	2026-10-07T00:38:08.1829617Z 1f04dfa92b9f: Waiting
runtime	Initialize containers	2026-10-07T00:38:08.1830380Z 5a487c9461a5: Waiting
runtime	Initialize containers	2026-10-07T00:38:08.1831151Z 7967f593457f: Waiting
runtime	Initialize containers	2026-10-07T00:38:08.1832034Z e0d4a6e58470: Waiting
runtime	Initialize containers	2026-10-07T00:38:08.1832978Z d23c975c4693: Waiting
runtime	Initialize containers	2026-10-07T00:38:08.4005585Z 4a3cafbebf6d: Verifying Checksum
runtime	Initialize containers	2026-10-07T00:38:08.4006829Z 4a3cafbebf6d: Download complete
runtime	Initialize containers	2026-10-07T00:38:08.4304815Z 28ced28a309b: Verifying Checksum
runtime	Initialize containers	2026-10-07T00:38:08.4306543Z 28ced28a309b: Download complete
runtime	Initialize containers	2026-10-07T00:38:08.4906200Z ecc510c1e359: Verifying Checksum
runtime	Initialize containers	2026-10-07T00:38:08.4907636Z ecc510c1e359: Download complete
runtime	Initialize containers	2026-10-07T00:38:08.6309854Z ab69e2551985: Verifying Checksum
runtime	Initialize containers	2026-10-07T00:38:08.6311483Z ab69e2551985: Download complete
runtime	Initialize containers	2026-10-07T00:38:08.6794665Z 1f04dfa92b9f: Verifying Checksum
runtime	Initialize containers	2026-10-07T00:38:08.6796114Z 1f04dfa92b9f: Download complete
runtime	Initialize containers	2026-10-07T00:38:08.7120803Z 5a487c9461a5: Verifying Checksum
runtime	Initialize containers	2026-10-07T00:38:08.7121576Z 5a487c9461a5: Download complete
runtime	Initialize containers	2026-10-07T00:38:08.8391931Z e0d4a6e58470: Verifying Checksum
runtime	Initialize containers	2026-10-07T00:38:08.8393671Z e0d4a6e58470: Download complete
runtime	Initialize containers	2026-10-07T00:38:08.8837834Z 496ce2ef5b2f: Download complete
runtime	Initialize containers	2026-10-07T00:38:09.0537892Z 06ea90d3bcc9: Verifying Checksum
runtime	Initialize containers	2026-10-07T00:38:09.0538465Z 06ea90d3bcc9: Download complete
runtime	Initialize containers	2026-10-07T00:38:09.0997978Z dc25540d793f: Verifying Checksum
runtime	Initialize containers	2026-10-07T00:38:09.0999150Z dc25540d793f: Download complete
runtime	Initialize containers	2026-10-07T00:38:09.2612524Z 7967f593457f: Download complete
runtime	Initialize containers	2026-10-07T00:38:09.2972249Z c8145e79cc2b: Verifying Checksum
runtime	Initialize containers	2026-10-07T00:38:09.3163989Z c8145e79cc2b: Download complete
runtime	Initialize containers	2026-10-07T00:38:09.3164536Z d23c975c4693: Verifying Checksum
runtime	Initialize containers	2026-10-07T00:38:09.3165597Z d23c975c4693: Download complete
runtime	Initialize containers	2026-10-07T00:38:09.5432060Z ecc510c1e359: Pull complete
runtime	Initialize containers	2026-10-07T00:38:09.8374634Z 4a3cafbebf6d: Pull complete
runtime	Initialize containers	2026-10-07T00:38:10.0016308Z 28ced28a309b: Pull complete
runtime	Initialize containers	2026-10-07T00:38:10.0391037Z ab69e2551985: Pull complete
runtime	Initialize containers	2026-10-07T00:38:10.3298742Z 1f04dfa92b9f: Pull complete
runtime	Initialize containers	2026-10-07T00:38:10.4011691Z 5a487c9461a5: Pull complete
runtime	Initialize containers	2026-10-07T00:38:10.4102285Z e0d4a6e58470: Pull complete
runtime	Initialize containers	2026-10-07T00:38:10.4201228Z 496ce2ef5b2f: Pull complete
runtime	Initialize containers	2026-10-07T00:38:13.3461615Z c8145e79cc2b: Pull complete
runtime	Initialize containers	2026-10-07T00:38:13.3592261Z 06ea90d3bcc9: Pull complete
runtime	Initialize containers	2026-10-07T00:38:13.3741582Z dc25540d793f: Pull complete
runtime	Initialize containers	2026-10-07T00:38:13.3819762Z 7967f593457f: Pull complete
runtime	Initialize containers	2026-10-07T00:38:13.3919659Z d23c975c4693: Pull complete
runtime	Initialize containers	2026-10-07T00:38:13.3958773Z Digest: sha256:fc973eb97c9fd04bfa1840e0f510719a584ccb3be8debfe6a4144637a9dfe8cf
runtime	Initialize containers	2026-10-07T00:38:13.3969831Z Status: Downloaded newer image for postgres:18
runtime	Initialize containers	2026-10-07T00:38:13.3979505Z docker.io/library/postgres:18
runtime	Initialize containers	2026-10-07T00:38:13.4045310Z ##[command]/usr/bin/docker create --name 60379d9fe4da4abe86232ac4a98bf39b_postgres18_3fa3dd --label c5c762 --network github_network_f6f5835860d741ca86141b57343e6372 --network-alias postgres -p 5432:5432 --health-cmd "pg_isready -U insignia_test -d insignia_test" --health-interval 5s --health-timeout 5s --health-retries 10 -e "POSTGRES_USER=insignia_test" -e "POSTGRES_PASSWORD=insignia_test" -e "POSTGRES_DB=insignia_test" -e GITHUB_ACTIONS=true -e CI=true postgres:18
runtime	Initialize containers	2026-10-07T00:38:13.4309094Z b993435e295c3f8dbaed475cf1808c81ce5548238f80fe261e29677d36d654ac
runtime	Initialize containers	2026-10-07T00:38:13.4331384Z ##[command]/usr/bin/docker start b993435e295c3f8dbaed475cf1808c81ce5548238f80fe261e29677d36d654ac
runtime	Initialize containers	2026-10-07T00:38:13.6323392Z b993435e295c3f8dbaed475cf1808c81ce5548238f80fe261e29677d36d654ac
runtime	Initialize containers	2026-10-07T00:38:13.6352705Z ##[command]/usr/bin/docker ps --all --filter id=b993435e295c3f8dbaed475cf1808c81ce5548238f80fe261e29677d36d654ac --filter status=running --no-trunc --format "{{.ID}} {{.Status}}"
runtime	Initialize containers	2026-10-07T00:38:13.6503447Z b993435e295c3f8dbaed475cf1808c81ce5548238f80fe261e29677d36d654ac Up Less than a second (health: starting)
runtime	Initialize containers	2026-10-07T00:38:13.6530547Z ##[command]/usr/bin/docker port b993435e295c3f8dbaed475cf1808c81ce5548238f80fe261e29677d36d654ac
runtime	Initialize containers	2026-10-07T00:38:13.6680624Z 5432/tcp -> 0.0.0.0:5432
runtime	Initialize containers	2026-10-07T00:38:13.6681313Z 5432/tcp -> [::]:5432
runtime	Initialize containers	2026-10-07T00:38:13.6740394Z ##[endgroup]
runtime	Initialize containers	2026-10-07T00:38:13.6749288Z ##[group]Waiting for all services to be ready
runtime	Initialize containers	2026-10-07T00:38:13.6763444Z ##[command]/usr/bin/docker inspect --format="{{if .Config.Healthcheck}}{{print .State.Health.Status}}{{end}}" b993435e295c3f8dbaed475cf1808c81ce5548238f80fe261e29677d36d654ac
runtime	Initialize containers	2026-10-07T00:38:13.6909659Z starting
runtime	Initialize containers	2026-10-07T00:38:13.6931567Z postgres service is starting, waiting 2 seconds before checking again.
runtime	Initialize containers	2026-10-07T00:38:15.6933556Z ##[command]/usr/bin/docker inspect --format="{{if .Config.Healthcheck}}{{print .State.Health.Status}}{{end}}" b993435e295c3f8dbaed475cf1808c81ce5548238f80fe261e29677d36d654ac
runtime	Initialize containers	2026-10-07T00:38:15.7056695Z starting
runtime	Initialize containers	2026-10-07T00:38:15.7068604Z postgres service is starting, waiting 4 seconds before checking again.
runtime	Initialize containers	2026-10-07T00:38:19.8732047Z ##[command]/usr/bin/docker inspect --format="{{if .Config.Healthcheck}}{{print .State.Health.Status}}{{end}}" b993435e295c3f8dbaed475cf1808c81ce5548238f80fe261e29677d36d654ac
runtime	Initialize containers	2026-10-07T00:38:19.8917597Z healthy
runtime	Initialize containers	2026-10-07T00:38:19.8932240Z postgres service is healthy.
runtime	Initialize containers	2026-10-07T00:38:19.8932641Z ##[endgroup]
runtime	Run actions/checkout@11bd71901bbe5b1630ceea73d27597364c9af683	﻿2026-10-07T00:38:19.9229259Z ##[group]Run actions/checkout@11bd71901bbe5b1630ceea73d27597364c9af683
runtime	Run actions/checkout@11bd71901bbe5b1630ceea73d27597364c9af683	2026-10-07T00:38:19.9229977Z with:
runtime	Run actions/checkout@11bd71901bbe5b1630ceea73d27597364c9af683	2026-10-07T00:38:19.9230177Z   fetch-depth: 0
runtime	Run actions/checkout@11bd71901bbe5b1630ceea73d27597364c9af683	2026-10-07T00:38:19.9230404Z   repository: Optidigi/insignia
runtime	Run actions/checkout@11bd71901bbe5b1630ceea73d27597364c9af683	2026-10-07T00:38:19.9232788Z   token: ***
runtime	Run actions/checkout@11bd71901bbe5b1630ceea73d27597364c9af683	2026-10-07T00:38:19.9232990Z   ssh-strict: true
runtime	Run actions/checkout@11bd71901bbe5b1630ceea73d27597364c9af683	2026-10-07T00:38:19.9233188Z   ssh-user: git
runtime	Run actions/checkout@11bd71901bbe5b1630ceea73d27597364c9af683	2026-10-07T00:38:19.9233390Z   persist-credentials: true
runtime	Run actions/checkout@11bd71901bbe5b1630ceea73d27597364c9af683	2026-10-07T00:38:19.9233618Z   clean: true
runtime	Run actions/checkout@11bd71901bbe5b1630ceea73d27597364c9af683	2026-10-07T00:38:19.9233822Z   sparse-checkout-cone-mode: true
runtime	Run actions/checkout@11bd71901bbe5b1630ceea73d27597364c9af683	2026-10-07T00:38:19.9234082Z   fetch-tags: false
runtime	Run actions/checkout@11bd71901bbe5b1630ceea73d27597364c9af683	2026-10-07T00:38:19.9234279Z   show-progress: true
runtime	Run actions/checkout@11bd71901bbe5b1630ceea73d27597364c9af683	2026-10-07T00:38:19.9234476Z   lfs: false
runtime	Run actions/checkout@11bd71901bbe5b1630ceea73d27597364c9af683	2026-10-07T00:38:19.9234657Z   submodules: false
runtime	Run actions/checkout@11bd71901bbe5b1630ceea73d27597364c9af683	2026-10-07T00:38:19.9234864Z   set-safe-directory: true
runtime	Run actions/checkout@11bd71901bbe5b1630ceea73d27597364c9af683	2026-10-07T00:38:19.9235275Z env:
runtime	Run actions/checkout@11bd71901bbe5b1630ceea73d27597364c9af683	2026-10-07T00:38:19.9236031Z   DATABASE_URL: ***localhost:5432/insignia_test?sslmode=disable
runtime	Run actions/checkout@11bd71901bbe5b1630ceea73d27597364c9af683	2026-10-07T00:38:19.9236379Z   INSIGNIA_REQUIRE_POSTGRES_TEST: 1
runtime	Run actions/checkout@11bd71901bbe5b1630ceea73d27597364c9af683	2026-10-07T00:38:19.9236632Z ##[endgroup]
runtime	Run actions/checkout@11bd71901bbe5b1630ceea73d27597364c9af683	2026-10-07T00:38:20.0273870Z Syncing repository: Optidigi/insignia
runtime	Run actions/checkout@11bd71901bbe5b1630ceea73d27597364c9af683	2026-10-07T00:38:20.0276228Z ##[group]Getting Git version info
runtime	Run actions/checkout@11bd71901bbe5b1630ceea73d27597364c9af683	2026-10-07T00:38:20.0276832Z Working directory is '/home/runner/work/insignia/insignia'
runtime	Run actions/checkout@11bd71901bbe5b1630ceea73d27597364c9af683	2026-10-07T00:38:20.0277467Z [command]/usr/bin/git version
runtime	Run actions/checkout@11bd71901bbe5b1630ceea73d27597364c9af683	2026-10-07T00:38:20.0339620Z git version 2.55.0
runtime	Run actions/checkout@11bd71901bbe5b1630ceea73d27597364c9af683	2026-10-07T00:38:20.0364839Z ##[endgroup]
runtime	Run actions/checkout@11bd71901bbe5b1630ceea73d27597364c9af683	2026-10-07T00:38:20.0383044Z Temporarily overriding HOME='/home/runner/work/_temp/e63ea5ca-71de-49a0-9f7c-16279177f6fd' before making global git config changes
runtime	Run actions/checkout@11bd71901bbe5b1630ceea73d27597364c9af683	2026-10-07T00:38:20.0384817Z Adding repository directory to the temporary git global config as a safe directory
runtime	Run actions/checkout@11bd71901bbe5b1630ceea73d27597364c9af683	2026-10-07T00:38:20.0389698Z [command]/usr/bin/git config --global --add safe.directory /home/runner/work/insignia/insignia
runtime	Run actions/checkout@11bd71901bbe5b1630ceea73d27597364c9af683	2026-10-07T00:38:20.0440840Z Deleting the contents of '/home/runner/work/insignia/insignia'
runtime	Run actions/checkout@11bd71901bbe5b1630ceea73d27597364c9af683	2026-10-07T00:38:20.0444280Z ##[group]Initializing the repository
runtime	Run actions/checkout@11bd71901bbe5b1630ceea73d27597364c9af683	2026-10-07T00:38:20.0449475Z [command]/usr/bin/git init /home/runner/work/insignia/insignia
runtime	Run actions/checkout@11bd71901bbe5b1630ceea73d27597364c9af683	2026-10-07T00:38:20.0558751Z hint: Using 'master' as the name for the initial branch. This default branch name
runtime	Run actions/checkout@11bd71901bbe5b1630ceea73d27597364c9af683	2026-10-07T00:38:20.0559885Z hint: will change to "main" in Git 3.0. To configure the initial branch name
runtime	Run actions/checkout@11bd71901bbe5b1630ceea73d27597364c9af683	2026-10-07T00:38:20.0560747Z hint: to use in all of your new repositories, which will suppress this warning,
runtime	Run actions/checkout@11bd71901bbe5b1630ceea73d27597364c9af683	2026-10-07T00:38:20.0561388Z hint: call:
runtime	Run actions/checkout@11bd71901bbe5b1630ceea73d27597364c9af683	2026-10-07T00:38:20.0561678Z hint:
runtime	Run actions/checkout@11bd71901bbe5b1630ceea73d27597364c9af683	2026-10-07T00:38:20.0562129Z hint: 	git config --global init.defaultBranch <name>
runtime	Run actions/checkout@11bd71901bbe5b1630ceea73d27597364c9af683	2026-10-07T00:38:20.0562631Z hint:
runtime	Run actions/checkout@11bd71901bbe5b1630ceea73d27597364c9af683	2026-10-07T00:38:20.0563090Z hint: Names commonly chosen instead of 'master' are 'main', 'trunk' and
runtime	Run actions/checkout@11bd71901bbe5b1630ceea73d27597364c9af683	2026-10-07T00:38:20.0564162Z hint: 'development'. The just-created branch can be renamed via this command:
runtime	Run actions/checkout@11bd71901bbe5b1630ceea73d27597364c9af683	2026-10-07T00:38:20.0564778Z hint:
runtime	Run actions/checkout@11bd71901bbe5b1630ceea73d27597364c9af683	2026-10-07T00:38:20.0565121Z hint: 	git branch -m <name>
runtime	Run actions/checkout@11bd71901bbe5b1630ceea73d27597364c9af683	2026-10-07T00:38:20.0565730Z hint:
runtime	Run actions/checkout@11bd71901bbe5b1630ceea73d27597364c9af683	2026-10-07T00:38:20.0566267Z hint: Disable this message with "git config set advice.defaultBranchName false"
runtime	Run actions/checkout@11bd71901bbe5b1630ceea73d27597364c9af683	2026-10-07T00:38:20.0571716Z Initialized empty Git repository in /home/runner/work/insignia/insignia/.git/
runtime	Run actions/checkout@11bd71901bbe5b1630ceea73d27597364c9af683	2026-10-07T00:38:20.0581925Z [command]/usr/bin/git remote add origin https://github.com/Optidigi/insignia
runtime	Run actions/checkout@11bd71901bbe5b1630ceea73d27597364c9af683	2026-10-07T00:38:20.0646922Z ##[endgroup]
runtime	Run actions/checkout@11bd71901bbe5b1630ceea73d27597364c9af683	2026-10-07T00:38:20.0647570Z ##[group]Disabling automatic garbage collection
runtime	Run actions/checkout@11bd71901bbe5b1630ceea73d27597364c9af683	2026-10-07T00:38:20.0651992Z [command]/usr/bin/git config --local gc.auto 0
runtime	Run actions/checkout@11bd71901bbe5b1630ceea73d27597364c9af683	2026-10-07T00:38:20.0690004Z ##[endgroup]
runtime	Run actions/checkout@11bd71901bbe5b1630ceea73d27597364c9af683	2026-10-07T00:38:20.0690634Z ##[group]Setting up auth
runtime	Run actions/checkout@11bd71901bbe5b1630ceea73d27597364c9af683	2026-10-07T00:38:20.0698211Z [command]/usr/bin/git config --local --name-only --get-regexp core\.sshCommand
runtime	Run actions/checkout@11bd71901bbe5b1630ceea73d27597364c9af683	2026-10-07T00:38:20.0733046Z [command]/usr/bin/git submodule foreach --recursive sh -c "git config --local --name-only --get-regexp 'core\.sshCommand' && git config --local --unset-all 'core.sshCommand' || :"
runtime	Run actions/checkout@11bd71901bbe5b1630ceea73d27597364c9af683	2026-10-07T00:38:20.1102802Z [command]/usr/bin/git config --local --name-only --get-regexp http\.https\:\/\/github\.com\/\.extraheader
runtime	Run actions/checkout@11bd71901bbe5b1630ceea73d27597364c9af683	2026-10-07T00:38:20.1142291Z [command]/usr/bin/git submodule foreach --recursive sh -c "git config --local --name-only --get-regexp 'http\.https\:\/\/github\.com\/\.extraheader' && git config --local --unset-all 'http.https://github.com/.extraheader' || :"
runtime	Run actions/checkout@11bd71901bbe5b1630ceea73d27597364c9af683	2026-10-07T00:38:20.1395629Z [command]/usr/bin/git config --local http.https://github.com/.extraheader AUTHORIZATION: basic ***
runtime	Run actions/checkout@11bd71901bbe5b1630ceea73d27597364c9af683	2026-10-07T00:38:20.1437920Z ##[endgroup]
runtime	Run actions/checkout@11bd71901bbe5b1630ceea73d27597364c9af683	2026-10-07T00:38:20.1438377Z ##[group]Fetching the repository
runtime	Run actions/checkout@11bd71901bbe5b1630ceea73d27597364c9af683	2026-10-07T00:38:20.1450184Z [command]/usr/bin/git -c protocol.version=2 fetch --prune --no-recurse-submodules origin +refs/heads/*:refs/remotes/origin/* +refs/tags/*:refs/tags/* +6830c6f7234dae85112cd134af41a7910be3eab3:refs/remotes/pull/47/merge
runtime	Run actions/checkout@11bd71901bbe5b1630ceea73d27597364c9af683	2026-10-07T00:38:21.2562630Z From https://github.com/Optidigi/insignia
runtime	Run actions/checkout@11bd71901bbe5b1630ceea73d27597364c9af683	2026-10-07T00:38:21.2563344Z  * [new branch]      continuation/public-app-auth-provider    -> origin/continuation/public-app-auth-provider
runtime	Run actions/checkout@11bd71901bbe5b1630ceea73d27597364c9af683	2026-10-07T00:38:21.2564125Z  * [new branch]      docs/pf-001r-preflight-bootstrap         -> origin/docs/pf-001r-preflight-bootstrap
runtime	Run actions/checkout@11bd71901bbe5b1630ceea73d27597364c9af683	2026-10-07T00:38:21.2564810Z  * [new branch]      docs/pf-002-readiness-closure            -> origin/docs/pf-002-readiness-closure
runtime	Run actions/checkout@11bd71901bbe5b1630ceea73d27597364c9af683	2026-10-07T00:38:21.2565817Z  * [new branch]      feat/m1-001-foundation                   -> origin/feat/m1-001-foundation
runtime	Run actions/checkout@11bd71901bbe5b1630ceea73d27597364c9af683	2026-10-07T00:38:21.2566714Z  * [new branch]      feat/m2-001-domain-pricing               -> origin/feat/m2-001-domain-pricing
runtime	Run actions/checkout@11bd71901bbe5b1630ceea73d27597364c9af683	2026-10-07T00:38:21.2567699Z  * [new branch]      feat/m3-001-postgres-durable             -> origin/feat/m3-001-postgres-durable
runtime	Run actions/checkout@11bd71901bbe5b1630ceea73d27597364c9af683	2026-10-07T00:38:21.2568376Z  * [new branch]      feat/m3-002-runtime                      -> origin/feat/m3-002-runtime
runtime	Run actions/checkout@11bd71901bbe5b1630ceea73d27597364c9af683	2026-10-07T00:38:21.2569019Z  * [new branch]      feat/m4-001-context-entitlement          -> origin/feat/m4-001-context-entitlement
runtime	Run actions/checkout@11bd71901bbe5b1630ceea73d27597364c9af683	2026-10-07T00:38:21.2569768Z  * [new branch]      feat/m4-002-accepted-quote               -> origin/feat/m4-002-accepted-quote
runtime	Run actions/checkout@11bd71901bbe5b1630ceea73d27597364c9af683	2026-10-07T00:38:21.2570374Z  * [new branch]      feat/m4-003-keys-publication             -> origin/feat/m4-003-keys-publication
runtime	Run actions/checkout@11bd71901bbe5b1630ceea73d27597364c9af683	2026-10-07T00:38:21.2571127Z  * [new branch]      feat/m5-001-admin-visualizer-publication -> origin/feat/m5-001-admin-visualizer-publication
runtime	Run actions/checkout@11bd71901bbe5b1630ceea73d27597364c9af683	2026-10-07T00:38:21.2571917Z  * [new branch]      feat/m5-002-embedded-g7-artifact-attestation -> origin/feat/m5-002-embedded-g7-artifact-attestation
runtime	Run actions/checkout@11bd71901bbe5b1630ceea73d27597364c9af683	2026-10-07T00:38:21.2572687Z  * [new branch]      feat/m5-003-activation-admission         -> origin/feat/m5-003-activation-admission
runtime	Run actions/checkout@11bd71901bbe5b1630ceea73d27597364c9af683	2026-10-07T00:38:21.2573958Z  * [new branch]      feat/m5-004-availability-qualification   -> origin/feat/m5-004-availability-qualification
runtime	Run actions/checkout@11bd71901bbe5b1630ceea73d27597364c9af683	2026-10-07T00:38:21.2575134Z  * [new branch]      feat/m5-005-scope-provenance             -> origin/feat/m5-005-scope-provenance
runtime	Run actions/checkout@11bd71901bbe5b1630ceea73d27597364c9af683	2026-10-07T00:38:21.2577007Z  * [new branch]      feat/m5-006-released-configuration-checkpoint -> origin/feat/m5-006-released-configuration-checkpoint
runtime	Run actions/checkout@11bd71901bbe5b1630ceea73d27597364c9af683	2026-10-07T00:38:21.2578445Z  * [new branch]      feat/m5-007-readonly-configuration-capture -> origin/feat/m5-007-readonly-configuration-capture
runtime	Run actions/checkout@11bd71901bbe5b1630ceea73d27597364c9af683	2026-10-07T00:38:21.2579231Z  * [new branch]      feat/m5-007r-cli-launch-boundary         -> origin/feat/m5-007r-cli-launch-boundary
runtime	Run actions/checkout@11bd71901bbe5b1630ceea73d27597364c9af683	2026-10-07T00:38:21.2580066Z  * [new branch]      feat/m5-007r4-config-capture             -> origin/feat/m5-007r4-config-capture
runtime	Run actions/checkout@11bd71901bbe5b1630ceea73d27597364c9af683	2026-10-07T00:38:21.2580889Z  * [new branch]      feat/m5-008-product-access               -> origin/feat/m5-008-product-access
runtime	Run actions/checkout@11bd71901bbe5b1630ceea73d27597364c9af683	2026-10-07T00:38:21.2582036Z  * [new branch]      feat/m5-008r-combined-release            -> origin/feat/m5-008r-combined-release
runtime	Run actions/checkout@11bd71901bbe5b1630ceea73d27597364c9af683	2026-10-07T00:38:21.2583287Z  * [new branch]      feat/m5-008s-optional-product-grant      -> origin/feat/m5-008s-optional-product-grant
runtime	Run actions/checkout@11bd71901bbe5b1630ceea73d27597364c9af683	2026-10-07T00:38:21.2584537Z  * [new branch]      feat/m5-009-availability-qualification   -> origin/feat/m5-009-availability-qualification
runtime	Run actions/checkout@11bd71901bbe5b1630ceea73d27597364c9af683	2026-10-07T00:38:21.2585324Z  * [new branch]      feat/m5-010-publication-read-qualification -> origin/feat/m5-010-publication-read-qualification
runtime	Run actions/checkout@11bd71901bbe5b1630ceea73d27597364c9af683	2026-10-07T00:38:21.2586386Z  * [new branch]      feat/m5-011-published-state-adjudication -> origin/feat/m5-011-published-state-adjudication
runtime	Run actions/checkout@11bd71901bbe5b1630ceea73d27597364c9af683	2026-10-07T00:38:21.2587116Z  * [new branch]      feat/m5-012-publication-intent-cleanup   -> origin/feat/m5-012-publication-intent-cleanup
runtime	Run actions/checkout@11bd71901bbe5b1630ceea73d27597364c9af683	2026-10-07T00:38:21.2588037Z  * [new branch]      feat/m5-013-disposable-cleanup           -> origin/feat/m5-013-disposable-cleanup
runtime	Run actions/checkout@11bd71901bbe5b1630ceea73d27597364c9af683	2026-10-07T00:38:21.2588695Z  * [new branch]      feat/m5-014-availability-hold-v2         -> origin/feat/m5-014-availability-hold-v2
runtime	Run actions/checkout@11bd71901bbe5b1630ceea73d27597364c9af683	2026-10-07T00:38:21.2589413Z  * [new branch]      feat/m5-015-live-v2-qualification        -> origin/feat/m5-015-live-v2-qualification
runtime	Run actions/checkout@11bd71901bbe5b1630ceea73d27597364c9af683	2026-10-07T00:38:21.2590067Z  * [new branch]      feat/m5-015r-live-v2-qualification       -> origin/feat/m5-015r-live-v2-qualification
runtime	Run actions/checkout@11bd71901bbe5b1630ceea73d27597364c9af683	2026-10-07T00:38:21.2590732Z  * [new branch]      feat/m5-016-publication-coverage         -> origin/feat/m5-016-publication-coverage
runtime	Run actions/checkout@11bd71901bbe5b1630ceea73d27597364c9af683	2026-10-07T00:38:21.2591257Z  * [new branch]      main                                     -> origin/main
runtime	Run actions/checkout@11bd71901bbe5b1630ceea73d27597364c9af683	2026-10-07T00:38:21.2591741Z  * [new branch]      setup/new-public-app                     -> origin/setup/new-public-app
runtime	Run actions/checkout@11bd71901bbe5b1630ceea73d27597364c9af683	2026-10-07T00:38:21.2592514Z  * [new branch]      spike/m0-001-same-variant                -> origin/spike/m0-001-same-variant
runtime	Run actions/checkout@11bd71901bbe5b1630ceea73d27597364c9af683	2026-10-07T00:38:21.2593696Z  * [new branch]      spike/m0-002-real-lifecycle              -> origin/spike/m0-002-real-lifecycle
runtime	Run actions/checkout@11bd71901bbe5b1630ceea73d27597364c9af683	2026-10-07T00:38:21.2594785Z  * [new branch]      spike/m0-003-fulfillment-diagnosis       -> origin/spike/m0-003-fulfillment-diagnosis
runtime	Run actions/checkout@11bd71901bbe5b1630ceea73d27597364c9af683	2026-10-07T00:38:21.2595953Z  * [new branch]      spike/m0-003r-native-outcome             -> origin/spike/m0-003r-native-outcome
runtime	Run actions/checkout@11bd71901bbe5b1630ceea73d27597364c9af683	2026-10-07T00:38:21.2597056Z  * [new branch]      spike/m0-004-local-authorization         -> origin/spike/m0-004-local-authorization
runtime	Run actions/checkout@11bd71901bbe5b1630ceea73d27597364c9af683	2026-10-07T00:38:21.2598099Z  * [new branch]      spike/m0-005-whole-quote                 -> origin/spike/m0-005-whole-quote
runtime	Run actions/checkout@11bd71901bbe5b1630ceea73d27597364c9af683	2026-10-07T00:38:21.2599073Z  * [new branch]      spike/m0-006-live-carrier                -> origin/spike/m0-006-live-carrier
runtime	Run actions/checkout@11bd71901bbe5b1630ceea73d27597364c9af683	2026-10-07T00:38:21.2600120Z  * [new branch]      spike/m0-007-policy-boundary             -> origin/spike/m0-007-policy-boundary
runtime	Run actions/checkout@11bd71901bbe5b1630ceea73d27597364c9af683	2026-10-07T00:38:21.2601273Z  * [new branch]      spike/m0-008-publication-recovery        -> origin/spike/m0-008-publication-recovery
runtime	Run actions/checkout@11bd71901bbe5b1630ceea73d27597364c9af683	2026-10-07T00:38:21.2602399Z  * [new branch]      spike/m0-009-embedded-admin              -> origin/spike/m0-009-embedded-admin
runtime	Run actions/checkout@11bd71901bbe5b1630ceea73d27597364c9af683	2026-10-07T00:38:21.2603472Z  * [new branch]      spike/m0-010-hybrid-billing              -> origin/spike/m0-010-hybrid-billing
runtime	Run actions/checkout@11bd71901bbe5b1630ceea73d27597364c9af683	2026-10-07T00:38:21.2604724Z  * [new branch]      spike/m0-011-provider-transport          -> origin/spike/m0-011-provider-transport
runtime	Run actions/checkout@11bd71901bbe5b1630ceea73d27597364c9af683	2026-10-07T00:38:21.2606115Z  * [new branch]      spike/m0-012-real-contract               -> origin/spike/m0-012-real-contract
runtime	Run actions/checkout@11bd71901bbe5b1630ceea73d27597364c9af683	2026-10-07T00:38:21.2607480Z  * [new branch]      spike/m0-013-protocol-capacity           -> origin/spike/m0-013-protocol-capacity
runtime	Run actions/checkout@11bd71901bbe5b1630ceea73d27597364c9af683	2026-10-07T00:38:21.2608637Z  * [new branch]      spike/m0-014-public-app-checkout         -> origin/spike/m0-014-public-app-checkout
runtime	Run actions/checkout@11bd71901bbe5b1630ceea73d27597364c9af683	2026-10-07T00:38:21.2609579Z  * [new ref]         6830c6f7234dae85112cd134af41a7910be3eab3 -> pull/47/merge
runtime	Run actions/checkout@11bd71901bbe5b1630ceea73d27597364c9af683	2026-10-07T00:38:21.2611605Z ##[endgroup]
runtime	Run actions/checkout@11bd71901bbe5b1630ceea73d27597364c9af683	2026-10-07T00:38:21.2612257Z ##[group]Determining the checkout info
runtime	Run actions/checkout@11bd71901bbe5b1630ceea73d27597364c9af683	2026-10-07T00:38:21.2612938Z ##[endgroup]
runtime	Run actions/checkout@11bd71901bbe5b1630ceea73d27597364c9af683	2026-10-07T00:38:21.2613350Z [command]/usr/bin/git sparse-checkout disable
runtime	Run actions/checkout@11bd71901bbe5b1630ceea73d27597364c9af683	2026-10-07T00:38:21.2646775Z [command]/usr/bin/git config --local --unset-all extensions.worktreeConfig
runtime	Run actions/checkout@11bd71901bbe5b1630ceea73d27597364c9af683	2026-10-07T00:38:21.2682502Z ##[group]Checking out the ref
runtime	Run actions/checkout@11bd71901bbe5b1630ceea73d27597364c9af683	2026-10-07T00:38:21.2687709Z [command]/usr/bin/git checkout --progress --force refs/remotes/pull/47/merge
runtime	Run actions/checkout@11bd71901bbe5b1630ceea73d27597364c9af683	2026-10-07T00:38:21.4743887Z Note: switching to 'refs/remotes/pull/47/merge'.
runtime	Run actions/checkout@11bd71901bbe5b1630ceea73d27597364c9af683	2026-10-07T00:38:21.4744422Z
runtime	Run actions/checkout@11bd71901bbe5b1630ceea73d27597364c9af683	2026-10-07T00:38:21.4744668Z You are in 'detached HEAD' state. You can look around, make experimental
runtime	Run actions/checkout@11bd71901bbe5b1630ceea73d27597364c9af683	2026-10-07T00:38:21.4745162Z changes and commit them, and you can discard any commits you make in this
runtime	Run actions/checkout@11bd71901bbe5b1630ceea73d27597364c9af683	2026-10-07T00:38:21.4745911Z state without impacting any branches by switching back to a branch.
runtime	Run actions/checkout@11bd71901bbe5b1630ceea73d27597364c9af683	2026-10-07T00:38:21.4746186Z
runtime	Run actions/checkout@11bd71901bbe5b1630ceea73d27597364c9af683	2026-10-07T00:38:21.4746377Z If you want to create a new branch to retain commits you create, you may
runtime	Run actions/checkout@11bd71901bbe5b1630ceea73d27597364c9af683	2026-10-07T00:38:21.4746828Z do so (now or later) by using -c with the switch command. Example:
runtime	Run actions/checkout@11bd71901bbe5b1630ceea73d27597364c9af683	2026-10-07T00:38:21.4747307Z
runtime	Run actions/checkout@11bd71901bbe5b1630ceea73d27597364c9af683	2026-10-07T00:38:21.4747417Z   git switch -c <new-branch-name>
runtime	Run actions/checkout@11bd71901bbe5b1630ceea73d27597364c9af683	2026-10-07T00:38:21.4747587Z
runtime	Run actions/checkout@11bd71901bbe5b1630ceea73d27597364c9af683	2026-10-07T00:38:21.4747682Z Or undo this operation with:
runtime	Run actions/checkout@11bd71901bbe5b1630ceea73d27597364c9af683	2026-10-07T00:38:21.4747838Z
runtime	Run actions/checkout@11bd71901bbe5b1630ceea73d27597364c9af683	2026-10-07T00:38:21.4747916Z   git switch -
runtime	Run actions/checkout@11bd71901bbe5b1630ceea73d27597364c9af683	2026-10-07T00:38:21.4748037Z
runtime	Run actions/checkout@11bd71901bbe5b1630ceea73d27597364c9af683	2026-10-07T00:38:21.4748242Z Turn off this advice by setting config variable advice.detachedHead to false
runtime	Run actions/checkout@11bd71901bbe5b1630ceea73d27597364c9af683	2026-10-07T00:38:21.4748549Z
runtime	Run actions/checkout@11bd71901bbe5b1630ceea73d27597364c9af683	2026-10-07T00:38:21.4748887Z HEAD is now at 6830c6f Merge 59593cae97fef72f1aa1260eee773fbc251a6f0e into d0efd626222047a2047573f678b019cd7b1802a9
runtime	Run actions/checkout@11bd71901bbe5b1630ceea73d27597364c9af683	2026-10-07T00:38:21.4771671Z ##[endgroup]
runtime	Run actions/checkout@11bd71901bbe5b1630ceea73d27597364c9af683	2026-10-07T00:38:21.4838055Z [command]/usr/bin/git log -1 --format=%H
runtime	Run actions/checkout@11bd71901bbe5b1630ceea73d27597364c9af683	2026-10-07T00:38:21.4868151Z 6830c6f7234dae85112cd134af41a7910be3eab3
runtime	Run actions/setup-node@49933ea5288caeca8642d1e84afbd3f7d6820020	﻿2026-10-07T00:38:21.5122110Z ##[group]Run actions/setup-node@49933ea5288caeca8642d1e84afbd3f7d6820020
runtime	Run actions/setup-node@49933ea5288caeca8642d1e84afbd3f7d6820020	2026-10-07T00:38:21.5122521Z with:
runtime	Run actions/setup-node@49933ea5288caeca8642d1e84afbd3f7d6820020	2026-10-07T00:38:21.5122712Z   node-version: 24.21.0
runtime	Run actions/setup-node@49933ea5288caeca8642d1e84afbd3f7d6820020	2026-10-07T00:38:21.5122929Z   always-auth: false
runtime	Run actions/setup-node@49933ea5288caeca8642d1e84afbd3f7d6820020	2026-10-07T00:38:21.5123136Z   check-latest: false
runtime	Run actions/setup-node@49933ea5288caeca8642d1e84afbd3f7d6820020	2026-10-07T00:38:21.5125644Z   token: ***
runtime	Run actions/setup-node@49933ea5288caeca8642d1e84afbd3f7d6820020	2026-10-07T00:38:21.5125843Z env:
runtime	Run actions/setup-node@49933ea5288caeca8642d1e84afbd3f7d6820020	2026-10-07T00:38:21.5126281Z   DATABASE_URL: ***localhost:5432/insignia_test?sslmode=disable
runtime	Run actions/setup-node@49933ea5288caeca8642d1e84afbd3f7d6820020	2026-10-07T00:38:21.5126630Z   INSIGNIA_REQUIRE_POSTGRES_TEST: 1
runtime	Run actions/setup-node@49933ea5288caeca8642d1e84afbd3f7d6820020	2026-10-07T00:38:21.5126875Z ##[endgroup]
runtime	Run actions/setup-node@49933ea5288caeca8642d1e84afbd3f7d6820020	2026-10-07T00:38:21.6495518Z Found in cache @ /opt/hostedtoolcache/node/24.21.0/x64
runtime	Run actions/setup-node@49933ea5288caeca8642d1e84afbd3f7d6820020	2026-10-07T00:38:21.6499728Z (node:2727) [DEP0040] DeprecationWarning: The `punycode` module is deprecated. Please use a userland alternative instead.
runtime	Run actions/setup-node@49933ea5288caeca8642d1e84afbd3f7d6820020	2026-10-07T00:38:21.6500536Z (Use `node --trace-deprecation ...` to show where the warning was created)
runtime	Run actions/setup-node@49933ea5288caeca8642d1e84afbd3f7d6820020	2026-10-07T00:38:21.6502940Z ##[group]Environment details
runtime	Run actions/setup-node@49933ea5288caeca8642d1e84afbd3f7d6820020	2026-10-07T00:38:22.0626245Z node: v24.21.0
runtime	Run actions/setup-node@49933ea5288caeca8642d1e84afbd3f7d6820020	2026-10-07T00:38:22.0626690Z npm: 11.19.0
runtime	Run actions/setup-node@49933ea5288caeca8642d1e84afbd3f7d6820020	2026-10-07T00:38:22.0627225Z yarn: 1.22.22
runtime	Run actions/setup-node@49933ea5288caeca8642d1e84afbd3f7d6820020	2026-10-07T00:38:22.0627967Z ##[endgroup]
runtime	Run corepack pnpm install --frozen-lockfile	﻿2026-10-07T00:38:22.0774567Z ##[group]Run corepack pnpm install --frozen-lockfile
runtime	Run corepack pnpm install --frozen-lockfile	2026-10-07T00:38:22.0775023Z ^[[36;1mcorepack pnpm install --frozen-lockfile^[[0m
runtime	Run corepack pnpm install --frozen-lockfile	2026-10-07T00:38:22.0987484Z shell: /usr/bin/bash -e {0}
runtime	Run corepack pnpm install --frozen-lockfile	2026-10-07T00:38:22.0987792Z env:
runtime	Run corepack pnpm install --frozen-lockfile	2026-10-07T00:38:22.0988429Z   DATABASE_URL: ***localhost:5432/insignia_test?sslmode=disable
runtime	Run corepack pnpm install --frozen-lockfile	2026-10-07T00:38:22.0988855Z   INSIGNIA_REQUIRE_POSTGRES_TEST: 1
runtime	Run corepack pnpm install --frozen-lockfile	2026-10-07T00:38:22.0989155Z ##[endgroup]
runtime	Run corepack pnpm install --frozen-lockfile	2026-10-07T00:38:22.7552791Z Downloading the pnpm 12.6.0 binary for linux-x64...
runtime	Run corepack pnpm install --frozen-lockfile	2026-10-07T00:38:23.4686704Z Scope: all 12 workspace projects
runtime	Run corepack pnpm install --frozen-lockfile	2026-10-07T00:38:23.4993221Z ? Verifying lockfile against supply-chain policies (596 entries)...
runtime	Run corepack pnpm install --frozen-lockfile	2026-10-07T00:38:23.6797717Z Packages are hard linked from the content-addressable store to the virtual store.
runtime	Run corepack pnpm install --frozen-lockfile	2026-10-07T00:38:23.6803060Z   Content-addressable store is at: /home/runner/.local/share/pnpm/store/v11
runtime	Run corepack pnpm install --frozen-lockfile	2026-10-07T00:38:23.6803961Z   Virtual store is at:             node_modules/.pnpm
runtime	Run corepack pnpm install --frozen-lockfile	2026-10-07T00:38:23.8954840Z Downloading @biomejs/cli-linux-x64@2.5.14: 0.00 B/24.14 MB
runtime	Run corepack pnpm install --frozen-lockfile	2026-10-07T00:38:23.9592765Z Downloading @dbmate/linux-x64@2.36.0: 0.00 B/12.43 MB
runtime	Run corepack pnpm install --frozen-lockfile	2026-10-07T00:38:24.2037040Z Downloading @img/sharp-libvips-linux-x64@1.3.3: 0.00 B/8.17 MB
runtime	Run corepack pnpm install --frozen-lockfile	2026-10-07T00:38:24.2656255Z Downloading @rolldown/binding-linux-x64-gnu@1.2.11: 0.00 B/7.94 MB
runtime	Run corepack pnpm install --frozen-lockfile	2026-10-07T00:38:25.2894880Z Downloading @img/sharp-libvips-linux-x64@1.3.3: 2.70 MB/8.17 MB
runtime	Run corepack pnpm install --frozen-lockfile	2026-10-07T00:38:25.3916956Z ✓ Lockfile passes supply-chain policies (596 entries in 1.9s)
runtime	Run corepack pnpm install --frozen-lockfile	2026-10-07T00:38:25.3951828Z Lockfile is up to date, resolution step is skipped
runtime	Run corepack pnpm install --frozen-lockfile	2026-10-07T00:38:25.6856365Z Packages: +464
runtime	Run corepack pnpm install --frozen-lockfile	2026-10-07T00:38:25.6857263Z ++++++++++++++++++++++++++++++++++++++++++++++++++++++++++++++++++++++++++++++++
runtime	Run corepack pnpm install --frozen-lockfile	2026-10-07T00:38:25.7217538Z Progress: resolved 464, reused 0, downloaded 464, added 464, done
runtime	Run corepack pnpm install --frozen-lockfile	2026-10-07T00:38:25.7270320Z .../esbuild@0.25.12/node_modules/esbuild postinstall$ node install.js
runtime	Run corepack pnpm install --frozen-lockfile	2026-10-07T00:38:25.7271558Z .../esbuild@0.28.2/node_modules/esbuild postinstall$ node install.js
runtime	Run corepack pnpm install --frozen-lockfile	2026-10-07T00:38:25.7843703Z .../esbuild@0.28.2/node_modules/esbuild postinstall: Done
runtime	Run corepack pnpm install --frozen-lockfile	2026-10-07T00:38:25.7844865Z .../esbuild@0.25.12/node_modules/esbuild postinstall: Done
runtime	Run corepack pnpm install --frozen-lockfile	2026-10-07T00:38:25.8643634Z
runtime	Run corepack pnpm install --frozen-lockfile	2026-10-07T00:38:25.8644555Z devDependencies:
runtime	Run corepack pnpm install --frozen-lockfile	2026-10-07T00:38:25.8667503Z + @biomejs/biome 2.5.14
runtime	Run corepack pnpm install --frozen-lockfile	2026-10-07T00:38:25.8667941Z + @types/node 24.10.0
runtime	Run corepack pnpm install --frozen-lockfile	2026-10-07T00:38:25.8668191Z + dbmate 2.36.0
runtime	Run corepack pnpm install --frozen-lockfile	2026-10-07T00:38:25.8668457Z + dependency-cruiser 18.4.0
runtime	Run corepack pnpm install --frozen-lockfile	2026-10-07T00:38:25.8668715Z + esbuild 0.25.12
runtime	Run corepack pnpm install --frozen-lockfile	2026-10-07T00:38:25.8668946Z + typescript 5.9.3
runtime	Run corepack pnpm install --frozen-lockfile	2026-10-07T00:38:25.8669071Z
runtime	Run corepack pnpm install --frozen-lockfile	2026-10-07T00:38:25.8752679Z Done in 2.4s using pnpm v12.6.0
runtime	Run corepack pnpm build	﻿2026-10-07T00:38:25.9136255Z ##[group]Run corepack pnpm build
runtime	Run corepack pnpm build	2026-10-07T00:38:25.9136619Z ^[[36;1mcorepack pnpm build^[[0m
runtime	Run corepack pnpm build	2026-10-07T00:38:25.9199397Z shell: /usr/bin/bash -e {0}
runtime	Run corepack pnpm build	2026-10-07T00:38:25.9199654Z env:
runtime	Run corepack pnpm build	2026-10-07T00:38:25.9200199Z   DATABASE_URL: ***localhost:5432/insignia_test?sslmode=disable
runtime	Run corepack pnpm build	2026-10-07T00:38:25.9200568Z   INSIGNIA_REQUIRE_POSTGRES_TEST: 1
runtime	Run corepack pnpm build	2026-10-07T00:38:25.9200823Z ##[endgroup]
runtime	Run corepack pnpm build	2026-10-07T00:38:25.9999346Z $ corepack pnpm -r --filter './packages/**' build && corepack pnpm -r --filter './apps/**' build
runtime	Run corepack pnpm build	2026-10-07T00:38:26.0749002Z packages/cart-authorization build$ tsc -p tsconfig.json
runtime	Run corepack pnpm build	2026-10-07T00:38:26.0749926Z packages/contracts build$ tsc -p tsconfig.json
runtime	Run corepack pnpm build	2026-10-07T00:38:26.0750679Z packages/domain build$ tsc -p tsconfig.json
runtime	Run corepack pnpm build	2026-10-07T00:38:26.0751709Z packages/observability build$ tsc -p tsconfig.json
runtime	Run corepack pnpm build	2026-10-07T00:38:27.6670997Z packages/domain build: Done
runtime	Run corepack pnpm build	2026-10-07T00:38:27.6686585Z packages/visualizer build$ tsc -p tsconfig.json
runtime	Run corepack pnpm build	2026-10-07T00:38:27.7860724Z packages/contracts build: Done
runtime	Run corepack pnpm build	2026-10-07T00:38:27.7917913Z packages/application build$ tsc -p tsconfig.json
runtime	Run corepack pnpm build	2026-10-07T00:38:28.2185672Z packages/cart-authorization build: Done
runtime	Run corepack pnpm build	2026-10-07T00:38:28.4642710Z packages/observability build: Done
runtime	Run corepack pnpm build	2026-10-07T00:38:29.0535756Z packages/visualizer build: Done
runtime	Run corepack pnpm build	2026-10-07T00:38:29.6423725Z packages/application build: Done
runtime	Run corepack pnpm build	2026-10-07T00:38:29.6425669Z packages/shopify build$ tsc -p tsconfig.json
runtime	Run corepack pnpm build	2026-10-07T00:38:31.1353456Z packages/shopify build: Done
runtime	Run corepack pnpm build	2026-10-07T00:38:31.1371479Z packages/database build$ tsc -p tsconfig.json
runtime	Run corepack pnpm build	2026-10-07T00:38:33.8528142Z packages/database build: Done
runtime	Run corepack pnpm build	2026-10-07T00:38:33.9560257Z apps/worker build$ tsc -p tsconfig.json
runtime	Run corepack pnpm build	2026-10-07T00:38:33.9582418Z apps/storefront build$ tsc --noEmit && vite build && node scripts/copy-theme-asset.mjs
runtime	Run corepack pnpm build	2026-10-07T00:38:36.1207816Z apps/storefront build: ^[[36mvite v8.3.1 ^[[32mbuilding client environment for production...^[[36m^[[39m
runtime	Run corepack pnpm build	2026-10-07T00:38:36.1308693Z apps/storefront build: transforming...
runtime	Run corepack pnpm build	2026-10-07T00:38:36.1361168Z apps/storefront build: ✓ 5 modules transformed.
runtime	Run corepack pnpm build	2026-10-07T00:38:36.1413613Z apps/storefront build: rendering chunks...
runtime	Run corepack pnpm build	2026-10-07T00:38:36.1497453Z apps/storefront build: computing gzip size...
runtime	Run corepack pnpm build	2026-10-07T00:38:36.1499020Z apps/storefront build: dist/insignia-storefront.js  14.03 kB │ gzip: 5.93 kB
runtime	Run corepack pnpm build	2026-10-07T00:38:36.1499775Z apps/storefront build:
runtime	Run corepack pnpm build	2026-10-07T00:38:36.1500469Z apps/storefront build: ^[[32m✓ built in 29ms^[[39m
runtime	Run corepack pnpm build	2026-10-07T00:38:36.1778420Z apps/worker build: Done
runtime	Run corepack pnpm build	2026-10-07T00:38:36.1779810Z apps/web build$ astro check && astro build
runtime	Run corepack pnpm build	2026-10-07T00:38:36.1964308Z apps/storefront build: Done
runtime	Run corepack pnpm build	2026-10-07T00:38:37.5180912Z apps/web build: ^[[2m00:38:37^[[22m ^[[34m[@astrojs/node]^[[39m Enabling sessions with filesystem storage
runtime	Run corepack pnpm build	2026-10-07T00:38:37.6520737Z apps/web build: ^[[2m00:38:37^[[22m ^[[34m[types]^[[39m Generated ^[[2m132ms^[[22m
runtime	Run corepack pnpm build	2026-10-07T00:38:37.6596391Z apps/web build: ^[[2m00:38:37^[[22m ^[[34m[check]^[[39m Getting diagnostics for Astro files in /home/runner/work/insignia/insignia/apps/web...
runtime	Run corepack pnpm build	2026-10-07T00:38:41.6374733Z apps/web build: Result (28 files):
runtime	Run corepack pnpm build	2026-10-07T00:38:41.6376593Z apps/web build: - 0 errors
runtime	Run corepack pnpm build	2026-10-07T00:38:41.6377144Z apps/web build: - 0 warnings
runtime	Run corepack pnpm build	2026-10-07T00:38:41.6377626Z apps/web build: - 0 hints
runtime	Run corepack pnpm build	2026-10-07T00:38:41.6378044Z apps/web build:
runtime	Run corepack pnpm build	2026-10-07T00:38:42.6407786Z apps/web build: ^[[2m00:38:42^[[22m ^[[34m[@astrojs/node]^[[39m Enabling sessions with filesystem storage
runtime	Run corepack pnpm build	2026-10-07T00:38:42.7373809Z apps/web build: ^[[2m00:38:42^[[22m ^[[34m[types]^[[39m Generated ^[[2m60ms^[[22m
runtime	Run corepack pnpm build	2026-10-07T00:38:42.7376324Z apps/web build: ^[[2m00:38:42^[[22m ^[[34m[build]^[[39m output: ^[[34m"server"^[[39m
runtime	Run corepack pnpm build	2026-10-07T00:38:42.7377433Z apps/web build: ^[[2m00:38:42^[[22m ^[[34m[build]^[[39m mode: ^[[34m"server"^[[39m
runtime	Run corepack pnpm build	2026-10-07T00:38:42.7378460Z apps/web build: ^[[2m00:38:42^[[22m ^[[34m[build]^[[39m directory: ^[[34m/home/runner/work/insignia/insignia/apps/web/dist/^[[39m
runtime	Run corepack pnpm build	2026-10-07T00:38:42.7380418Z apps/web build: ^[[2m00:38:42^[[22m ^[[34m[build]^[[39m adapter: ^[[32m@astrojs/node^[[39m
runtime	Run corepack pnpm build	2026-10-07T00:38:42.7381378Z apps/web build: ^[[2m00:38:42^[[22m ^[[34m[build]^[[39m Collecting build info...
runtime	Run corepack pnpm build	2026-10-07T00:38:42.7382482Z apps/web build: ^[[2m00:38:42^[[22m ^[[34m[build]^[[39m ^[[32m✓ Completed in 104ms.^[[39m
runtime	Run corepack pnpm build	2026-10-07T00:38:42.7393438Z apps/web build: ^[[2m00:38:42^[[22m ^[[34m[build]^[[39m Building server entrypoints...
runtime	Run corepack pnpm build	2026-10-07T00:38:42.9818247Z apps/web build: ^[[2m00:38:42^[[22m ^[[34m[vite]^[[39m ^[[32m✓ built in 205ms^[[39m
runtime	Run corepack pnpm build	2026-10-07T00:38:44.5326108Z apps/web build: ^[[2m00:38:44^[[22m ^[[34m[vite]^[[39m ^[[32m✓ built in 1.55s^[[39m
runtime	Run corepack pnpm build	2026-10-07T00:38:44.7388225Z apps/web build: ^[[2m00:38:44^[[22m ^[[34m[vite]^[[39m ^[[32m✓ built in 192ms^[[39m
runtime	Run corepack pnpm build	2026-10-07T00:38:44.7501141Z apps/web build: ^[[2m00:38:44^[[22m ^[[34m[build]^[[39m Rearranging server assets...
runtime	Run corepack pnpm build	2026-10-07T00:38:44.7511082Z apps/web build: ^[[2m00:38:44^[[22m ^[[34m[build]^[[39m ^[[32m✓ Completed in 2.01s.^[[39m
runtime	Run corepack pnpm build	2026-10-07T00:38:44.7516885Z apps/web build: ^[[2m00:38:44^[[22m ^[[34m[build]^[[39m Server built in ^[[1m2.12s^[[22m
runtime	Run corepack pnpm build	2026-10-07T00:38:44.7517656Z apps/web build: ^[[2m00:38:44^[[22m ^[[34m[build]^[[39m ^[[1mComplete!^[[22m
runtime	Run corepack pnpm build	2026-10-07T00:38:44.7870382Z apps/web build: Done
runtime	Run corepack pnpm check:style	﻿2026-10-07T00:38:44.8101150Z ##[group]Run corepack pnpm check:style
runtime	Run corepack pnpm check:style	2026-10-07T00:38:44.8101719Z ^[[36;1mcorepack pnpm check:style^[[0m
runtime	Run corepack pnpm check:style	2026-10-07T00:38:44.8174085Z shell: /usr/bin/bash -e {0}
runtime	Run corepack pnpm check:style	2026-10-07T00:38:44.8174344Z env:
runtime	Run corepack pnpm check:style	2026-10-07T00:38:44.8174886Z   DATABASE_URL: ***localhost:5432/insignia_test?sslmode=disable
runtime	Run corepack pnpm check:style	2026-10-07T00:38:44.8175256Z   INSIGNIA_REQUIRE_POSTGRES_TEST: 1
runtime	Run corepack pnpm check:style	2026-10-07T00:38:44.8175734Z ##[endgroup]
runtime	Run corepack pnpm check:style	2026-10-07T00:38:44.8961904Z $ biome check .dependency-cruiser.cjs apps/storefront/src apps/storefront/test apps/storefront/scripts apps/storefront/vite.config.ts apps/web/src/islands apps/web/src/pages/live.ts apps/web/src/pages/api apps/web/src/server apps/web/src/shared apps/web/src/styles apps/web/test apps/web/astro.config.mjs apps/worker/src apps/worker/test packages/contracts/src packages/domain/src packages/cart-authorization/src packages/cart-authorization/test packages/application/src packages/database/src packages/database/test packages/shopify/src packages/shopify/test packages/visualizer/src packages/observability/src packages/observability/test scripts/boundaries scripts/m1-functions/check-vector.test.ts scripts/m5-002 scripts/m5-003 scripts/m5-004 scripts/m5-005 scripts/m5-009 scripts/m5-010 scripts/m5-011 scripts/m5-012 scripts/m5-013 scripts/m5-015 scripts/m5-015r scripts/m5-016
runtime	Run corepack pnpm check:style	2026-10-07T00:38:45.6924524Z apps/web/src/server/admin/production.ts:69:57 lint/style/useTemplate  FIXABLE  ━━━━━━━━━━━━━━━━━━━━━
runtime	Run corepack pnpm check:style	2026-10-07T00:38:45.6925281Z
runtime	Run corepack pnpm check:style	2026-10-07T00:38:45.6925855Z   i Template literals are preferred over string concatenation.
runtime	Run corepack pnpm check:style	2026-10-07T00:38:45.6926428Z
runtime	Run corepack pnpm check:style	2026-10-07T00:38:45.6926964Z     67 │   const appOrigin = required(env, 'APP_URL');
runtime	Run corepack pnpm check:style	2026-10-07T00:38:45.6927688Z     68 │   const appId = env.INSIGNIA_SHOPIFY_APP_ID;
runtime	Run corepack pnpm check:style	2026-10-07T00:38:45.6928717Z   > 69 │   const appGid = appId && /^[1-9][0-9]*$/.test(appId) ? 'gid://shopify/App/' + appId : null;
runtime	Run corepack pnpm check:style	2026-10-07T00:38:45.6929810Z        │                                                         ^^^^^^^^^^^^^^^^^^^^^^^^^^^^
runtime	Run corepack pnpm check:style	2026-10-07T00:38:45.6931082Z     70 │   const shopify = createAdminOnlineIdentity({ apiKey, apiSecret, hostName: new URL(appOrigin).host });
runtime	Run corepack pnpm check:style	2026-10-07T00:38:45.6932558Z     71 │   const core = createDurableCore(databasePool ?? new Pool({ connectionString: databaseUrl }));
runtime	Run corepack pnpm check:style	2026-10-07T00:38:45.6933354Z
runtime	Run corepack pnpm check:style	2026-10-07T00:38:45.6933730Z   i Unsafe fix: Use a template literal.
runtime	Run corepack pnpm check:style	2026-10-07T00:38:45.6934155Z
runtime	Run corepack pnpm check:style	2026-10-07T00:38:45.6934703Z      67  67 │     const appOrigin = required(env, 'APP_URL');
runtime	Run corepack pnpm check:style	2026-10-07T00:38:45.6935656Z      68  68 │     const appId = env.INSIGNIA_SHOPIFY_APP_ID;
runtime	Run corepack pnpm check:style	2026-10-07T00:38:45.6937117Z      69     │ - ··const·appGid·=·appId·&&·/^[1-9][0-9]*$/.test(appId)·?·'gid://shopify/App/'·+·appId·:·null;
runtime	Run corepack pnpm check:style	2026-10-07T00:38:45.6938486Z          69 │ + ··const·appGid·=·appId·&&·/^[1-9][0-9]*$/.test(appId)·?·`gid://shopify/App/${appId}`·:·null;
runtime	Run corepack pnpm check:style	2026-10-07T00:38:45.6939925Z      70  70 │     const shopify = createAdminOnlineIdentity({ apiKey, apiSecret, hostName: new URL(appOrigin).host });
runtime	Run corepack pnpm check:style	2026-10-07T00:38:45.6946967Z      71  71 │     const core = createDurableCore(databasePool ?? new Pool({ connectionString: databaseUrl }));
runtime	Run corepack pnpm check:style	2026-10-07T00:38:45.6947809Z
runtime	Run corepack pnpm check:style	2026-10-07T00:38:45.6947971Z
runtime	Run corepack pnpm check:style	2026-10-07T00:38:45.6948857Z apps/web/src/server/admin/production.ts:89:54 lint/style/useTemplate  FIXABLE  ━━━━━━━━━━━━━━━━━━━━━
runtime	Run corepack pnpm check:style	2026-10-07T00:38:45.6949818Z
runtime	Run corepack pnpm check:style	2026-10-07T00:38:45.6950181Z   i Template literals are preferred over string concatenation.
runtime	Run corepack pnpm check:style	2026-10-07T00:38:45.6950747Z
runtime	Run corepack pnpm check:style	2026-10-07T00:38:45.6951392Z     87 │       installationGeneration: actor.installationGeneration,
runtime	Run corepack pnpm check:style	2026-10-07T00:38:45.6952046Z     88 │     });
runtime	Run corepack pnpm check:style	2026-10-07T00:38:45.6953078Z   > 89 │     if (!scope || scope.shopDomain !== actor.shop || 'gid://shopify/Shop/' + scope.shopifyShopId !== actor.shopId)
runtime	Run corepack pnpm check:style	2026-10-07T00:38:45.6954337Z        │                                                      ^^^^^^^^^^^^^^^^^^^^^^^^^^^^^^^^^^^^^^^^^^^
runtime	Run corepack pnpm check:style	2026-10-07T00:38:45.6955200Z     90 │       throw new Error('Admin installation changed');
runtime	Run corepack pnpm check:style	2026-10-07T00:38:45.6956007Z     91 │   }
runtime	Run corepack pnpm check:style	2026-10-07T00:38:45.6956767Z
runtime	Run corepack pnpm check:style	2026-10-07T00:38:45.6957154Z   i Unsafe fix: Use a template literal.
runtime	Run corepack pnpm check:style	2026-10-07T00:38:45.6957612Z
runtime	Run corepack pnpm check:style	2026-10-07T00:38:45.6958282Z      87  87 │         installationGeneration: actor.installationGeneration,
runtime	Run corepack pnpm check:style	2026-10-07T00:38:45.6958948Z      88  88 │       });
runtime	Run corepack pnpm check:style	2026-10-07T00:38:45.6960137Z      89     │ - ····if·(!scope·||·scope.shopDomain·!==·actor.shop·||·'gid://shopify/Shop/'·+·scope.shopifyShopId·!==·actor.shopId)
runtime	Run corepack pnpm check:style	2026-10-07T00:38:45.6961826Z          89 │ + ····if·(!scope·||·scope.shopDomain·!==·actor.shop·||·`gid://shopify/Shop/${scope.shopifyShopId}`·!==·actor.shopId)
runtime	Run corepack pnpm check:style	2026-10-07T00:38:45.6963044Z      90  90 │         throw new Error('Admin installation changed');
runtime	Run corepack pnpm check:style	2026-10-07T00:38:45.6963647Z      91  91 │     }
runtime	Run corepack pnpm check:style	2026-10-07T00:38:45.6963967Z
runtime	Run corepack pnpm check:style	2026-10-07T00:38:45.6964130Z
runtime	Run corepack pnpm check:style	2026-10-07T00:38:45.6964988Z apps/web/src/server/admin/production.ts:214:51 lint/style/useTemplate  FIXABLE  ━━━━━━━━━━━━━━━━━━━━
runtime	Run corepack pnpm check:style	2026-10-07T00:38:45.6966121Z
runtime	Run corepack pnpm check:style	2026-10-07T00:38:45.6966475Z   i Template literals are preferred over string concatenation.
runtime	Run corepack pnpm check:style	2026-10-07T00:38:45.6967054Z
runtime	Run corepack pnpm check:style	2026-10-07T00:38:45.6967704Z     212 │           const provider = await shopify.readInstallation(online);
runtime	Run corepack pnpm check:style	2026-10-07T00:38:45.6968719Z     213 │           const tenant = await core.tenants.getShopByDomain(provider.shop);
runtime	Run corepack pnpm check:style	2026-10-07T00:38:45.6970064Z   > 214 │           if (!tenant || !tenant.shopifyShopId || 'gid://shopify/Shop/' + tenant.shopifyShopId !== provider.shopId)
runtime	Run corepack pnpm check:style	2026-10-07T00:38:45.6971321Z         │                                                   ^^^^^^^^^^^^^^^^^^^^^^^^^^^^^^^^^^^^^^^^^^^^
runtime	Run corepack pnpm check:style	2026-10-07T00:38:45.6972177Z     215 │             throw new Error('Tenant installation mismatch');
runtime	Run corepack pnpm check:style	2026-10-07T00:38:45.6973267Z     216 │           const installed = await core.tenants.getCurrentAdminInstallation(tenant.shopId);
runtime	Run corepack pnpm check:style	2026-10-07T00:38:45.6976007Z
runtime	Run corepack pnpm check:style	2026-10-07T00:38:45.6986269Z   i Unsafe fix: Use a template literal.
runtime	Run corepack pnpm check:style	2026-10-07T00:38:45.6986780Z
runtime	Run corepack pnpm check:style	2026-10-07T00:38:45.6987578Z     212 212 │             const provider = await shopify.readInstallation(online);
runtime	Run corepack pnpm check:style	2026-10-07T00:38:45.6988695Z     213 213 │             const tenant = await core.tenants.getShopByDomain(provider.shop);
runtime	Run corepack pnpm check:style	2026-10-07T00:38:45.6990241Z     214     │ - ··········if·(!tenant·||·!tenant.shopifyShopId·||·'gid://shopify/Shop/'·+·tenant.shopifyShopId·!==·provider.shopId)
runtime	Run corepack pnpm check:style	2026-10-07T00:38:45.6992002Z         214 │ + ··········if·(!tenant·||·!tenant.shopifyShopId·||·`gid://shopify/Shop/${tenant.shopifyShopId}`·!==·provider.shopId)
runtime	Run corepack pnpm check:style	2026-10-07T00:38:45.6993248Z     215 215 │               throw new Error('Tenant installation mismatch');
runtime	Run corepack pnpm check:style	2026-10-07T00:38:45.6994411Z     216 216 │             const installed = await core.tenants.getCurrentAdminInstallation(tenant.shopId);
runtime	Run corepack pnpm check:style	2026-10-07T00:38:45.6995177Z
runtime	Run corepack pnpm check:style	2026-10-07T00:38:45.6995534Z
runtime	Run corepack pnpm check:style	2026-10-07T00:38:45.6996418Z apps/web/src/server/admin/auth.ts:48:48 lint/style/noNonNullAssertion ━━━━━━━━━━━━━━━━━━━━━━━━━━━━━━
runtime	Run corepack pnpm check:style	2026-10-07T00:38:45.6997099Z
runtime	Run corepack pnpm check:style	2026-10-07T00:38:45.6997309Z   ! Forbidden non-null assertion.
runtime	Run corepack pnpm check:style	2026-10-07T00:38:45.6997704Z
runtime	Run corepack pnpm check:style	2026-10-07T00:38:45.6998202Z     46 │     let identity: VerifiedAdminIdentity;
runtime	Run corepack pnpm check:style	2026-10-07T00:38:45.6998731Z     47 │     try {
runtime	Run corepack pnpm check:style	2026-10-07T00:38:45.6999351Z   > 48 │       identity = await port.verifySessionToken(match[1]!);
runtime	Run corepack pnpm check:style	2026-10-07T00:38:45.7000122Z        │                                                ^^^^^^^^^
runtime	Run corepack pnpm check:style	2026-10-07T00:38:45.7000652Z     49 │     } catch {
runtime	Run corepack pnpm check:style	2026-10-07T00:38:45.7001122Z     50 │       return null;
runtime	Run corepack pnpm check:style	2026-10-07T00:38:45.7001477Z
runtime	Run corepack pnpm check:style	2026-10-07T00:38:45.7001639Z
runtime	Run corepack pnpm check:style	2026-10-07T00:38:45.7002488Z apps/web/src/server/admin/auth.ts:61:50 lint/style/noNonNullAssertion ━━━━━━━━━━━━━━━━━━━━━━━━━━━━━━
runtime	Run corepack pnpm check:style	2026-10-07T00:38:45.7003143Z
runtime	Run corepack pnpm check:style	2026-10-07T00:38:45.7003343Z   ! Forbidden non-null assertion.
runtime	Run corepack pnpm check:style	2026-10-07T00:38:45.7003734Z
runtime	Run corepack pnpm check:style	2026-10-07T00:38:45.7004054Z     59 │     )
runtime	Run corepack pnpm check:style	2026-10-07T00:38:45.7004427Z     60 │       return null;
runtime	Run corepack pnpm check:style	2026-10-07T00:38:45.7005180Z   > 61 │     const grant = await port.exchangeOnlineGrant(match[1]!, identity);
runtime	Run corepack pnpm check:style	2026-10-07T00:38:45.7006297Z        │                                                  ^^^^^^^^^
runtime	Run corepack pnpm check:style	2026-10-07T00:38:45.7007095Z     62 │     if (
runtime	Run corepack pnpm check:style	2026-10-07T00:38:45.7007592Z     63 │       grant.shop !== identity.shop ||
runtime	Run corepack pnpm check:style	2026-10-07T00:38:45.7008035Z
runtime	Run corepack pnpm check:style	2026-10-07T00:38:45.7008196Z
runtime	Run corepack pnpm check:style	2026-10-07T00:38:45.7009048Z apps/web/src/server/admin/preview.ts:109:28 lint/style/noNonNullAssertion ━━━━━━━━━━━━━━━━━━━━━━━━━━
runtime	Run corepack pnpm check:style	2026-10-07T00:38:45.7009706Z
runtime	Run corepack pnpm check:style	2026-10-07T00:38:45.7009902Z   ! Forbidden non-null assertion.
runtime	Run corepack pnpm check:style	2026-10-07T00:38:45.7010315Z
runtime	Run corepack pnpm check:style	2026-10-07T00:38:45.7010904Z     107 │             .then((found) => (found ? project(found) : null)),
runtime	Run corepack pnpm check:style	2026-10-07T00:38:45.7011497Z     108 │         );
runtime	Run corepack pnpm check:style	2026-10-07T00:38:45.7012016Z   > 109 │       const result = await map.get(id)!;
runtime	Run corepack pnpm check:style	2026-10-07T00:38:45.7012641Z         │                            ^^^^^^^^^^^^
runtime	Run corepack pnpm check:style	2026-10-07T00:38:45.7013203Z     110 │       await active(actor);
runtime	Run corepack pnpm check:style	2026-10-07T00:38:45.7013724Z     111 │       return result;
runtime	Run corepack pnpm check:style	2026-10-07T00:38:45.7014272Z
runtime	Run corepack pnpm check:style	2026-10-07T00:38:45.7014426Z
runtime	Run corepack pnpm check:style	2026-10-07T00:38:45.7015297Z apps/web/src/server/admin/preview.ts:116:28 lint/style/noNonNullAssertion ━━━━━━━━━━━━━━━━━━━━━━━━━━
runtime	Run corepack pnpm check:style	2026-10-07T00:38:45.7016186Z
runtime	Run corepack pnpm check:style	2026-10-07T00:38:45.7016384Z   ! Forbidden non-null assertion.
runtime	Run corepack pnpm check:style	2026-10-07T00:38:45.7016780Z
runtime	Run corepack pnpm check:style	2026-10-07T00:38:45.7017183Z     114 │       await active(actor);
runtime	Run corepack pnpm check:style	2026-10-07T00:38:45.7018107Z     115 │       if (!currencies.has(actor)) currencies.set(actor, reader(actor).shopCurrency());
runtime	Run corepack pnpm check:style	2026-10-07T00:38:45.7019062Z   > 116 │       const result = await currencies.get(actor)!;
runtime	Run corepack pnpm check:style	2026-10-07T00:38:45.7019764Z         │                            ^^^^^^^^^^^^^^^^^^^^^^
runtime	Run corepack pnpm check:style	2026-10-07T00:38:45.7020338Z     117 │       await active(actor);
runtime	Run corepack pnpm check:style	2026-10-07T00:38:45.7020852Z     118 │       return result;
runtime	Run corepack pnpm check:style	2026-10-07T00:38:45.7021222Z
runtime	Run corepack pnpm check:style	2026-10-07T00:38:45.7021375Z
runtime	Run corepack pnpm check:style	2026-10-07T00:38:45.7022233Z apps/web/src/server/admin/preview.ts:163:34 lint/style/noNonNullAssertion ━━━━━━━━━━━━━━━━━━━━━━━━━━
runtime	Run corepack pnpm check:style	2026-10-07T00:38:45.7022903Z
runtime	Run corepack pnpm check:style	2026-10-07T00:38:45.7023098Z   ! Forbidden non-null assertion.
runtime	Run corepack pnpm check:style	2026-10-07T00:38:45.7023488Z
runtime	Run corepack pnpm check:style	2026-10-07T00:38:45.7023957Z     161 │                   shopId: randomUUID(),
runtime	Run corepack pnpm check:style	2026-10-07T00:38:45.7024580Z     162 │                   shopDomain: shop,
runtime	Run corepack pnpm check:style	2026-10-07T00:38:45.7025314Z   > 163 │                   shopifyShopId: shopId.split('/').at(-1)!,
runtime	Run corepack pnpm check:style	2026-10-07T00:38:45.7026279Z         │                                  ^^^^^^^^^^^^^^^^^^^^^^^^^
runtime	Run corepack pnpm check:style	2026-10-07T00:38:45.7027094Z     164 │                   externalInstallationId: provider.installationId,
runtime	Run corepack pnpm check:style	2026-10-07T00:38:45.7027742Z     165 │                 }),
runtime	Run corepack pnpm check:style	2026-10-07T00:38:45.7028145Z
runtime	Run corepack pnpm check:style	2026-10-07T00:38:45.7028300Z
runtime	Run corepack pnpm check:style	2026-10-07T00:38:45.7029145Z apps/web/src/server/admin/preview.ts:223:26 lint/style/noNonNullAssertion ━━━━━━━━━━━━━━━━━━━━━━━━━━
runtime	Run corepack pnpm check:style	2026-10-07T00:38:45.7029795Z
runtime	Run corepack pnpm check:style	2026-10-07T00:38:45.7029994Z   ! Forbidden non-null assertion.
runtime	Run corepack pnpm check:style	2026-10-07T00:38:45.7030391Z
runtime	Run corepack pnpm check:style	2026-10-07T00:38:45.7031042Z     221 │                   installationGeneration: bound.installationGeneration,
runtime	Run corepack pnpm check:style	2026-10-07T00:38:45.7031855Z     222 │                   shopifyShopId: shopId,
runtime	Run corepack pnpm check:style	2026-10-07T00:38:45.7032642Z   > 223 │                   appId: env.INSIGNIA_M5_002_APP_RESOURCE!,
runtime	Run corepack pnpm check:style	2026-10-07T00:38:45.7033385Z         │                          ^^^^^^^^^^^^^^^^^^^^^^^^^^^^^^^^^
runtime	Run corepack pnpm check:style	2026-10-07T00:38:45.7033922Z     224 │                 },
runtime	Run corepack pnpm check:style	2026-10-07T00:38:45.7034350Z     225 │                 {
runtime	Run corepack pnpm check:style	2026-10-07T00:38:45.7034696Z
runtime	Run corepack pnpm check:style	2026-10-07T00:38:45.7034857Z
runtime	Run corepack pnpm check:style	2026-10-07T00:38:45.7035886Z apps/web/src/server/admin/preview.ts:227:46 lint/style/noNonNullAssertion ━━━━━━━━━━━━━━━━━━━━━━━━━━
runtime	Run corepack pnpm check:style	2026-10-07T00:38:45.7036548Z
runtime	Run corepack pnpm check:style	2026-10-07T00:38:45.7036749Z   ! Forbidden non-null assertion.
runtime	Run corepack pnpm check:style	2026-10-07T00:38:45.7037150Z
runtime	Run corepack pnpm check:style	2026-10-07T00:38:45.7037491Z     225 │                 {
runtime	Run corepack pnpm check:style	2026-10-07T00:38:45.7037994Z     226 │                   appKey: client,
runtime	Run corepack pnpm check:style	2026-10-07T00:38:45.7038929Z   > 227 │                   transformInputQuerySha256: env.INSIGNIA_M5_002_TRANSFORM_QUERY_HASH!,
runtime	Run corepack pnpm check:style	2026-10-07T00:38:45.7039984Z         │                                              ^^^^^^^^^^^^^^^^^^^^^^^^^^^^^^^^^^^^^^^^^
runtime	Run corepack pnpm check:style	2026-10-07T00:38:45.7041284Z     228 │                   validationInputQuerySha256: env.INSIGNIA_M5_002_VALIDATION_QUERY_HASH!,
runtime	Run corepack pnpm check:style	2026-10-07T00:38:45.7042069Z     229 │                 },
runtime	Run corepack pnpm check:style	2026-10-07T00:38:45.7042426Z
runtime	Run corepack pnpm check:style	2026-10-07T00:38:45.7042585Z
runtime	Run corepack pnpm check:style	2026-10-07T00:38:45.7043428Z apps/web/src/server/admin/preview.ts:228:47 lint/style/noNonNullAssertion ━━━━━━━━━━━━━━━━━━━━━━━━━━
runtime	Run corepack pnpm check:style	2026-10-07T00:38:45.7044085Z
runtime	Run corepack pnpm check:style	2026-10-07T00:38:45.7044283Z   ! Forbidden non-null assertion.
runtime	Run corepack pnpm check:style	2026-10-07T00:38:45.7044670Z
runtime	Run corepack pnpm check:style	2026-10-07T00:38:45.7045092Z     226 │                   appKey: client,
runtime	Run corepack pnpm check:style	2026-10-07T00:38:45.7046215Z     227 │                   transformInputQuerySha256: env.INSIGNIA_M5_002_TRANSFORM_QUERY_HASH!,
runtime	Run corepack pnpm check:style	2026-10-07T00:38:45.7047437Z   > 228 │                   validationInputQuerySha256: env.INSIGNIA_M5_002_VALIDATION_QUERY_HASH!,
runtime	Run corepack pnpm check:style	2026-10-07T00:38:45.7048496Z         │                                               ^^^^^^^^^^^^^^^^^^^^^^^^^^^^^^^^^^^^^^^^^^
runtime	Run corepack pnpm check:style	2026-10-07T00:38:45.7049274Z     229 │                 },
runtime	Run corepack pnpm check:style	2026-10-07T00:38:45.7049697Z     230 │               );
runtime	Run corepack pnpm check:style	2026-10-07T00:38:45.7050052Z
runtime	Run corepack pnpm check:style	2026-10-07T00:38:45.7050210Z
runtime	Run corepack pnpm check:style	2026-10-07T00:38:45.7051069Z apps/web/src/server/admin/production.ts:214:15 lint/complexity/useOptionalChain  FIXABLE  ━━━━━━━━━━
runtime	Run corepack pnpm check:style	2026-10-07T00:38:45.7051745Z
runtime	Run corepack pnpm check:style	2026-10-07T00:38:45.7051941Z   ! Change to an optional chain.
runtime	Run corepack pnpm check:style	2026-10-07T00:38:45.7052327Z
runtime	Run corepack pnpm check:style	2026-10-07T00:38:45.7052955Z     212 │           const provider = await shopify.readInstallation(online);
runtime	Run corepack pnpm check:style	2026-10-07T00:38:45.7053966Z     213 │           const tenant = await core.tenants.getShopByDomain(provider.shop);
runtime	Run corepack pnpm check:style	2026-10-07T00:38:45.7055325Z   > 214 │           if (!tenant || !tenant.shopifyShopId || 'gid://shopify/Shop/' + tenant.shopifyShopId !== provider.shopId)
runtime	Run corepack pnpm check:style	2026-10-07T00:38:45.7056566Z         │               ^^^^^^^^^^^^^^^^^^^^^^^^^^^^^^^^
runtime	Run corepack pnpm check:style	2026-10-07T00:38:45.7057317Z     215 │             throw new Error('Tenant installation mismatch');
runtime	Run corepack pnpm check:style	2026-10-07T00:38:45.7058426Z     216 │           const installed = await core.tenants.getCurrentAdminInstallation(tenant.shopId);
runtime	Run corepack pnpm check:style	2026-10-07T00:38:45.7059183Z
runtime	Run corepack pnpm check:style	2026-10-07T00:38:45.7059562Z   i Unsafe fix: Change to an optional chain.
runtime	Run corepack pnpm check:style	2026-10-07T00:38:45.7060008Z
runtime	Run corepack pnpm check:style	2026-10-07T00:38:45.7060672Z     212 212 │             const provider = await shopify.readInstallation(online);
runtime	Run corepack pnpm check:style	2026-10-07T00:38:45.7061734Z     213 213 │             const tenant = await core.tenants.getShopByDomain(provider.shop);
runtime	Run corepack pnpm check:style	2026-10-07T00:38:45.7063244Z     214     │ - ··········if·(!tenant·||·!tenant.shopifyShopId·||·'gid://shopify/Shop/'·+·tenant.shopifyShopId·!==·provider.shopId)
runtime	Run corepack pnpm check:style	2026-10-07T00:38:45.7064885Z         214 │ + ··········if·(!tenant?.shopifyShopId·||·'gid://shopify/Shop/'·+·tenant.shopifyShopId·!==·provider.shopId)
runtime	Run corepack pnpm check:style	2026-10-07T00:38:45.7066254Z     215 215 │               throw new Error('Tenant installation mismatch');
runtime	Run corepack pnpm check:style	2026-10-07T00:38:45.7067426Z     216 216 │             const installed = await core.tenants.getCurrentAdminInstallation(tenant.shopId);
runtime	Run corepack pnpm check:style	2026-10-07T00:38:45.7068209Z
runtime	Run corepack pnpm check:style	2026-10-07T00:38:45.7068364Z
runtime	Run corepack pnpm check:style	2026-10-07T00:38:45.7069227Z apps/web/src/server/merchant-config.ts:123:28 lint/style/noNonNullAssertion ━━━━━━━━━━━━━━━━━━━━━━━━
runtime	Run corepack pnpm check:style	2026-10-07T00:38:45.7069908Z
runtime	Run corepack pnpm check:style	2026-10-07T00:38:45.7070105Z   ! Forbidden non-null assertion.
runtime	Run corepack pnpm check:style	2026-10-07T00:38:45.7070505Z
runtime	Run corepack pnpm check:style	2026-10-07T00:38:45.7071043Z     121 │         option.allowedValueIds.flatMap((id) => {
runtime	Run corepack pnpm check:style	2026-10-07T00:38:45.7071741Z     122 │           const label = oldLabels?.[id];
runtime	Run corepack pnpm check:style	2026-10-07T00:38:45.7072484Z   > 123 │           return label ? [[values.get(id)!, label]] : [];
runtime	Run corepack pnpm check:style	2026-10-07T00:38:45.7073176Z         │                            ^^^^^^^^^^^^^^^
runtime	Run corepack pnpm check:style	2026-10-07T00:38:45.7073676Z     124 │         }),
runtime	Run corepack pnpm check:style	2026-10-07T00:38:45.7074060Z     125 │       );
runtime	Run corepack pnpm check:style	2026-10-07T00:38:45.7074366Z
runtime	Run corepack pnpm check:style	2026-10-07T00:38:45.7074519Z
runtime	Run corepack pnpm check:style	2026-10-07T00:38:45.7075546Z apps/web/src/server/merchant-config.ts:126:47 lint/style/noNonNullAssertion ━━━━━━━━━━━━━━━━━━━━━━━━
runtime	Run corepack pnpm check:style	2026-10-07T00:38:45.7076238Z
runtime	Run corepack pnpm check:style	2026-10-07T00:38:45.7076435Z   ! Forbidden non-null assertion.
runtime	Run corepack pnpm check:style	2026-10-07T00:38:45.7076831Z
runtime	Run corepack pnpm check:style	2026-10-07T00:38:45.7077160Z     124 │         }),
runtime	Run corepack pnpm check:style	2026-10-07T00:38:45.7077724Z     125 │       );
runtime	Run corepack pnpm check:style	2026-10-07T00:38:45.7078556Z   > 126 │       return Object.keys(remapped).length ? [[options.get(option.id)!, remapped]] : [];
runtime	Run corepack pnpm check:style	2026-10-07T00:38:45.7079551Z         │                                               ^^^^^^^^^^^^^^^^^^^^^^^
runtime	Run corepack pnpm check:style	2026-10-07T00:38:45.7080102Z     127 │     }),
runtime	Run corepack pnpm check:style	2026-10-07T00:38:45.7080455Z     128 │   );
runtime	Run corepack pnpm check:style	2026-10-07T00:38:45.7080750Z
runtime	Run corepack pnpm check:style	2026-10-07T00:38:45.7080906Z
runtime	Run corepack pnpm check:style	2026-10-07T00:38:45.7081760Z apps/web/src/server/merchant-config.ts:132:50 lint/style/noNonNullAssertion ━━━━━━━━━━━━━━━━━━━━━━━━
runtime	Run corepack pnpm check:style	2026-10-07T00:38:45.7082414Z
runtime	Run corepack pnpm check:style	2026-10-07T00:38:45.7082614Z   ! Forbidden non-null assertion.
runtime	Run corepack pnpm check:style	2026-10-07T00:38:45.7083006Z
runtime	Run corepack pnpm check:style	2026-10-07T00:38:45.7083342Z     130 │     ...source,
runtime	Run corepack pnpm check:style	2026-10-07T00:38:45.7083737Z     131 │     labels,
runtime	Run corepack pnpm check:style	2026-10-07T00:38:45.7084494Z   > 132 │     methods: source.methods.map((item) => ({ id: methods.get(item.id)! })),
runtime	Run corepack pnpm check:style	2026-10-07T00:38:45.7085774Z         │                                                  ^^^^^^^^^^^^^^^^^^^^^
runtime	Run corepack pnpm check:style	2026-10-07T00:38:45.7086578Z     133 │     placements: source.placements.map((item) => ({
runtime	Run corepack pnpm check:style	2026-10-07T00:38:45.7087163Z     134 │       ...item,
runtime	Run corepack pnpm check:style	2026-10-07T00:38:45.7087505Z
runtime	Run corepack pnpm check:style	2026-10-07T00:38:45.7087666Z
runtime	Run corepack pnpm check:style	2026-10-07T00:38:45.7088513Z apps/web/src/server/merchant-config.ts:135:11 lint/style/noNonNullAssertion ━━━━━━━━━━━━━━━━━━━━━━━━
runtime	Run corepack pnpm check:style	2026-10-07T00:38:45.7089181Z
runtime	Run corepack pnpm check:style	2026-10-07T00:38:45.7089381Z   ! Forbidden non-null assertion.
runtime	Run corepack pnpm check:style	2026-10-07T00:38:45.7089778Z
runtime	Run corepack pnpm check:style	2026-10-07T00:38:45.7090313Z     133 │     placements: source.placements.map((item) => ({
runtime	Run corepack pnpm check:style	2026-10-07T00:38:45.7090896Z     134 │       ...item,
runtime	Run corepack pnpm check:style	2026-10-07T00:38:45.7091413Z   > 135 │       id: placements.get(item.id)!,
runtime	Run corepack pnpm check:style	2026-10-07T00:38:45.7092006Z         │           ^^^^^^^^^^^^^^^^^^^^^^^^
runtime	Run corepack pnpm check:style	2026-10-07T00:38:45.7092910Z     136 │       allowedMethodIds: item.allowedMethodIds.map((id) => methods.get(id)!),
runtime	Run corepack pnpm check:style	2026-10-07T00:38:45.7094006Z     137 │       allowedStepIds: item.allowedStepIds.map((id) => steps.get(id)!),
runtime	Run corepack pnpm check:style	2026-10-07T00:38:45.7094636Z
runtime	Run corepack pnpm check:style	2026-10-07T00:38:45.7094809Z
runtime	Run corepack pnpm check:style	2026-10-07T00:38:45.7095849Z apps/web/src/server/merchant-config.ts:136:59 lint/style/noNonNullAssertion ━━━━━━━━━━━━━━━━━━━━━━━━
runtime	Run corepack pnpm check:style	2026-10-07T00:38:45.7096504Z
runtime	Run corepack pnpm check:style	2026-10-07T00:38:45.7096704Z   ! Forbidden non-null assertion.
runtime	Run corepack pnpm check:style	2026-10-07T00:38:45.7097101Z
runtime	Run corepack pnpm check:style	2026-10-07T00:38:45.7097435Z     134 │       ...item,
runtime	Run corepack pnpm check:style	2026-10-07T00:38:45.7097955Z     135 │       id: placements.get(item.id)!,
runtime	Run corepack pnpm check:style	2026-10-07T00:38:45.7098898Z   > 136 │       allowedMethodIds: item.allowedMethodIds.map((id) => methods.get(id)!),
runtime	Run corepack pnpm check:style	2026-10-07T00:38:45.7099849Z         │                                                           ^^^^^^^^^^^^^^^^
runtime	Run corepack pnpm check:style	2026-10-07T00:38:45.7100766Z     137 │       allowedStepIds: item.allowedStepIds.map((id) => steps.get(id)!),
runtime	Run corepack pnpm check:style	2026-10-07T00:38:45.7101448Z     138 │     })),
runtime	Run corepack pnpm check:style	2026-10-07T00:38:45.7101755Z
runtime	Run corepack pnpm check:style	2026-10-07T00:38:45.7101912Z
runtime	Run corepack pnpm check:style	2026-10-07T00:38:45.7102780Z apps/web/src/server/merchant-config.ts:137:55 lint/style/noNonNullAssertion ━━━━━━━━━━━━━━━━━━━━━━━━
runtime	Run corepack pnpm check:style	2026-10-07T00:38:45.7103436Z
runtime	Run corepack pnpm check:style	2026-10-07T00:38:45.7103812Z   ! Forbidden non-null assertion.
runtime	Run corepack pnpm check:style	2026-10-07T00:38:45.7104211Z
runtime	Run corepack pnpm check:style	2026-10-07T00:38:45.7104664Z     135 │       id: placements.get(item.id)!,
runtime	Run corepack pnpm check:style	2026-10-07T00:38:45.7105733Z     136 │       allowedMethodIds: item.allowedMethodIds.map((id) => methods.get(id)!),
runtime	Run corepack pnpm check:style	2026-10-07T00:38:45.7106811Z   > 137 │       allowedStepIds: item.allowedStepIds.map((id) => steps.get(id)!),
runtime	Run corepack pnpm check:style	2026-10-07T00:38:45.7107703Z         │                                                       ^^^^^^^^^^^^^^
runtime	Run corepack pnpm check:style	2026-10-07T00:38:45.7108249Z     138 │     })),
runtime	Run corepack pnpm check:style	2026-10-07T00:38:45.7108932Z     139 │     productionOptions: source.productionOptions.map((item) => ({
runtime	Run corepack pnpm check:style	2026-10-07T00:38:45.7109539Z
runtime	Run corepack pnpm check:style	2026-10-07T00:38:45.7109696Z
runtime	Run corepack pnpm check:style	2026-10-07T00:38:45.7110551Z apps/web/src/server/merchant-config.ts:140:11 lint/style/noNonNullAssertion ━━━━━━━━━━━━━━━━━━━━━━━━
runtime	Run corepack pnpm check:style	2026-10-07T00:38:45.7111384Z
runtime	Run corepack pnpm check:style	2026-10-07T00:38:45.7111584Z   ! Forbidden non-null assertion.
runtime	Run corepack pnpm check:style	2026-10-07T00:38:45.7111978Z
runtime	Run corepack pnpm check:style	2026-10-07T00:38:45.7112306Z     138 │     })),
runtime	Run corepack pnpm check:style	2026-10-07T00:38:45.7113005Z     139 │     productionOptions: source.productionOptions.map((item) => ({
runtime	Run corepack pnpm check:style	2026-10-07T00:38:45.7113770Z   > 140 │       id: options.get(item.id)!,
runtime	Run corepack pnpm check:style	2026-10-07T00:38:45.7114331Z         │           ^^^^^^^^^^^^^^^^^^^^^
runtime	Run corepack pnpm check:style	2026-10-07T00:38:45.7115166Z     141 │       allowedValueIds: item.allowedValueIds.map((id) => values.get(id)!),
runtime	Run corepack pnpm check:style	2026-10-07T00:38:45.7116058Z     142 │     })),
runtime	Run corepack pnpm check:style	2026-10-07T00:38:45.7116370Z
runtime	Run corepack pnpm check:style	2026-10-07T00:38:45.7116526Z
runtime	Run corepack pnpm check:style	2026-10-07T00:38:45.7117369Z apps/web/src/server/merchant-config.ts:141:57 lint/style/noNonNullAssertion ━━━━━━━━━━━━━━━━━━━━━━━━
runtime	Run corepack pnpm check:style	2026-10-07T00:38:45.7118035Z
runtime	Run corepack pnpm check:style	2026-10-07T00:38:45.7118231Z   ! Forbidden non-null assertion.
runtime	Run corepack pnpm check:style	2026-10-07T00:38:45.7118622Z
runtime	Run corepack pnpm check:style	2026-10-07T00:38:45.7119265Z     139 │     productionOptions: source.productionOptions.map((item) => ({
runtime	Run corepack pnpm check:style	2026-10-07T00:38:45.7120023Z     140 │       id: options.get(item.id)!,
runtime	Run corepack pnpm check:style	2026-10-07T00:38:45.7120904Z   > 141 │       allowedValueIds: item.allowedValueIds.map((id) => values.get(id)!),
runtime	Run corepack pnpm check:style	2026-10-07T00:38:45.7121838Z         │                                                         ^^^^^^^^^^^^^^^
runtime	Run corepack pnpm check:style	2026-10-07T00:38:45.7122396Z     142 │     })),
runtime	Run corepack pnpm check:style	2026-10-07T00:38:45.7122997Z     143 │     pricingRules: source.pricingRules.map((rule) => ({
runtime	Run corepack pnpm check:style	2026-10-07T00:38:45.7123536Z
runtime	Run corepack pnpm check:style	2026-10-07T00:38:45.7123699Z
runtime	Run corepack pnpm check:style	2026-10-07T00:38:45.7124375Z The number of diagnostics exceeds the limit allowed. Use --max-diagnostics to increase it.
runtime	Run corepack pnpm check:style	2026-10-07T00:38:45.7125181Z Diagnostics not shown: 125.
runtime	Run corepack pnpm check:style	2026-10-07T00:38:45.7125885Z Checked 271 files in 756ms. No fixes applied.
runtime	Run corepack pnpm check:style	2026-10-07T00:38:45.7126392Z Found 62 warnings.
runtime	Run corepack pnpm check:style	2026-10-07T00:38:45.7126724Z Found 83 infos.
runtime	Run corepack pnpm check:boundaries	﻿2026-10-07T00:38:45.7423224Z ##[group]Run corepack pnpm check:boundaries
runtime	Run corepack pnpm check:boundaries	2026-10-07T00:38:45.7423595Z ^[[36;1mcorepack pnpm check:boundaries^[[0m
runtime	Run corepack pnpm check:boundaries	2026-10-07T00:38:45.7486070Z shell: /usr/bin/bash -e {0}
runtime	Run corepack pnpm check:boundaries	2026-10-07T00:38:45.7486332Z env:
runtime	Run corepack pnpm check:boundaries	2026-10-07T00:38:45.7486847Z   DATABASE_URL: ***localhost:5432/insignia_test?sslmode=disable
runtime	Run corepack pnpm check:boundaries	2026-10-07T00:38:45.7487214Z   INSIGNIA_REQUIRE_POSTGRES_TEST: 1
runtime	Run corepack pnpm check:boundaries	2026-10-07T00:38:45.7487466Z ##[endgroup]
runtime	Run corepack pnpm check:boundaries	2026-10-07T00:38:45.8497284Z $ node scripts/boundaries/check.mjs && node scripts/boundaries/check-database-api.mjs && node scripts/boundaries/check-domain-effects.mjs && node --test scripts/boundaries/domain-effects.test.mjs
runtime	Run corepack pnpm check:boundaries	2026-10-07T00:39:05.4759222Z Boundary checks passed: 191 real modules, 4 browser modules, 19 negative source fixtures, 2 rejected browser bundles and exports.
runtime	Run corepack pnpm check:boundaries	2026-10-07T00:39:16.5785702Z Database public API rejects 19 compiler probes and 4 runtime deep imports.
runtime	Run corepack pnpm check:boundaries	2026-10-07T00:39:17.1356481Z 6 production domain modules have no prohibited ambient effects
runtime	Run corepack pnpm check:boundaries	2026-10-07T00:39:18.0383807Z ✔ Date.now is rejected in a production domain helper (7.496102ms)
runtime	Run corepack pnpm check:boundaries	2026-10-07T00:39:18.0385266Z ✔ new Date is rejected in a production domain helper (0.710313ms)
runtime	Run corepack pnpm check:boundaries	2026-10-07T00:39:18.0386692Z ✔ Math.random is rejected in a production domain helper (0.485084ms)
runtime	Run corepack pnpm check:boundaries	2026-10-07T00:39:18.0389916Z ✔ globalThis.Date.now is rejected in a production domain helper (0.577585ms)
runtime	Run corepack pnpm check:boundaries	2026-10-07T00:39:18.0391101Z ✔ fetch is rejected in a production domain helper (1.098115ms)
runtime	Run corepack pnpm check:boundaries	2026-10-07T00:39:18.0392471Z ✔ globalThis.crypto is rejected in a production domain helper (0.400255ms)
runtime	Run corepack pnpm check:boundaries	2026-10-07T00:39:18.0393904Z ✔ computed random is rejected in a production domain helper (0.945841ms)
runtime	Run corepack pnpm check:boundaries	2026-10-07T00:39:18.0395337Z ✔ template random is rejected in a production domain helper (0.708339ms)
runtime	Run corepack pnpm check:boundaries	2026-10-07T00:39:18.0397232Z ✔ dynamic Math member is rejected in a production domain helper (1.169928ms)
runtime	Run corepack pnpm check:boundaries	2026-10-07T00:39:18.0398586Z ✔ spread Date is rejected in a production domain helper (1.358149ms)
runtime	Run corepack pnpm check:boundaries	2026-10-07T00:39:18.0400112Z ✔ random destructuring is rejected in a production domain helper (0.695646ms)
runtime	Run corepack pnpm check:boundaries	2026-10-07T00:39:18.0401535Z ✔ date alias is rejected in a production domain helper (0.337519ms)
runtime	Run corepack pnpm check:boundaries	2026-10-07T00:39:18.0402801Z ✔ math alias is rejected in a production domain helper (0.425693ms)
runtime	Run corepack pnpm check:boundaries	2026-10-07T00:39:18.0404916Z ✔ import meta is rejected in a production domain helper (0.412478ms)
runtime	Run corepack pnpm check:boundaries	2026-10-07T00:39:18.0406261Z ✔ process environment is rejected in a production domain helper (0.216994ms)
runtime	Run corepack pnpm check:boundaries	2026-10-07T00:39:18.0407759Z ✔ deterministic numeric and explicit-value operations stay allowed (1.209293ms)
runtime	Run corepack pnpm check:boundaries	2026-10-07T00:39:18.0409150Z ✔ type-only properties are not ambient API references (1.903415ms)
runtime	Run corepack pnpm check:boundaries	2026-10-07T00:39:18.0410533Z ✔ compiled graph includes an imported module with an excluded test-like filename (560.983186ms)
runtime	Run corepack pnpm check:boundaries	2026-10-07T00:39:18.0824108Z ℹ tests 18
runtime	Run corepack pnpm check:boundaries	2026-10-07T00:39:18.0824871Z ℹ suites 0
runtime	Run corepack pnpm check:boundaries	2026-10-07T00:39:18.0826768Z ℹ pass 18
runtime	Run corepack pnpm check:boundaries	2026-10-07T00:39:18.0842639Z ℹ fail 0
runtime	Run corepack pnpm check:boundaries	2026-10-07T00:39:18.0843193Z ℹ cancelled 0
runtime	Run corepack pnpm check:boundaries	2026-10-07T00:39:18.0843616Z ℹ skipped 0
runtime	Run corepack pnpm check:boundaries	2026-10-07T00:39:18.0844064Z ℹ todo 0
runtime	Run corepack pnpm check:boundaries	2026-10-07T00:39:18.0844537Z ℹ duration_ms 908.873963
runtime	Run corepack pnpm check:secrets	﻿2026-10-07T00:39:18.0978436Z ##[group]Run corepack pnpm check:secrets
runtime	Run corepack pnpm check:secrets	2026-10-07T00:39:18.0978792Z ^[[36;1mcorepack pnpm check:secrets^[[0m
runtime	Run corepack pnpm check:secrets	2026-10-07T00:39:18.1039360Z shell: /usr/bin/bash -e {0}
runtime	Run corepack pnpm check:secrets	2026-10-07T00:39:18.1039612Z env:
runtime	Run corepack pnpm check:secrets	2026-10-07T00:39:18.1040312Z   DATABASE_URL: ***localhost:5432/insignia_test?sslmode=disable
runtime	Run corepack pnpm check:secrets	2026-10-07T00:39:18.1040682Z   INSIGNIA_REQUIRE_POSTGRES_TEST: 1
runtime	Run corepack pnpm check:secrets	2026-10-07T00:39:18.1040935Z ##[endgroup]
runtime	Run corepack pnpm check:secrets	2026-10-07T00:39:18.1824812Z $ node scripts/boundaries/check-secrets.mjs
runtime	Run corepack pnpm check:secrets	2026-10-07T00:39:18.2274839Z Secret/fixture provenance check passed: 110 production source files, 83 separately scanned test/fixture files, 2 browser artifacts, 2 explicitly synthetic seeds.
runtime	Run corepack pnpm check:database	﻿2026-10-07T00:39:18.2411682Z ##[group]Run corepack pnpm check:database
runtime	Run corepack pnpm check:database	2026-10-07T00:39:18.2412051Z ^[[36;1mcorepack pnpm check:database^[[0m
runtime	Run corepack pnpm check:database	2026-10-07T00:39:18.2472716Z shell: /usr/bin/bash -e {0}
runtime	Run corepack pnpm check:database	2026-10-07T00:39:18.2472982Z env:
runtime	Run corepack pnpm check:database	2026-10-07T00:39:18.2473526Z   DATABASE_URL: ***localhost:5432/insignia_test?sslmode=disable
runtime	Run corepack pnpm check:database	2026-10-07T00:39:18.2473887Z   INSIGNIA_REQUIRE_POSTGRES_TEST: 1
runtime	Run corepack pnpm check:database	2026-10-07T00:39:18.2474139Z ##[endgroup]
runtime	Run corepack pnpm check:database	2026-10-07T00:39:18.3273622Z $ corepack pnpm db:migrate && corepack pnpm db:migrate && corepack pnpm test:database
runtime	Run corepack pnpm check:database	2026-10-07T00:39:18.3996316Z $ dbmate --no-dump-schema --migrations-dir packages/database/migrations up
runtime	Run corepack pnpm check:database	2026-10-07T00:39:18.4623761Z Applying: 20260929000100_durable_core.sql
runtime	Run corepack pnpm check:database	2026-10-07T00:39:18.4879340Z Applied: 20260929000100_durable_core.sql in 25.530682ms
runtime	Run corepack pnpm check:database	2026-10-07T00:39:18.4880350Z Applying: 20260929000200_runtime_ingress_credentials.sql
runtime	Run corepack pnpm check:database	2026-10-07T00:39:18.4968895Z Applied: 20260929000200_runtime_ingress_credentials.sql in 8.794931ms
runtime	Run corepack pnpm check:database	2026-10-07T00:39:18.4969939Z Applying: 20260929000300_authorization_generation.sql
runtime	Run corepack pnpm check:database	2026-10-07T00:39:18.5011869Z Applied: 20260929000300_authorization_generation.sql in 4.503337ms
runtime	Run corepack pnpm check:database	2026-10-07T00:39:18.5012585Z Applying: 20260929000400_accepted_quote.sql
runtime	Run corepack pnpm check:database	2026-10-07T00:39:18.5102595Z Applied: 20260929000400_accepted_quote.sql in 9.045499ms
runtime	Run corepack pnpm check:database	2026-10-07T00:39:18.5103466Z Applying: 20260930000100_m4_key_lifecycle.sql
runtime	Run corepack pnpm check:database	2026-10-07T00:39:18.5186224Z Applied: 20260930000100_m4_key_lifecycle.sql in 8.371793ms
runtime	Run corepack pnpm check:database	2026-10-07T00:39:18.5187142Z Applying: 20260930000200_publication_progress.sql
runtime	Run corepack pnpm check:database	2026-10-07T00:39:18.5227923Z Applied: 20260930000200_publication_progress.sql in 4.124932ms
runtime	Run corepack pnpm check:database	2026-10-07T00:39:18.5228765Z Applying: 20260930000300_m5_revision_geometry.sql
runtime	Run corepack pnpm check:database	2026-10-07T00:39:18.5261715Z Applied: 20260930000300_m5_revision_geometry.sql in 3.372652ms
runtime	Run corepack pnpm check:database	2026-10-07T00:39:18.5262564Z Applying: 20260930000400_m5_revision_presentation.sql
runtime	Run corepack pnpm check:database	2026-10-07T00:39:18.5292945Z Applied: 20260930000400_m5_revision_presentation.sql in 3.114052ms
runtime	Run corepack pnpm check:database	2026-10-07T00:39:18.5293815Z Applying: 20260930000500_m5_publication_source_version.sql
runtime	Run corepack pnpm check:database	2026-10-07T00:39:18.5312168Z Applied: 20260930000500_m5_publication_source_version.sql in 1.854374ms
runtime	Run corepack pnpm check:database	2026-10-07T00:39:18.5314137Z Applying: 20260930000600_m5_publication_intent_generation.sql
runtime	Run corepack pnpm check:database	2026-10-07T00:39:18.5329293Z Applied: 20260930000600_m5_publication_intent_generation.sql in 1.734551ms
runtime	Run corepack pnpm check:database	2026-10-07T00:39:18.5330195Z Applying: 20260930000700_m5_publication_intent_lookup.sql
runtime	Run corepack pnpm check:database	2026-10-07T00:39:18.5349368Z Applied: 20260930000700_m5_publication_intent_lookup.sql in 2.01819ms
runtime	Run corepack pnpm check:database	2026-10-07T00:39:18.5350057Z Applying: 20260930000800_m5_current_publication_pointer.sql
runtime	Run corepack pnpm check:database	2026-10-07T00:39:18.5386374Z Applied: 20260930000800_m5_current_publication_pointer.sql in 3.708598ms
runtime	Run corepack pnpm check:database	2026-10-07T00:39:18.5387219Z Applying: 20260930000900_m5_activation.sql
runtime	Run corepack pnpm check:database	2026-10-07T00:39:18.5519122Z Applied: 20260930000900_m5_activation.sql in 13.256341ms
runtime	Run corepack pnpm check:database	2026-10-07T00:39:18.5519900Z Applying: 20261006000100_m5_availability_v2.sql
runtime	Run corepack pnpm check:database	2026-10-07T00:39:18.5635986Z Applied: 20261006000100_m5_availability_v2.sql in 10.232709ms
runtime	Run corepack pnpm check:database	2026-10-07T00:39:18.6419743Z $ dbmate --no-dump-schema --migrations-dir packages/database/migrations up
runtime	Run corepack pnpm check:database	2026-10-07T00:39:18.7765316Z $ corepack pnpm --filter @insignia/database test
runtime	Run corepack pnpm check:database	2026-10-07T00:39:18.8532607Z $ vitest run
runtime	Run corepack pnpm check:database	2026-10-07T00:39:19.1286809Z
runtime	Run corepack pnpm check:database	2026-10-07T00:39:19.1317447Z ^[[1m^[[30m^[[46m RUN ^[[49m^[[39m^[[22m ^[[36mv5.0.2 ^[[39m^[[90m/home/runner/work/insignia/insignia/packages/database^[[39m
runtime	Run corepack pnpm check:database	2026-10-07T00:39:19.1318258Z
runtime	Run corepack pnpm check:database	2026-10-07T00:39:20.6912550Z  ^[[32m✓^[[39m test/accepted-quote.test.ts ^[[2m(^[[22m^[[2m2 tests^[[22m^[[2m)^[[22m^[[33m 611^[[2mms^[[22m^[[39m
runtime	Run corepack pnpm check:database	2026-10-07T00:39:20.6924591Z    ^[[32m✓^[[39m accepted quote PostgreSQL authority ^[[2m(2)^[[22m
runtime	Run corepack pnpm check:database	2026-10-07T00:39:20.6926772Z      ^[[33m^[[2m✓^[[22m^[[39m stores one complete quote/set, replays the same key, and forbids mutation^[[33m 451^[[2mms^[[22m^[[39m
runtime	Run corepack pnpm check:database	2026-10-07T00:39:20.8535768Z  ^[[32m✓^[[39m test/runtime.test.ts ^[[2m(^[[22m^[[2m11 tests^[[22m^[[2m)^[[22m^[[33m 768^[[2mms^[[22m^[[39m
runtime	Run corepack pnpm check:database	2026-10-07T00:39:21.5158399Z  ^[[32m✓^[[39m test/config.test.ts ^[[2m(^[[22m^[[2m9 tests^[[22m^[[2m)^[[22m^[[32m 294^[[2mms^[[22m^[[39m
runtime	Run corepack pnpm check:database	2026-10-07T00:39:22.2414050Z  ^[[32m✓^[[39m test/production-publication.test.ts ^[[2m(^[[22m^[[2m10 tests^[[22m^[[2m)^[[22m^[[33m 809^[[2mms^[[22m^[[39m
runtime	Run corepack pnpm check:database	2026-10-07T00:39:22.5198003Z  ^[[32m✓^[[39m test/delivery/pg-delivery-repository.test.ts ^[[2m(^[[22m^[[2m10 tests^[[22m^[[2m)^[[22m^[[33m 456^[[2mms^[[22m^[[39m
runtime	Run corepack pnpm check:database	2026-10-07T00:39:23.0917034Z  ^[[32m✓^[[39m test/command/pg-command-repository.test.ts ^[[2m(^[[22m^[[2m6 tests^[[22m^[[2m)^[[22m^[[33m 321^[[2mms^[[22m^[[39m
runtime	Run corepack pnpm check:database	2026-10-07T00:39:23.3007231Z  ^[[32m✓^[[39m test/signing-keys.test.ts ^[[2m(^[[22m^[[2m3 tests^[[22m^[[2m)^[[22m^[[32m 217^[[2mms^[[22m^[[39m
runtime	Run corepack pnpm check:database	2026-10-07T00:39:23.9060284Z  ^[[32m✓^[[39m test/authorization-generation.test.ts ^[[2m(^[[22m^[[2m1 test^[[22m^[[2m)^[[22m^[[32m 97^[[2mms^[[22m^[[39m
runtime	Run corepack pnpm check:database	2026-10-07T00:39:23.9555272Z  ^[[32m✓^[[39m test/public-admission.test.ts ^[[2m(^[[22m^[[2m3 tests^[[22m^[[2m)^[[22m^[[32m 189^[[2mms^[[22m^[[39m
runtime	Run corepack pnpm check:database	2026-10-07T00:39:23.9642316Z ^[[90mstdout^[[2m | test/activation.test.ts^[[2m > ^[[22m^[[2mPG18 scoped production activation^[[2m > ^[[22m^[[2mR1-T real restoration credential delay 0 ms
runtime	Run corepack pnpm check:database	2026-10-07T00:39:23.9644930Z ^[[22m^[[39mR1_T_RESTORE_HTTP_OBSERVATION {"result":{"kind":"ACTIVE","evidenceDigest":"60b02a57720f12c1bc9420f298d0613de3253f91bf2af6b6fec988a986fb590d"},"statusMutations":["DRAFT","ACTIVE"]}
runtime	Run corepack pnpm check:database	2026-10-07T00:39:23.9646303Z
runtime	Run corepack pnpm check:database	2026-10-07T00:39:24.0796511Z ^[[90mstdout^[[2m | test/activation.test.ts^[[2m > ^[[22m^[[2mPG18 scoped production activation^[[2m > ^[[22m^[[2mR1-T real restoration credential delay 999 ms
runtime	Run corepack pnpm check:database	2026-10-07T00:39:24.0799398Z ^[[22m^[[39mR1_T_RESTORE_HTTP_OBSERVATION {"result":{"kind":"ACTIVE","evidenceDigest":"41ad44f7801d709ac66f5e0bcf08795d0b322e881b2c97ba45d689be5e2b0877"},"statusMutations":["DRAFT","ACTIVE"]}
runtime	Run corepack pnpm check:database	2026-10-07T00:39:24.0801034Z
runtime	Run corepack pnpm check:database	2026-10-07T00:39:24.1919651Z ^[[90mstdout^[[2m | test/activation.test.ts^[[2m > ^[[22m^[[2mPG18 scoped production activation^[[2m > ^[[22m^[[2mR1-T real restoration credential delay 1000 ms
runtime	Run corepack pnpm check:database	2026-10-07T00:39:24.1921894Z ^[[22m^[[39mR1_T_RESTORE_HTTP_OBSERVATION {"result":{"kind":"ACTIVE","evidenceDigest":"25d24b9f7338cb805a5f014c11e2e35a11074aacdb2a29476405a39a321dfe20"},"statusMutations":["DRAFT","ACTIVE"]}
runtime	Run corepack pnpm check:database	2026-10-07T00:39:24.1922812Z
runtime	Run corepack pnpm check:database	2026-10-07T00:39:24.3071301Z ^[[90mstdout^[[2m | test/activation.test.ts^[[2m > ^[[22m^[[2mPG18 scoped production activation^[[2m > ^[[22m^[[2mR1-T real restoration credential delay 1001 ms
runtime	Run corepack pnpm check:database	2026-10-07T00:39:24.3074082Z ^[[22m^[[39mR1_T_RESTORE_HTTP_OBSERVATION {"result":{"kind":"ACTIVATED_RESTORATION_PENDING","evidenceDigest":"3986bbdcd4f6c3ca644d3057d9e6e5351472f38f4f3307d2193cafa3157bcf73"},"statusMutations":["DRAFT"]}
runtime	Run corepack pnpm check:database	2026-10-07T00:39:24.3075180Z
runtime	Run corepack pnpm check:database	2026-10-07T00:39:24.4202248Z ^[[90mstdout^[[2m | test/activation.test.ts^[[2m > ^[[22m^[[2mPG18 scoped production activation^[[2m > ^[[22m^[[2mR1-T real restoration credential delay 2000 ms
runtime	Run corepack pnpm check:database	2026-10-07T00:39:24.4204371Z ^[[22m^[[39mR1_T_RESTORE_HTTP_OBSERVATION {"result":{"kind":"ACTIVATED_RESTORATION_PENDING","evidenceDigest":"397f81be67650c2f9cd2ef92a7c35fba42ab56be3cebed535e6145a4b920e298"},"statusMutations":["DRAFT"]}
runtime	Run corepack pnpm check:database	2026-10-07T00:39:24.4205213Z
runtime	Run corepack pnpm check:database	2026-10-07T00:39:24.5357870Z ^[[90mstdout^[[2m | test/activation.test.ts^[[2m > ^[[22m^[[2mPG18 scoped production activation^[[2m > ^[[22m^[[2mR1-T real restoration credential delay -1 ms
runtime	Run corepack pnpm check:database	2026-10-07T00:39:24.5359965Z ^[[22m^[[39mR1_T_RESTORE_HTTP_OBSERVATION {"result":{"kind":"ACTIVATED_RESTORATION_PENDING","evidenceDigest":"8bd6b863e0493ebd68b6f5898d84348e027ec57d7c4d97cc79e3d71ef4f6a0e4"},"statusMutations":["DRAFT"]}
runtime	Run corepack pnpm check:database	2026-10-07T00:39:24.5360759Z
runtime	Run corepack pnpm check:database	2026-10-07T00:39:30.8222151Z  ^[[32m✓^[[39m test/activation.test.ts ^[[2m(^[[22m^[[2m106 tests^[[22m^[[2m)^[[22m^[[33m 10638^[[2mms^[[22m^[[39m
runtime	Run corepack pnpm check:database	2026-10-07T00:39:30.8223363Z    ^[[32m✓^[[39m PG18 scoped production activation ^[[2m(106)^[[22m
runtime	Run corepack pnpm check:database	2026-10-07T00:39:30.8224983Z      ^[[33m^[[2m✓^[[22m^[[39m v2 hold/evidence/restoration audit JSONB roundtrips, remains immutable, and rejects v1 decision semantics^[[33m 331^[[2mms^[[22m^[[39m
runtime	Run corepack pnpm check:database	2026-10-07T00:39:30.8260526Z
runtime	Run corepack pnpm check:database	2026-10-07T00:39:30.8276695Z ^[[2m Test Files ^[[22m ^[[1m^[[32m10 passed^[[39m^[[22m^[[90m (10)^[[39m
runtime	Run corepack pnpm check:database	2026-10-07T00:39:30.8277671Z ^[[2m      Tests ^[[22m ^[[1m^[[32m161 passed^[[39m^[[22m^[[90m (161)^[[39m
runtime	Run corepack pnpm check:database	2026-10-07T00:39:30.8278745Z ^[[2m   Start at ^[[22m 00:39:19
runtime	Run corepack pnpm check:database	2026-10-07T00:39:30.8279580Z ^[[2m   Duration ^[[22m 11.68s^[[2m (tests 73%, import 19%, transform 7%)^[[22m
runtime	Run corepack pnpm check:database	2026-10-07T00:39:30.8289705Z
runtime	Run corepack pnpm --filter @insignia/shopify test	﻿2026-10-07T00:39:30.8895744Z ##[group]Run corepack pnpm --filter @insignia/shopify test
runtime	Run corepack pnpm --filter @insignia/shopify test	2026-10-07T00:39:30.8896243Z ^[[36;1mcorepack pnpm --filter @insignia/shopify test^[[0m
runtime	Run corepack pnpm --filter @insignia/shopify test	2026-10-07T00:39:30.8956669Z shell: /usr/bin/bash -e {0}
runtime	Run corepack pnpm --filter @insignia/shopify test	2026-10-07T00:39:30.8956920Z env:
runtime	Run corepack pnpm --filter @insignia/shopify test	2026-10-07T00:39:30.8957447Z   DATABASE_URL: ***localhost:5432/insignia_test?sslmode=disable
runtime	Run corepack pnpm --filter @insignia/shopify test	2026-10-07T00:39:30.8957804Z   INSIGNIA_REQUIRE_POSTGRES_TEST: 1
runtime	Run corepack pnpm --filter @insignia/shopify test	2026-10-07T00:39:30.8958048Z ##[endgroup]
runtime	Run corepack pnpm --filter @insignia/shopify test	2026-10-07T00:39:30.9763327Z $ vitest run
runtime	Run corepack pnpm --filter @insignia/shopify test	2026-10-07T00:39:31.2655735Z
runtime	Run corepack pnpm --filter @insignia/shopify test	2026-10-07T00:39:31.2662977Z ^[[1m^[[30m^[[46m RUN ^[[49m^[[39m^[[22m ^[[36mv5.0.2 ^[[39m^[[90m/home/runner/work/insignia/insignia/packages/shopify^[[39m
runtime	Run corepack pnpm --filter @insignia/shopify test	2026-10-07T00:39:31.2663715Z
runtime	Run corepack pnpm --filter @insignia/shopify test	2026-10-07T00:39:31.6287572Z  ^[[32m✓^[[39m test/contextual-pricing.test.ts ^[[2m(^[[22m^[[2m26 tests^[[22m^[[2m)^[[22m^[[32m 71^[[2mms^[[22m^[[39m
runtime	Run corepack pnpm --filter @insignia/shopify test	2026-10-07T00:39:32.0046970Z  ^[[32m✓^[[39m test/publication-admin.test.ts ^[[2m(^[[22m^[[2m12 tests^[[22m^[[2m)^[[22m^[[32m 155^[[2mms^[[22m^[[39m
runtime	Run corepack pnpm --filter @insignia/shopify test	2026-10-07T00:39:32.0956920Z  ^[[32m✓^[[39m test/availability-hold-v2.test.ts ^[[2m(^[[22m^[[2m41 tests^[[22m^[[2m)^[[22m^[[32m 279^[[2mms^[[22m^[[39m
runtime	Run corepack pnpm --filter @insignia/shopify test	2026-10-07T00:39:32.2167281Z  ^[[32m✓^[[39m test/active-subscription.test.ts ^[[2m(^[[22m^[[2m21 tests^[[22m^[[2m)^[[22m^[[32m 59^[[2mms^[[22m^[[39m
runtime	Run corepack pnpm --filter @insignia/shopify test	2026-10-07T00:39:32.2501347Z  ^[[32m✓^[[39m test/function-ownership.test.ts ^[[2m(^[[22m^[[2m5 tests^[[22m^[[2m)^[[22m^[[32m 9^[[2mms^[[22m^[[39m
runtime	Run corepack pnpm --filter @insignia/shopify test	2026-10-07T00:39:32.4096748Z  ^[[32m✓^[[39m test/catalog.test.ts ^[[2m(^[[22m^[[2m5 tests^[[22m^[[2m)^[[22m^[[32m 16^[[2mms^[[22m^[[39m
runtime	Run corepack pnpm --filter @insignia/shopify test	2026-10-07T00:39:32.4909280Z ^[[90mstdout^[[2m | test/admin-online-identity.test.ts^[[2m > ^[[22m^[[2mproduction Shopify online staff adapter with synthetic transport^[[2m > ^[[22m^[[2muses the actual pinned SDK token exchange with a synthetic HTTP response
runtime	Run corepack pnpm --filter @insignia/shopify test	2026-10-07T00:39:32.4917473Z ^[[22m^[[39m[shopify-api/INFO] version 15.0.0, environment Node v24.21.0
runtime	Run corepack pnpm --filter @insignia/shopify test	2026-10-07T00:39:32.4918530Z [shopify-api/INFO] Future flag customerAddressDefaultFix is disabled.
runtime	Run corepack pnpm --filter @insignia/shopify test	2026-10-07T00:39:32.4919072Z
runtime	Run corepack pnpm --filter @insignia/shopify test	2026-10-07T00:39:32.4919895Z   Enable this flag to change the CustomerAddress classes to expose a 'is_default' property instead of 'default' when fetching data.
runtime	Run corepack pnpm --filter @insignia/shopify test	2026-10-07T00:39:32.4920763Z
runtime	Run corepack pnpm --filter @insignia/shopify test	2026-10-07T00:39:32.4921309Z [shopify-api/INFO] Future flag unstable_managedPricingSupport is disabled.
runtime	Run corepack pnpm --filter @insignia/shopify test	2026-10-07T00:39:32.4922308Z
runtime	Run corepack pnpm --filter @insignia/shopify test	2026-10-07T00:39:32.4923552Z   Enable this flag to support managed pricing, so apps can check for payments without needing a billing config. Learn more at https://shopify.dev/docs/apps/launch/billing/managed-pricing
runtime	Run corepack pnpm --filter @insignia/shopify test	2026-10-07T00:39:32.4924758Z
runtime	Run corepack pnpm --filter @insignia/shopify test	2026-10-07T00:39:32.4924776Z
runtime	Run corepack pnpm --filter @insignia/shopify test	2026-10-07T00:39:32.4950177Z ^[[90mstdout^[[2m | test/admin-online-identity.test.ts^[[2m > ^[[22m^[[2mproduction Shopify online staff adapter with synthetic transport^[[2m > ^[[22m^[[2muses the actual pinned SDK token exchange with a synthetic HTTP response
runtime	Run corepack pnpm --filter @insignia/shopify test	2026-10-07T00:39:32.4952722Z ^[[22m^[[39m[shopify-api/INFO] Creating new session | {shop: alpha.myshopify.com, isOnline: true}
runtime	Run corepack pnpm --filter @insignia/shopify test	2026-10-07T00:39:32.4953794Z
runtime	Run corepack pnpm --filter @insignia/shopify test	2026-10-07T00:39:32.4975805Z ^[[90mstdout^[[2m | test/admin-online-identity.test.ts^[[2m > ^[[22m^[[2mproduction Shopify online staff adapter with synthetic transport^[[2m > ^[[22m^[[2mchecks the signed ID token, online staff and exact installation read
runtime	Run corepack pnpm --filter @insignia/shopify test	2026-10-07T00:39:32.4978115Z ^[[22m^[[39m[shopify-api/INFO] version 15.0.0, environment Node v24.21.0
runtime	Run corepack pnpm --filter @insignia/shopify test	2026-10-07T00:39:32.4979426Z [shopify-api/INFO] Future flag customerAddressDefaultFix is disabled.
runtime	Run corepack pnpm --filter @insignia/shopify test	2026-10-07T00:39:32.4980192Z
runtime	Run corepack pnpm --filter @insignia/shopify test	2026-10-07T00:39:32.4981235Z   Enable this flag to change the CustomerAddress classes to expose a 'is_default' property instead of 'default' when fetching data.
runtime	Run corepack pnpm --filter @insignia/shopify test	2026-10-07T00:39:32.4982366Z
runtime	Run corepack pnpm --filter @insignia/shopify test	2026-10-07T00:39:32.4983113Z [shopify-api/INFO] Future flag unstable_managedPricingSupport is disabled.
runtime	Run corepack pnpm --filter @insignia/shopify test	2026-10-07T00:39:32.4983894Z
runtime	Run corepack pnpm --filter @insignia/shopify test	2026-10-07T00:39:32.4985314Z   Enable this flag to support managed pricing, so apps can check for payments without needing a billing config. Learn more at https://shopify.dev/docs/apps/launch/billing/managed-pricing
runtime	Run corepack pnpm --filter @insignia/shopify test	2026-10-07T00:39:32.4987091Z
runtime	Run corepack pnpm --filter @insignia/shopify test	2026-10-07T00:39:32.4987275Z
runtime	Run corepack pnpm --filter @insignia/shopify test	2026-10-07T00:39:32.5080467Z ^[[90mstdout^[[2m | test/admin-online-identity.test.ts^[[2m > ^[[22m^[[2mproduction Shopify online staff adapter with synthetic transport^[[2m > ^[[22m^[[2mrejects expired identity and grant, malformed installation and large bodies
runtime	Run corepack pnpm --filter @insignia/shopify test	2026-10-07T00:39:32.5096670Z ^[[22m^[[39m[shopify-api/INFO] version 15.0.0, environment Node v24.21.0
runtime	Run corepack pnpm --filter @insignia/shopify test	2026-10-07T00:39:32.5097733Z [shopify-api/INFO] Future flag customerAddressDefaultFix is disabled.
runtime	Run corepack pnpm --filter @insignia/shopify test	2026-10-07T00:39:32.5098278Z
runtime	Run corepack pnpm --filter @insignia/shopify test	2026-10-07T00:39:32.5099129Z   Enable this flag to change the CustomerAddress classes to expose a 'is_default' property instead of 'default' when fetching data.
runtime	Run corepack pnpm --filter @insignia/shopify test	2026-10-07T00:39:32.5100029Z
runtime	Run corepack pnpm --filter @insignia/shopify test	2026-10-07T00:39:32.5100578Z [shopify-api/INFO] Future flag unstable_managedPricingSupport is disabled.
runtime	Run corepack pnpm --filter @insignia/shopify test	2026-10-07T00:39:32.5101136Z
runtime	Run corepack pnpm --filter @insignia/shopify test	2026-10-07T00:39:32.5102371Z   Enable this flag to support managed pricing, so apps can check for payments without needing a billing config. Learn more at https://shopify.dev/docs/apps/launch/billing/managed-pricing
runtime	Run corepack pnpm --filter @insignia/shopify test	2026-10-07T00:39:32.5103578Z
runtime	Run corepack pnpm --filter @insignia/shopify test	2026-10-07T00:39:32.5103602Z
runtime	Run corepack pnpm --filter @insignia/shopify test	2026-10-07T00:39:32.5113313Z ^[[90mstdout^[[2m | test/admin-online-identity.test.ts^[[2m > ^[[22m^[[2mproduction Shopify online staff adapter with synthetic transport^[[2m > ^[[22m^[[2mrejects expired identity and grant, malformed installation and large bodies
runtime	Run corepack pnpm --filter @insignia/shopify test	2026-10-07T00:39:32.5115642Z ^[[22m^[[39m[shopify-api/INFO] version 15.0.0, environment Node v24.21.0
runtime	Run corepack pnpm --filter @insignia/shopify test	2026-10-07T00:39:32.5116673Z [shopify-api/INFO] Future flag customerAddressDefaultFix is disabled.
runtime	Run corepack pnpm --filter @insignia/shopify test	2026-10-07T00:39:32.5117207Z
runtime	Run corepack pnpm --filter @insignia/shopify test	2026-10-07T00:39:32.5118051Z   Enable this flag to change the CustomerAddress classes to expose a 'is_default' property instead of 'default' when fetching data.
runtime	Run corepack pnpm --filter @insignia/shopify test	2026-10-07T00:39:32.5118930Z
runtime	Run corepack pnpm --filter @insignia/shopify test	2026-10-07T00:39:32.5119692Z [shopify-api/INFO] Future flag unstable_managedPricingSupport is disabled.
runtime	Run corepack pnpm --filter @insignia/shopify test	2026-10-07T00:39:32.5120252Z
runtime	Run corepack pnpm --filter @insignia/shopify test	2026-10-07T00:39:32.5121474Z   Enable this flag to support managed pricing, so apps can check for payments without needing a billing config. Learn more at https://shopify.dev/docs/apps/launch/billing/managed-pricing
runtime	Run corepack pnpm --filter @insignia/shopify test	2026-10-07T00:39:32.5122672Z
runtime	Run corepack pnpm --filter @insignia/shopify test	2026-10-07T00:39:32.5122687Z
runtime	Run corepack pnpm --filter @insignia/shopify test	2026-10-07T00:39:32.5168267Z  ^[[32m✓^[[39m test/admin-online-identity.test.ts ^[[2m(^[[22m^[[2m3 tests^[[22m^[[2m)^[[22m^[[32m 30^[[2mms^[[22m^[[39m
runtime	Run corepack pnpm --filter @insignia/shopify test	2026-10-07T00:39:32.6130997Z  ^[[32m✓^[[39m test/open-exchange-rates.test.ts ^[[2m(^[[22m^[[2m6 tests^[[22m^[[2m)^[[22m^[[32m 48^[[2mms^[[22m^[[39m
runtime	Run corepack pnpm --filter @insignia/shopify test	2026-10-07T00:39:32.6535925Z  ^[[32m✓^[[39m test/availability-hold.test.ts ^[[2m(^[[22m^[[2m129 tests^[[22m^[[2m)^[[22m^[[33m 1020^[[2mms^[[22m^[[39m
runtime	Run corepack pnpm --filter @insignia/shopify test	2026-10-07T00:39:32.7572608Z  ^[[32m✓^[[39m test/refresh.test.ts ^[[2m(^[[22m^[[2m11 tests^[[22m^[[2m)^[[22m^[[32m 62^[[2mms^[[22m^[[39m
runtime	Run corepack pnpm --filter @insignia/shopify test	2026-10-07T00:39:32.8167760Z  ^[[32m✓^[[39m test/webhook.test.ts ^[[2m(^[[22m^[[2m5 tests^[[22m^[[2m)^[[22m^[[32m 38^[[2mms^[[22m^[[39m
runtime	Run corepack pnpm --filter @insignia/shopify test	2026-10-07T00:39:32.8714432Z  ^[[32m✓^[[39m test/shop-context.test.ts ^[[2m(^[[22m^[[2m2 tests^[[22m^[[2m)^[[22m^[[32m 66^[[2mms^[[22m^[[39m
runtime	Run corepack pnpm --filter @insignia/shopify test	2026-10-07T00:39:32.9132590Z  ^[[32m✓^[[39m test/live-subscription-shape.test.ts ^[[2m(^[[22m^[[2m1 test^[[22m^[[2m)^[[22m^[[32m 6^[[2mms^[[22m^[[39m
runtime	Run corepack pnpm --filter @insignia/shopify test	2026-10-07T00:39:32.9169713Z
runtime	Run corepack pnpm --filter @insignia/shopify test	2026-10-07T00:39:32.9175317Z ^[[2m Test Files ^[[22m ^[[1m^[[32m13 passed^[[39m^[[22m^[[90m (13)^[[39m
runtime	Run corepack pnpm --filter @insignia/shopify test	2026-10-07T00:39:32.9176847Z ^[[2m      Tests ^[[22m ^[[1m^[[32m267 passed^[[39m^[[22m^[[90m (267)^[[39m
runtime	Run corepack pnpm --filter @insignia/shopify test	2026-10-07T00:39:32.9177722Z ^[[2m   Start at ^[[22m 00:39:31
runtime	Run corepack pnpm --filter @insignia/shopify test	2026-10-07T00:39:32.9182468Z ^[[2m   Duration ^[[22m 1.64s^[[2m (tests 60%, transform 21%, import 17%, worker 2%)^[[22m
runtime	Run corepack pnpm --filter @insignia/shopify test	2026-10-07T00:39:32.9200685Z
runtime	Run corepack pnpm --filter @insignia/shopify test	2026-10-07T00:39:32.9201783Z ^[[2m    Isolate ^[[22m ^[[33m13 workers spawned^[[39m^[[2m · ~118ms startup each (spawn + environment, per file)^[[22m
runtime	Run corepack pnpm --filter @insignia/shopify test	2026-10-07T00:39:32.9203156Z ^[[2m            ^[[22m ^[[2mat least ~393ms faster with ^[[22m^[[33misolate: false^[[39m^[[2m — reuses workers across files instead of one per file^[[22m
runtime	Run corepack pnpm --filter @insignia/shopify test	2026-10-07T00:39:32.9203669Z
runtime	Run corepack pnpm --filter @insignia/application test	﻿2026-10-07T00:39:32.9682952Z ##[group]Run corepack pnpm --filter @insignia/application test
runtime	Run corepack pnpm --filter @insignia/application test	2026-10-07T00:39:32.9683457Z ^[[36;1mcorepack pnpm --filter @insignia/application test^[[0m
runtime	Run corepack pnpm --filter @insignia/application test	2026-10-07T00:39:32.9745298Z shell: /usr/bin/bash -e {0}
runtime	Run corepack pnpm --filter @insignia/application test	2026-10-07T00:39:32.9745928Z env:
runtime	Run corepack pnpm --filter @insignia/application test	2026-10-07T00:39:32.9746572Z   DATABASE_URL: ***localhost:5432/insignia_test?sslmode=disable
runtime	Run corepack pnpm --filter @insignia/application test	2026-10-07T00:39:32.9747009Z   INSIGNIA_REQUIRE_POSTGRES_TEST: 1
runtime	Run corepack pnpm --filter @insignia/application test	2026-10-07T00:39:32.9747337Z ##[endgroup]
runtime	Run corepack pnpm --filter @insignia/application test	2026-10-07T00:39:33.0618597Z $ vitest run
runtime	Run corepack pnpm --filter @insignia/application test	2026-10-07T00:39:33.3466234Z
runtime	Run corepack pnpm --filter @insignia/application test	2026-10-07T00:39:33.3470369Z ^[[1m^[[30m^[[46m RUN ^[[49m^[[39m^[[22m ^[[36mv5.0.2 ^[[39m^[[90m/home/runner/work/insignia/insignia/packages/application^[[39m
runtime	Run corepack pnpm --filter @insignia/application test	2026-10-07T00:39:33.3471424Z
runtime	Run corepack pnpm --filter @insignia/application test	2026-10-07T00:39:33.7955646Z  ^[[32m✓^[[39m src/quote/accept-quote.test.ts ^[[2m(^[[22m^[[2m21 tests^[[22m^[[2m)^[[22m^[[32m 81^[[2mms^[[22m^[[39m
runtime	Run corepack pnpm --filter @insignia/application test	2026-10-07T00:39:33.9254765Z  ^[[32m✓^[[39m src/publication/activation.test.ts ^[[2m(^[[22m^[[2m47 tests^[[22m^[[2m)^[[22m^[[32m 200^[[2mms^[[22m^[[39m
runtime	Run corepack pnpm --filter @insignia/application test	2026-10-07T00:39:34.0094169Z  ^[[32m✓^[[39m test/provider-policy.test.ts ^[[2m(^[[22m^[[2m8 tests^[[22m^[[2m)^[[22m^[[32m 13^[[2mms^[[22m^[[39m
runtime	Run corepack pnpm --filter @insignia/application test	2026-10-07T00:39:34.1516109Z  ^[[32m✓^[[39m test/offline-credentials.test.ts ^[[2m(^[[22m^[[2m5 tests^[[22m^[[2m)^[[22m^[[32m 16^[[2mms^[[22m^[[39m
runtime	Run corepack pnpm --filter @insignia/application test	2026-10-07T00:39:34.2687164Z  ^[[32m✓^[[39m test/artifact-attestation.test.ts ^[[2m(^[[22m^[[2m58 tests^[[22m^[[2m)^[[22m^[[32m 51^[[2mms^[[22m^[[39m
runtime	Run corepack pnpm --filter @insignia/application test	2026-10-07T00:39:34.3727656Z  ^[[32m✓^[[39m src/publication/availability-v2-recovery.test.ts ^[[2m(^[[22m^[[2m3 tests^[[22m^[[2m)^[[22m^[[32m 12^[[2mms^[[22m^[[39m
runtime	Run corepack pnpm --filter @insignia/application test	2026-10-07T00:39:34.5083251Z  ^[[32m✓^[[39m test/keys/key-lifecycle.test.ts ^[[2m(^[[22m^[[2m4 tests^[[22m^[[2m)^[[22m^[[32m 12^[[2mms^[[22m^[[39m
runtime	Run corepack pnpm --filter @insignia/application test	2026-10-07T00:39:34.5517595Z  ^[[32m✓^[[39m test/shopify-ingress.test.ts ^[[2m(^[[22m^[[2m3 tests^[[22m^[[2m)^[[22m^[[32m 13^[[2mms^[[22m^[[39m
runtime	Run corepack pnpm --filter @insignia/application test	2026-10-07T00:39:34.5746965Z  ^[[32m✓^[[39m test/provider-composition.test.ts ^[[2m(^[[22m^[[2m2 tests^[[22m^[[2m)^[[22m^[[32m 15^[[2mms^[[22m^[[39m
runtime	Run corepack pnpm --filter @insignia/application test	2026-10-07T00:39:34.7044766Z  ^[[32m✓^[[39m src/publication/availability-recovery.test.ts ^[[2m(^[[22m^[[2m17 tests^[[22m^[[2m)^[[22m^[[32m 14^[[2mms^[[22m^[[39m
runtime	Run corepack pnpm --filter @insignia/application test	2026-10-07T00:39:34.7308657Z  ^[[32m✓^[[39m test/admin-credential-bridge.test.ts ^[[2m(^[[22m^[[2m2 tests^[[22m^[[2m)^[[22m^[[32m 9^[[2mms^[[22m^[[39m
runtime	Run corepack pnpm --filter @insignia/application test	2026-10-07T00:39:34.7617656Z  ^[[32m✓^[[39m src/keys/trusted-release.test.ts ^[[2m(^[[22m^[[2m3 tests^[[22m^[[2m)^[[22m^[[32m 9^[[2mms^[[22m^[[39m
runtime	Run corepack pnpm --filter @insignia/application test	2026-10-07T00:39:34.8871254Z  ^[[32m✓^[[39m test/customization-fx.test.ts ^[[2m(^[[22m^[[2m3 tests^[[22m^[[2m)^[[22m^[[32m 8^[[2mms^[[22m^[[39m
runtime	Run corepack pnpm --filter @insignia/application test	2026-10-07T00:39:34.9035732Z  ^[[32m✓^[[39m test/catalog-context.test.ts ^[[2m(^[[22m^[[2m2 tests^[[22m^[[2m)^[[22m^[[32m 11^[[2mms^[[22m^[[39m
runtime	Run corepack pnpm --filter @insignia/application test	2026-10-07T00:39:34.9389317Z  ^[[32m✓^[[39m src/publication/projection.test.ts ^[[2m(^[[22m^[[2m2 tests^[[22m^[[2m)^[[22m^[[32m 5^[[2mms^[[22m^[[39m
runtime	Run corepack pnpm --filter @insignia/application test	2026-10-07T00:39:34.9424169Z
runtime	Run corepack pnpm --filter @insignia/application test	2026-10-07T00:39:34.9429986Z ^[[2m Test Files ^[[22m ^[[1m^[[32m15 passed^[[39m^[[22m^[[90m (15)^[[39m
runtime	Run corepack pnpm --filter @insignia/application test	2026-10-07T00:39:34.9431183Z ^[[2m      Tests ^[[22m ^[[1m^[[32m180 passed^[[39m^[[22m^[[90m (180)^[[39m
runtime	Run corepack pnpm --filter @insignia/application test	2026-10-07T00:39:34.9432058Z ^[[2m   Start at ^[[22m 00:39:33
runtime	Run corepack pnpm --filter @insignia/application test	2026-10-07T00:39:34.9435866Z ^[[2m   Duration ^[[22m 1.58s^[[2m (transform 41%, import 36%, tests 19%, worker 3%)^[[22m
runtime	Run corepack pnpm --filter @insignia/application test	2026-10-07T00:39:34.9453974Z
runtime	Run corepack pnpm --filter @insignia/application test	2026-10-07T00:39:34.9455046Z ^[[2m    Isolate ^[[22m ^[[33m15 workers spawned^[[39m^[[2m · ~133ms startup each (spawn + environment, per file)^[[22m
runtime	Run corepack pnpm --filter @insignia/application test	2026-10-07T00:39:34.9457341Z ^[[2m            ^[[22m ^[[2mat least ~534ms faster with ^[[22m^[[33misolate: false^[[39m^[[2m — reuses workers across files instead of one per file^[[22m
runtime	Run corepack pnpm --filter @insignia/application test	2026-10-07T00:39:34.9458171Z
runtime	Run corepack pnpm --filter @insignia/observability test	﻿2026-10-07T00:39:35.0070608Z ##[group]Run corepack pnpm --filter @insignia/observability test
runtime	Run corepack pnpm --filter @insignia/observability test	2026-10-07T00:39:35.0071107Z ^[[36;1mcorepack pnpm --filter @insignia/observability test^[[0m
runtime	Run corepack pnpm --filter @insignia/observability test	2026-10-07T00:39:35.0132173Z shell: /usr/bin/bash -e {0}
runtime	Run corepack pnpm --filter @insignia/observability test	2026-10-07T00:39:35.0132428Z env:
runtime	Run corepack pnpm --filter @insignia/observability test	2026-10-07T00:39:35.0132964Z   DATABASE_URL: ***localhost:5432/insignia_test?sslmode=disable
runtime	Run corepack pnpm --filter @insignia/observability test	2026-10-07T00:39:35.0133330Z   INSIGNIA_REQUIRE_POSTGRES_TEST: 1
runtime	Run corepack pnpm --filter @insignia/observability test	2026-10-07T00:39:35.0133580Z ##[endgroup]
runtime	Run corepack pnpm --filter @insignia/observability test	2026-10-07T00:39:35.0946619Z $ node --test test/*.test.mjs
runtime	Run corepack pnpm --filter @insignia/observability test	2026-10-07T00:39:35.2233050Z ✔ structured runtime events cannot emit arbitrary payload or credential fields (4.037401ms)
runtime	Run corepack pnpm --filter @insignia/observability test	2026-10-07T00:39:35.2235162Z ✔ metric labels are fixed outcomes and never contain tenant or delivery IDs (2.316736ms)
runtime	Run corepack pnpm --filter @insignia/observability test	2026-10-07T00:39:35.2351732Z ℹ tests 2
runtime	Run corepack pnpm --filter @insignia/observability test	2026-10-07T00:39:35.2352152Z ℹ suites 0
runtime	Run corepack pnpm --filter @insignia/observability test	2026-10-07T00:39:35.2368170Z ℹ pass 2
runtime	Run corepack pnpm --filter @insignia/observability test	2026-10-07T00:39:35.2368666Z ℹ fail 0
runtime	Run corepack pnpm --filter @insignia/observability test	2026-10-07T00:39:35.2369043Z ℹ cancelled 0
runtime	Run corepack pnpm --filter @insignia/observability test	2026-10-07T00:39:35.2369699Z ℹ skipped 0
runtime	Run corepack pnpm --filter @insignia/observability test	2026-10-07T00:39:35.2375608Z ℹ todo 0
runtime	Run corepack pnpm --filter @insignia/observability test	2026-10-07T00:39:35.2376671Z ℹ duration_ms 110.919922
runtime	Run corepack pnpm --filter @insignia/worker test	﻿2026-10-07T00:39:35.2519665Z ##[group]Run corepack pnpm --filter @insignia/worker test
runtime	Run corepack pnpm --filter @insignia/worker test	2026-10-07T00:39:35.2520110Z ^[[36;1mcorepack pnpm --filter @insignia/worker test^[[0m
runtime	Run corepack pnpm --filter @insignia/worker test	2026-10-07T00:39:35.2582034Z shell: /usr/bin/bash -e {0}
runtime	Run corepack pnpm --filter @insignia/worker test	2026-10-07T00:39:35.2582291Z env:
runtime	Run corepack pnpm --filter @insignia/worker test	2026-10-07T00:39:35.2582833Z   DATABASE_URL: ***localhost:5432/insignia_test?sslmode=disable
runtime	Run corepack pnpm --filter @insignia/worker test	2026-10-07T00:39:35.2583201Z   INSIGNIA_REQUIRE_POSTGRES_TEST: 1
runtime	Run corepack pnpm --filter @insignia/worker test	2026-10-07T00:39:35.2583453Z ##[endgroup]
runtime	Run corepack pnpm --filter @insignia/worker test	2026-10-07T00:39:35.3397841Z $ node --test test/*.test.mjs
runtime	Run corepack pnpm --filter @insignia/worker test	2026-10-07T00:39:35.4351339Z ✔ current and previous synthetic wrapping keys remain available by ID (2.852855ms)
runtime	Run corepack pnpm --filter @insignia/worker test	2026-10-07T00:39:35.9234889Z ✔ PostgreSQL claim retries the old refresh token after a lost response and fences stale replacement (123.802702ms)
runtime	Run corepack pnpm --filter @insignia/worker test	2026-10-07T00:39:35.9457530Z ✔ diagnostic decodes and derives synthetic pixels without claiming durable readiness (14.152786ms)
runtime	Run corepack pnpm --filter @insignia/worker test	2026-10-07T00:39:35.9459871Z ✔ liveness stays separate from durable readiness; loopback metrics expose bounded outcomes (57.986954ms)
runtime	Run corepack pnpm --filter @insignia/worker test	2026-10-07T00:39:36.2279384Z {"level":30,"time":1791333576226,"event":"worker_started"}
runtime	Run corepack pnpm --filter @insignia/worker test	2026-10-07T00:39:36.2334795Z {"level":30,"time":1791333576233,"event":"webhook_enqueued","inboxId":"9cf927ef-553f-460c-a263-950899f18fba"}
runtime	Run corepack pnpm --filter @insignia/worker test	2026-10-07T00:39:36.2431165Z {"level":50,"time":1791333576242,"event":"webhook_process_failed","inboxId":"9cf927ef-553f-460c-a263-950899f18fba","errorClass":"ProcessingError","attempt":0}
runtime	Run corepack pnpm --filter @insignia/worker test	2026-10-07T00:39:40.2402194Z {"level":30,"time":1791333580239,"event":"webhook_process_ok","inboxId":"9cf927ef-553f-460c-a263-950899f18fba","attempt":1}
runtime	Run corepack pnpm --filter @insignia/worker test	2026-10-07T00:39:40.2863808Z {"level":30,"time":1791333580285,"event":"worker_stopped"}
runtime	Run corepack pnpm --filter @insignia/worker test	2026-10-07T00:39:40.3110385Z {"level":30,"time":1791333580310,"event":"worker_started"}
runtime	Run corepack pnpm --filter @insignia/worker test	2026-10-07T00:39:40.3266712Z {"level":30,"time":1791333580326,"event":"worker_stopped"}
runtime	Run corepack pnpm --filter @insignia/worker test	2026-10-07T00:39:40.3310505Z ✔ PostgreSQL pg-boss starts, retries, settles and replays after restart (4231.991244ms)
runtime	Run corepack pnpm --filter @insignia/worker test	2026-10-07T00:39:40.3734735Z {"level":30,"time":1791333580372,"event":"worker_started"}
runtime	Run corepack pnpm --filter @insignia/worker test	2026-10-07T00:39:40.3763949Z {"level":30,"time":1791333580376,"event":"webhook_enqueued","inboxId":"e9f73520-bb45-4dc2-8d56-6f706fdeb696"}
runtime	Run corepack pnpm --filter @insignia/worker test	2026-10-07T00:39:40.3893594Z {"level":50,"time":1791333580388,"event":"webhook_process_failed","inboxId":"e9f73520-bb45-4dc2-8d56-6f706fdeb696","errorClass":"ProcessingError","attempt":0}
runtime	Run corepack pnpm --filter @insignia/worker test	2026-10-07T00:39:44.3808581Z {"level":30,"time":1791333584380,"event":"webhook_process_ok","inboxId":"e9f73520-bb45-4dc2-8d56-6f706fdeb696","attempt":1}
runtime	Run corepack pnpm --filter @insignia/worker test	2026-10-07T00:39:44.4283779Z {"level":30,"time":1791333584428,"event":"worker_stopped"}
runtime	Run corepack pnpm --filter @insignia/worker test	2026-10-07T00:39:44.4301009Z ✔ pg-boss retry after committed uninstall retains one deactivation and one inbox fact (4101.110817ms)
runtime	Run corepack pnpm --filter @insignia/worker test	2026-10-07T00:39:44.4453403Z ✔ process starts queues and workers before readiness; stop makes readiness unavailable (56.069402ms)
runtime	Run corepack pnpm --filter @insignia/worker test	2026-10-07T00:39:44.4454835Z ✔ startup failure closes a started queue without reporting readiness (2.032717ms)
runtime	Run corepack pnpm --filter @insignia/worker test	2026-10-07T00:39:44.4455753Z {"level":30,"time":1791333576130,"event":"worker_started"}
runtime	Run corepack pnpm --filter @insignia/worker test	2026-10-07T00:39:44.4456386Z {"level":30,"time":1791333576135,"event":"worker_started"}
runtime	Run corepack pnpm --filter @insignia/worker test	2026-10-07T00:39:44.4457094Z {"level":30,"time":1791333576137,"event":"worker_started"}
runtime	Run corepack pnpm --filter @insignia/worker test	2026-10-07T00:39:44.4457795Z {"level":30,"time":1791333576139,"event":"worker_started"}
runtime	Run corepack pnpm --filter @insignia/worker test	2026-10-07T00:39:44.4458476Z {"level":30,"time":1791333576141,"event":"worker_started"}
runtime	Run corepack pnpm --filter @insignia/worker test	2026-10-07T00:39:44.4459150Z {"level":30,"time":1791333576143,"event":"worker_started"}
runtime	Run corepack pnpm --filter @insignia/worker test	2026-10-07T00:39:44.4459899Z ✔ enqueue confirms exact inbox identity, including completed job replay (7.417318ms)
runtime	Run corepack pnpm --filter @insignia/worker test	2026-10-07T00:39:44.4460637Z ✔ null send without same persisted job is retryable, never an acknowledgement (1.866778ms)
runtime	Run corepack pnpm --filter @insignia/worker test	2026-10-07T00:39:44.4461427Z ✔ workers pass IDs only to injected durable handlers; failed attempt retries safely (2.853688ms)
runtime	Run corepack pnpm --filter @insignia/worker test	2026-10-07T00:39:44.4462235Z ✔ invalid job body and identity fail closed without invoking application (0.915336ms)
runtime	Run corepack pnpm --filter @insignia/worker test	2026-10-07T00:39:44.4463663Z ✔ enabled worker refuses missing credential-key configuration and stays not ready (2.002661ms)
runtime	Run corepack pnpm --filter @insignia/worker test	2026-10-07T00:39:44.4468728Z ✔ refresh claim contention is retried rather than silently completing its job (2.224244ms)
runtime	Run corepack pnpm --filter @insignia/worker test	2026-10-07T00:39:44.4469714Z {"level":30,"time":1791333576131,"event":"webhook_enqueued","inboxId":"5cdf4973-e51f-449c-95c5-4b46e55dc13e"}
runtime	Run corepack pnpm --filter @insignia/worker test	2026-10-07T00:39:44.4470524Z {"level":30,"time":1791333576133,"event":"worker_stopped"}
runtime	Run corepack pnpm --filter @insignia/worker test	2026-10-07T00:39:44.4471469Z {"level":50,"time":1791333576137,"event":"webhook_process_failed","inboxId":"15e8a794-f976-4808-b42e-de4308dd6303","errorClass":"ProcessingError","attempt":0}
runtime	Run corepack pnpm --filter @insignia/worker test	2026-10-07T00:39:44.4472656Z {"level":30,"time":1791333576137,"event":"webhook_process_ok","inboxId":"15e8a794-f976-4808-b42e-de4308dd6303","attempt":1}
runtime	Run corepack pnpm --filter @insignia/worker test	2026-10-07T00:39:44.4473649Z {"level":30,"time":1791333576138,"event":"refresh_process_ok","shopId":"8f54b969-d695-4b7b-a44b-04bc5b30fb92","attempt":0}
runtime	Run corepack pnpm --filter @insignia/worker test	2026-10-07T00:39:44.4474427Z {"level":30,"time":1791333576139,"event":"worker_stopped"}
runtime	Run corepack pnpm --filter @insignia/worker test	2026-10-07T00:39:44.4475738Z {"level":50,"time":1791333576139,"event":"webhook_process_failed","inboxId":"54580148-6ac7-47b2-a774-f344370e6b40","errorClass":"ProcessingError","attempt":0}
runtime	Run corepack pnpm --filter @insignia/worker test	2026-10-07T00:39:44.4476648Z {"level":30,"time":1791333576142,"event":"worker_stopped"}
runtime	Run corepack pnpm --filter @insignia/worker test	2026-10-07T00:39:44.4477446Z {"level":50,"time":1791333576144,"event":"refresh_process_failed","errorClass":"RefreshError","attempt":0}
runtime	Run corepack pnpm --filter @insignia/worker test	2026-10-07T00:39:44.4478113Z {"level":30,"time":1791333576144,"event":"worker_stopped"}
runtime	Run corepack pnpm --filter @insignia/worker test	2026-10-07T00:39:44.4479542Z ✔ configured worker serves liveness and durable readiness, then closes on SIGTERM (798.366047ms)
runtime	Run corepack pnpm --filter @insignia/worker test	2026-10-07T00:39:44.4480533Z ℹ tests 15
runtime	Run corepack pnpm --filter @insignia/worker test	2026-10-07T00:39:44.4480844Z ℹ suites 0
runtime	Run corepack pnpm --filter @insignia/worker test	2026-10-07T00:39:44.4481228Z ℹ pass 15
runtime	Run corepack pnpm --filter @insignia/worker test	2026-10-07T00:39:44.4481522Z ℹ fail 0
runtime	Run corepack pnpm --filter @insignia/worker test	2026-10-07T00:39:44.4481845Z ℹ cancelled 0
runtime	Run corepack pnpm --filter @insignia/worker test	2026-10-07T00:39:44.4482239Z ℹ skipped 0
runtime	Run corepack pnpm --filter @insignia/worker test	2026-10-07T00:39:44.4482510Z ℹ todo 0
runtime	Run corepack pnpm --filter @insignia/worker test	2026-10-07T00:39:44.4482900Z ℹ duration_ms 9077.919273
runtime	Built HTTP ingress with PostgreSQL and queue handoff	﻿2026-10-07T00:39:44.4646604Z ##[group]Run node --test test/shopify-webhook.test.mjs
runtime	Built HTTP ingress with PostgreSQL and queue handoff	2026-10-07T00:39:44.4647171Z ^[[36;1mnode --test test/shopify-webhook.test.mjs^[[0m
runtime	Built HTTP ingress with PostgreSQL and queue handoff	2026-10-07T00:39:44.4708629Z shell: /usr/bin/bash -e {0}
runtime	Built HTTP ingress with PostgreSQL and queue handoff	2026-10-07T00:39:44.4708976Z env:
runtime	Built HTTP ingress with PostgreSQL and queue handoff	2026-10-07T00:39:44.4709709Z   DATABASE_URL: ***localhost:5432/insignia_test?sslmode=disable
runtime	Built HTTP ingress with PostgreSQL and queue handoff	2026-10-07T00:39:44.4710170Z   INSIGNIA_REQUIRE_POSTGRES_TEST: 1
runtime	Built HTTP ingress with PostgreSQL and queue handoff	2026-10-07T00:39:44.4710582Z ##[endgroup]
runtime	Built HTTP ingress with PostgreSQL and queue handoff	2026-10-07T00:39:47.8949333Z ✔ built HTTP ingress authenticates raw bytes and durably deduplicates through PostgreSQL and queue (3109.296256ms)
runtime	Built HTTP ingress with PostgreSQL and queue handoff	2026-10-07T00:39:52.8961671Z ℹ tests 1
runtime	Built HTTP ingress with PostgreSQL and queue handoff	2026-10-07T00:39:52.8962196Z ℹ suites 0
runtime	Built HTTP ingress with PostgreSQL and queue handoff	2026-10-07T00:39:52.8966180Z ℹ pass 1
runtime	Built HTTP ingress with PostgreSQL and queue handoff	2026-10-07T00:39:52.8976385Z ℹ fail 0
runtime	Built HTTP ingress with PostgreSQL and queue handoff	2026-10-07T00:39:52.8976823Z ℹ cancelled 0
runtime	Built HTTP ingress with PostgreSQL and queue handoff	2026-10-07T00:39:52.8977158Z ℹ skipped 0
runtime	Built HTTP ingress with PostgreSQL and queue handoff	2026-10-07T00:39:52.8977518Z ℹ todo 0
runtime	Built HTTP ingress with PostgreSQL and queue handoff	2026-10-07T00:39:52.8977870Z ℹ duration_ms 8387.744561
runtime	M5 Admin editor and publication with PostgreSQL	﻿2026-10-07T00:39:52.9052952Z ##[group]Run node --test test/admin/merchant-config.test.mjs test/admin/merchant-publication.test.mjs test/admin/production-composition.test.mjs test/admin/preview-composition.test.mjs test/admin/activation-integration.test.mjs test/admin/activation-state.test.mjs test/admin/release-evidence.test.mjs
runtime	M5 Admin editor and publication with PostgreSQL	2026-10-07T00:39:52.9055174Z ^[[36;1mnode --test test/admin/merchant-config.test.mjs test/admin/merchant-publication.test.mjs test/admin/production-composition.test.mjs test/admin/preview-composition.test.mjs test/admin/activation-integration.test.mjs test/admin/activation-state.test.mjs test/admin/release-evidence.test.mjs^[[0m
runtime	M5 Admin editor and publication with PostgreSQL	2026-10-07T00:39:52.9119248Z shell: /usr/bin/bash -e {0}
runtime	M5 Admin editor and publication with PostgreSQL	2026-10-07T00:39:52.9119504Z env:
runtime	M5 Admin editor and publication with PostgreSQL	2026-10-07T00:39:52.9120045Z   DATABASE_URL: ***localhost:5432/insignia_test?sslmode=disable
runtime	M5 Admin editor and publication with PostgreSQL	2026-10-07T00:39:52.9120409Z   INSIGNIA_REQUIRE_POSTGRES_TEST: 1
runtime	M5 Admin editor and publication with PostgreSQL	2026-10-07T00:39:52.9120657Z ##[endgroup]
runtime	M5 Admin editor and publication with PostgreSQL	2026-10-07T00:39:54.1627887Z ✔ real PG activation composes trusted release, synthetic Shopify hold and immutable evidence (557.646705ms)
runtime	M5 Admin editor and publication with PostgreSQL	2026-10-07T00:39:54.1907406Z ✔ admin distinguishes activation waiting, held, restoration and conflict without manufacturing ACTIVE (1.612675ms)
runtime	M5 Admin editor and publication with PostgreSQL	2026-10-07T00:39:54.1915218Z ✔ publication conflict outranks a retained held/pending activation state (0.205574ms)
runtime	M5 Admin editor and publication with PostgreSQL	2026-10-07T00:39:54.1917070Z ✔ terminal operator hold outranks stale held activation (0.205072ms)
runtime	M5 Admin editor and publication with PostgreSQL	2026-10-07T00:39:54.3632520Z ✔ overlapping distinct-key M5 creates serialize before the command FK lock upgrade (218.744543ms)
runtime	M5 Admin editor and publication with PostgreSQL	2026-10-07T00:39:54.3637150Z ✔ currency precision rejects invalid saved and legacy publication amounts without rounding or durable intent (240.725572ms)
runtime	M5 Admin editor and publication with PostgreSQL	2026-10-07T00:39:54.3639001Z ✔ durable editor CAS, exact-key replay, independent copy, immutable geometry, and reinstall fence (494.758041ms)
runtime	M5 Admin editor and publication with PostgreSQL	2026-10-07T00:39:54.5554856Z ✔ actual M4 prepare/advance over immutable M5 revision reports ready, conflict and hold truthfully (923.075934ms)
runtime	M5 Admin editor and publication with PostgreSQL	2026-10-07T00:39:54.7958296Z ✔ diagnostic preview requires accounting and HTTPS before any provider access (503.639549ms)
runtime	M5 Admin editor and publication with PostgreSQL	2026-10-07T00:39:55.1008968Z [shopify-api/INFO] version 15.0.0, environment Node v24.21.0
runtime	M5 Admin editor and publication with PostgreSQL	2026-10-07T00:39:55.1010316Z [shopify-api/INFO] Future flag customerAddressDefaultFix is disabled.
runtime	M5 Admin editor and publication with PostgreSQL	2026-10-07T00:39:55.1010982Z
runtime	M5 Admin editor and publication with PostgreSQL	2026-10-07T00:39:55.1012156Z   Enable this flag to change the CustomerAddress classes to expose a 'is_default' property instead of 'default' when fetching data.
runtime	M5 Admin editor and publication with PostgreSQL	2026-10-07T00:39:55.1013362Z
runtime	M5 Admin editor and publication with PostgreSQL	2026-10-07T00:39:55.1013922Z [shopify-api/INFO] Future flag unstable_managedPricingSupport is disabled.
runtime	M5 Admin editor and publication with PostgreSQL	2026-10-07T00:39:55.1014426Z
runtime	M5 Admin editor and publication with PostgreSQL	2026-10-07T00:39:55.1015141Z   Enable this flag to support managed pricing, so apps can check for payments without needing a billing config. Learn more at https://shopify.dev/docs/apps/launch/billing/managed-pricing
runtime	M5 Admin editor and publication with PostgreSQL	2026-10-07T00:39:55.1016373Z
runtime	M5 Admin editor and publication with PostgreSQL	2026-10-07T00:39:55.1128769Z [shopify-api/INFO] Creating new session | {shop: synthetic-preview.myshopify.com, isOnline: true}
runtime	M5 Admin editor and publication with PostgreSQL	2026-10-07T00:39:55.4071045Z ✔ live-style SDK identity, local PG create/save/reload/CAS/exact ambiguous replay and mutation refusal (611.977208ms)
runtime	M5 Admin editor and publication with PostgreSQL	2026-10-07T00:39:55.4246829Z [shopify-api/INFO] version 15.0.0, environment Node v24.21.0
runtime	M5 Admin editor and publication with PostgreSQL	2026-10-07T00:39:55.4247919Z [shopify-api/INFO] Future flag customerAddressDefaultFix is disabled.
runtime	M5 Admin editor and publication with PostgreSQL	2026-10-07T00:39:55.4248529Z
runtime	M5 Admin editor and publication with PostgreSQL	2026-10-07T00:39:55.4249622Z   Enable this flag to change the CustomerAddress classes to expose a 'is_default' property instead of 'default' when fetching data.
runtime	M5 Admin editor and publication with PostgreSQL	2026-10-07T00:39:55.4250460Z
runtime	M5 Admin editor and publication with PostgreSQL	2026-10-07T00:39:55.4250969Z [shopify-api/INFO] Future flag unstable_managedPricingSupport is disabled.
runtime	M5 Admin editor and publication with PostgreSQL	2026-10-07T00:39:55.4251327Z
runtime	M5 Admin editor and publication with PostgreSQL	2026-10-07T00:39:55.4252045Z   Enable this flag to support managed pricing, so apps can check for payments without needing a billing config. Learn more at https://shopify.dev/docs/apps/launch/billing/managed-pricing
runtime	M5 Admin editor and publication with PostgreSQL	2026-10-07T00:39:55.4252732Z
runtime	M5 Admin editor and publication with PostgreSQL	2026-10-07T00:39:55.4253221Z [shopify-api/INFO] Creating new session | {shop: md71e3295801847d08f1645cadcb476ff.myshopify.com, isOnline: true}
runtime	M5 Admin editor and publication with PostgreSQL	2026-10-07T00:39:55.4254797Z ▶ production composition uses signed staff SDK, current feature policy and real M4 prepare with admission hold
runtime	M5 Admin editor and publication with PostgreSQL	2026-10-07T00:39:55.4256465Z   ✔ scheduled cancellation boundary 2026-09-30T23:59:59.999Z: allowed=true (16.643458ms)
runtime	M5 Admin editor and publication with PostgreSQL	2026-10-07T00:39:55.4257674Z   ✔ scheduled cancellation boundary 2026-10-01T00:00:00.000Z: allowed=false (16.56441ms)
runtime	M5 Admin editor and publication with PostgreSQL	2026-10-07T00:39:55.4258581Z   ✔ scheduled cancellation boundary 2026-10-01T00:00:00.001Z: allowed=false (18.124368ms)
runtime	M5 Admin editor and publication with PostgreSQL	2026-10-07T00:39:55.4259629Z ✔ production composition uses signed staff SDK, current feature policy and real M4 prepare with admission hold (460.091455ms)
runtime	M5 Admin editor and publication with PostgreSQL	2026-10-07T00:39:55.4261315Z ✔ server activation composition cannot promote a diagnostic observation without trusted release source (2.059606ms)
runtime	M5 Admin editor and publication with PostgreSQL	2026-10-07T00:39:55.4261921Z ℹ tests 15
runtime	M5 Admin editor and publication with PostgreSQL	2026-10-07T00:39:55.4262256Z ℹ suites 0
runtime	M5 Admin editor and publication with PostgreSQL	2026-10-07T00:39:55.4262642Z ℹ pass 15
runtime	M5 Admin editor and publication with PostgreSQL	2026-10-07T00:39:55.4263008Z ℹ fail 0
runtime	M5 Admin editor and publication with PostgreSQL	2026-10-07T00:39:55.4263391Z ℹ cancelled 0
runtime	M5 Admin editor and publication with PostgreSQL	2026-10-07T00:39:55.4263817Z ℹ skipped 0
runtime	M5 Admin editor and publication with PostgreSQL	2026-10-07T00:39:55.4264199Z ℹ todo 0
runtime	M5 Admin editor and publication with PostgreSQL	2026-10-07T00:39:55.4264630Z ℹ duration_ms 2476.97211
runtime	Rehearse disposable migration down and up	﻿2026-10-07T00:39:55.4360548Z ##[group]Run corepack pnpm exec dbmate create
runtime	Rehearse disposable migration down and up	2026-10-07T00:39:55.4360954Z ^[[36;1mcorepack pnpm exec dbmate create^[[0m
runtime	Rehearse disposable migration down and up	2026-10-07T00:39:55.4361266Z ^[[36;1mcorepack pnpm db:migrate^[[0m
runtime	Rehearse disposable migration down and up	2026-10-07T00:39:55.4361776Z ^[[36;1mcorepack pnpm exec dbmate --no-dump-schema --migrations-dir packages/database/migrations rollback^[[0m
runtime	Rehearse disposable migration down and up	2026-10-07T00:39:55.4362312Z ^[[36;1mcorepack pnpm db:migrate^[[0m
runtime	Rehearse disposable migration down and up	2026-10-07T00:39:55.4423797Z shell: /usr/bin/bash -e {0}
runtime	Rehearse disposable migration down and up	2026-10-07T00:39:55.4424056Z env:
runtime	Rehearse disposable migration down and up	2026-10-07T00:39:55.4424659Z   DATABASE_URL: ***localhost:5432/insignia_migration_rehearsal?sslmode=disable
runtime	Rehearse disposable migration down and up	2026-10-07T00:39:55.4425078Z   INSIGNIA_REQUIRE_POSTGRES_TEST: 1
runtime	Rehearse disposable migration down and up	2026-10-07T00:39:55.4425567Z ##[endgroup]
runtime	Rehearse disposable migration down and up	2026-10-07T00:39:55.5585505Z Creating: insignia_migration_rehearsal
runtime	Rehearse disposable migration down and up	2026-10-07T00:39:55.6710703Z $ dbmate --no-dump-schema --migrations-dir packages/database/migrations up
runtime	Rehearse disposable migration down and up	2026-10-07T00:39:55.7331288Z Applying: 20260929000100_durable_core.sql
runtime	Rehearse disposable migration down and up	2026-10-07T00:39:55.7581128Z Applied: 20260929000100_durable_core.sql in 24.971449ms
runtime	Rehearse disposable migration down and up	2026-10-07T00:39:55.7582029Z Applying: 20260929000200_runtime_ingress_credentials.sql
runtime	Rehearse disposable migration down and up	2026-10-07T00:39:55.7657315Z Applied: 20260929000200_runtime_ingress_credentials.sql in 7.602379ms
runtime	Rehearse disposable migration down and up	2026-10-07T00:39:55.7658257Z Applying: 20260929000300_authorization_generation.sql
runtime	Rehearse disposable migration down and up	2026-10-07T00:39:55.7701451Z Applied: 20260929000300_authorization_generation.sql in 4.434039ms
runtime	Rehearse disposable migration down and up	2026-10-07T00:39:55.7702135Z Applying: 20260929000400_accepted_quote.sql
runtime	Rehearse disposable migration down and up	2026-10-07T00:39:55.7787799Z Applied: 20260929000400_accepted_quote.sql in 8.641254ms
runtime	Rehearse disposable migration down and up	2026-10-07T00:39:55.7788437Z Applying: 20260930000100_m4_key_lifecycle.sql
runtime	Rehearse disposable migration down and up	2026-10-07T00:39:55.7870434Z Applied: 20260930000100_m4_key_lifecycle.sql in 8.243094ms
runtime	Rehearse disposable migration down and up	2026-10-07T00:39:55.7871153Z Applying: 20260930000200_publication_progress.sql
runtime	Rehearse disposable migration down and up	2026-10-07T00:39:55.7911385Z Applied: 20260930000200_publication_progress.sql in 4.084606ms
runtime	Rehearse disposable migration down and up	2026-10-07T00:39:55.7912401Z Applying: 20260930000300_m5_revision_geometry.sql
runtime	Rehearse disposable migration down and up	2026-10-07T00:39:55.7946527Z Applied: 20260930000300_m5_revision_geometry.sql in 3.499999ms
runtime	Rehearse disposable migration down and up	2026-10-07T00:39:55.7947383Z Applying: 20260930000400_m5_revision_presentation.sql
runtime	Rehearse disposable migration down and up	2026-10-07T00:39:55.7978571Z Applied: 20260930000400_m5_revision_presentation.sql in 3.165505ms
runtime	Rehearse disposable migration down and up	2026-10-07T00:39:55.7979545Z Applying: 20260930000500_m5_publication_source_version.sql
runtime	Rehearse disposable migration down and up	2026-10-07T00:39:55.7994770Z Applied: 20260930000500_m5_publication_source_version.sql in 1.616481ms
runtime	Rehearse disposable migration down and up	2026-10-07T00:39:55.7996060Z Applying: 20260930000600_m5_publication_intent_generation.sql
runtime	Rehearse disposable migration down and up	2026-10-07T00:39:55.8012797Z Applied: 20260930000600_m5_publication_intent_generation.sql in 1.79834ms
runtime	Rehearse disposable migration down and up	2026-10-07T00:39:55.8013647Z Applying: 20260930000700_m5_publication_intent_lookup.sql
runtime	Rehearse disposable migration down and up	2026-10-07T00:39:55.8032130Z Applied: 20260930000700_m5_publication_intent_lookup.sql in 1.938592ms
runtime	Rehearse disposable migration down and up	2026-10-07T00:39:55.8032972Z Applying: 20260930000800_m5_current_publication_pointer.sql
runtime	Rehearse disposable migration down and up	2026-10-07T00:39:55.8070091Z Applied: 20260930000800_m5_current_publication_pointer.sql in 3.780802ms
runtime	Rehearse disposable migration down and up	2026-10-07T00:39:55.8070898Z Applying: 20260930000900_m5_activation.sql
runtime	Rehearse disposable migration down and up	2026-10-07T00:39:55.8203282Z Applied: 20260930000900_m5_activation.sql in 13.308065ms
runtime	Rehearse disposable migration down and up	2026-10-07T00:39:55.8204019Z Applying: 20261006000100_m5_availability_v2.sql
runtime	Rehearse disposable migration down and up	2026-10-07T00:39:55.8305453Z Applied: 20261006000100_m5_availability_v2.sql in 10.185301ms
runtime	Rehearse disposable migration down and up	2026-10-07T00:39:55.9629499Z Rolling back: 20261006000100_m5_availability_v2.sql
runtime	Rehearse disposable migration down and up	2026-10-07T00:39:55.9712416Z Rolled back: 20261006000100_m5_availability_v2.sql in 7.299324ms
runtime	Rehearse disposable migration down and up	2026-10-07T00:39:56.0555040Z $ dbmate --no-dump-schema --migrations-dir packages/database/migrations up
runtime	Rehearse disposable migration down and up	2026-10-07T00:39:56.1136540Z Applying: 20261006000100_m5_availability_v2.sql
runtime	Rehearse disposable migration down and up	2026-10-07T00:39:56.1286070Z Applied: 20261006000100_m5_availability_v2.sql in 13.80921ms
runtime	Post Run actions/setup-node@49933ea5288caeca8642d1e84afbd3f7d6820020	﻿2026-10-07T00:39:56.1467305Z Post job cleanup.
runtime	Post Run actions/setup-node@49933ea5288caeca8642d1e84afbd3f7d6820020	2026-10-07T00:39:56.2678570Z (node:6281) [DEP0040] DeprecationWarning: The `punycode` module is deprecated. Please use a userland alternative instead.
runtime	Post Run actions/setup-node@49933ea5288caeca8642d1e84afbd3f7d6820020	2026-10-07T00:39:56.2679928Z (Use `node --trace-deprecation ...` to show where the warning was created)
runtime	Post Run actions/checkout@11bd71901bbe5b1630ceea73d27597364c9af683	﻿2026-10-07T00:39:56.2861151Z Post job cleanup.
runtime	Post Run actions/checkout@11bd71901bbe5b1630ceea73d27597364c9af683	2026-10-07T00:39:56.3749481Z [command]/usr/bin/git version
runtime	Post Run actions/checkout@11bd71901bbe5b1630ceea73d27597364c9af683	2026-10-07T00:39:56.3790643Z git version 2.55.0
runtime	Post Run actions/checkout@11bd71901bbe5b1630ceea73d27597364c9af683	2026-10-07T00:39:56.3830652Z Temporarily overriding HOME='/home/runner/work/_temp/6401521f-1be4-4edf-82d0-7fc344ca38c8' before making global git config changes
runtime	Post Run actions/checkout@11bd71901bbe5b1630ceea73d27597364c9af683	2026-10-07T00:39:56.3832583Z Adding repository directory to the temporary git global config as a safe directory
runtime	Post Run actions/checkout@11bd71901bbe5b1630ceea73d27597364c9af683	2026-10-07T00:39:56.3836357Z [command]/usr/bin/git config --global --add safe.directory /home/runner/work/insignia/insignia
runtime	Post Run actions/checkout@11bd71901bbe5b1630ceea73d27597364c9af683	2026-10-07T00:39:56.3874399Z [command]/usr/bin/git config --local --name-only --get-regexp core\.sshCommand
runtime	Post Run actions/checkout@11bd71901bbe5b1630ceea73d27597364c9af683	2026-10-07T00:39:56.3908776Z [command]/usr/bin/git submodule foreach --recursive sh -c "git config --local --name-only --get-regexp 'core\.sshCommand' && git config --local --unset-all 'core.sshCommand' || :"
runtime	Post Run actions/checkout@11bd71901bbe5b1630ceea73d27597364c9af683	2026-10-07T00:39:56.4157870Z [command]/usr/bin/git config --local --name-only --get-regexp http\.https\:\/\/github\.com\/\.extraheader
runtime	Post Run actions/checkout@11bd71901bbe5b1630ceea73d27597364c9af683	2026-10-07T00:39:56.4186178Z http.https://github.com/.extraheader
runtime	Post Run actions/checkout@11bd71901bbe5b1630ceea73d27597364c9af683	2026-10-07T00:39:56.4197591Z [command]/usr/bin/git config --local --unset-all http.https://github.com/.extraheader
runtime	Post Run actions/checkout@11bd71901bbe5b1630ceea73d27597364c9af683	2026-10-07T00:39:56.4232122Z [command]/usr/bin/git submodule foreach --recursive sh -c "git config --local --name-only --get-regexp 'http\.https\:\/\/github\.com\/\.extraheader' && git config --local --unset-all 'http.https://github.com/.extraheader' || :"
runtime	Stop containers	﻿2026-10-07T00:39:56.4632033Z Print service container logs: 60379d9fe4da4abe86232ac4a98bf39b_postgres18_3fa3dd
runtime	Stop containers	2026-10-07T00:39:56.4637946Z ##[command]/usr/bin/docker logs --details b993435e295c3f8dbaed475cf1808c81ce5548238f80fe261e29677d36d654ac
runtime	Stop containers	2026-10-07T00:39:56.4902213Z  initdb: warning: enabling "trust" authentication for local connections
runtime	Stop containers	2026-10-07T00:39:56.4903441Z  The files belonging to this database system will be owned by user "postgres".
runtime	Stop containers	2026-10-07T00:39:56.4905254Z  initdb: hint: You can change this by editing pg_hba.conf or using the option -A, or --auth-local and --auth-host, the next time you run initdb.
runtime	Stop containers	2026-10-07T00:39:56.4907464Z  2026-10-07 00:38:14.642 UTC [1] LOG:  starting PostgreSQL 18.6 (Debian 18.6-1.pgdg13+2) on x86_64-pc-linux-gnu, compiled by gcc (Debian 14.2.0-19) 14.2.0, 64-bit
runtime	Stop containers	2026-10-07T00:39:56.4908700Z  2026-10-07 00:38:14.642 UTC [1] LOG:  listening on IPv4 address "0.0.0.0", port 5432
runtime	Stop containers	2026-10-07T00:39:56.4909492Z  2026-10-07 00:38:14.642 UTC [1] LOG:  listening on IPv6 address "::", port 5432
runtime	Stop containers	2026-10-07T00:39:56.4910405Z  2026-10-07 00:38:14.643 UTC [1] LOG:  listening on Unix socket "/var/run/postgresql/.s.PGSQL.5432"
runtime	Stop containers	2026-10-07T00:39:56.4911339Z  2026-10-07 00:38:14.646 UTC [75] LOG:  database system was shut down at 2026-10-07 00:38:14 UTC
runtime	Stop containers	2026-10-07T00:39:56.4912196Z  2026-10-07 00:38:14.649 UTC [1] LOG:  database system is ready to accept connections
runtime	Stop containers	2026-10-07T00:39:56.4913020Z  2026-10-07 00:39:20.422 UTC [196] ERROR:  canceling statement due to lock timeout
runtime	Stop containers	2026-10-07T00:39:56.4913945Z  2026-10-07 00:39:20.422 UTC [196] CONTEXT:  while locking tuple (0,1) in relation "installation_generations"
runtime	Stop containers	2026-10-07T00:39:56.4914935Z  2026-10-07 00:39:20.422 UTC [196] STATEMENT:  UPDATE installation_generations SET authorization_epoch = $1
runtime	Stop containers	2026-10-07T00:39:56.4915706Z  	              WHERE shop_id = $2 AND generation = $3::bigint
runtime	Stop containers	2026-10-07T00:39:56.4916296Z  2026-10-07 00:39:20.476 UTC [197] ERROR:  v2 availability audit is immutable or out of phase
runtime	Stop containers	2026-10-07T00:39:56.4916948Z  2026-10-07 00:39:20.476 UTC [197] CONTEXT:  PL/pgSQL function enforce_activation_v2_audit() line 8 at RAISE
runtime	Stop containers	2026-10-07T00:39:56.4918155Z  2026-10-07 00:39:20.476 UTC [197] STATEMENT:  UPDATE m5_activation_state SET hold=jsonb_set(hold,'{acquisitionAcknowledgement,providerUpdatedAt}','"2026-10-01T11:59:00.000Z"'::jsonb),version=version+1 WHERE shop_id=$1
runtime	Stop containers	2026-10-07T00:39:56.4919281Z  2026-10-07 00:39:20.496 UTC [195] ERROR:  accepted quote and authorization rows are immutable
runtime	Stop containers	2026-10-07T00:39:56.4919992Z  2026-10-07 00:39:20.496 UTC [195] CONTEXT:  PL/pgSQL function reject_quote_mutation() line 3 at RAISE
runtime	Stop containers	2026-10-07T00:39:56.4920648Z  2026-10-07 00:39:20.496 UTC [195] STATEMENT:  UPDATE accepted_quotes SET total_minor = 1 WHERE quote_id = $1::uuid
runtime	Stop containers	2026-10-07T00:39:56.4921404Z  2026-10-07 00:39:20.499 UTC [195] ERROR:  accepted quote and authorization rows are immutable
runtime	Stop containers	2026-10-07T00:39:56.4921970Z  2026-10-07 00:39:20.499 UTC [195] CONTEXT:  PL/pgSQL function reject_quote_mutation() line 3 at RAISE
runtime	Stop containers	2026-10-07T00:39:56.4922699Z  2026-10-07 00:39:20.499 UTC [195] STATEMENT:  DELETE FROM accepted_quotes WHERE quote_id = $1::uuid
runtime	Stop containers	2026-10-07T00:39:56.4923375Z  2026-10-07 00:39:20.500 UTC [195] ERROR:  invalid input syntax for type integer: "other" at character 46
runtime	Stop containers	2026-10-07T00:39:56.4924138Z  2026-10-07 00:39:20.500 UTC [195] STATEMENT:  UPDATE quote_authorization_sets SET key_id = 'other' WHERE set_id = $1::uuid
runtime	Stop containers	2026-10-07T00:39:56.4924922Z  2026-10-07 00:39:20.502 UTC [195] ERROR:  accepted quote and authorization rows are immutable
runtime	Stop containers	2026-10-07T00:39:56.4927152Z  2026-10-07 00:39:20.502 UTC [195] CONTEXT:  PL/pgSQL function reject_quote_mutation() line 3 at RAISE
runtime	Stop containers	2026-10-07T00:39:56.4928083Z  2026-10-07 00:39:20.502 UTC [195] STATEMENT:  DELETE FROM quote_authorization_sets WHERE set_id = $1::uuid
runtime	Stop containers	2026-10-07T00:39:56.4928666Z  2026-10-07 00:39:20.525 UTC [190] ERROR:  accepted quote installation fence failed
runtime	Stop containers	2026-10-07T00:39:56.4929238Z  2026-10-07 00:39:20.525 UTC [190] CONTEXT:  PL/pgSQL function enforce_accepted_quote_insert() line 15 at RAISE
runtime	Stop containers	2026-10-07T00:39:56.4929980Z  2026-10-07 00:39:20.525 UTC [190] STATEMENT:
runtime	Stop containers	2026-10-07T00:39:56.4930261Z  	        /* m4_002_direct_guard_race */
runtime	Stop containers	2026-10-07T00:39:56.4930725Z  	        INSERT INTO accepted_quotes (quote_id, shop_id, installation_generation, authorization_generation,
runtime	Stop containers	2026-10-07T00:39:56.4931393Z  	          authorization_epoch, idempotency_key, request_digest, schema_version, accepted_at, accepted_date,
runtime	Stop containers	2026-10-07T00:39:56.4932014Z  	          accepted_day, valid_through_day, country, market_id, shop_currency, shop_timezone,
runtime	Stop containers	2026-10-07T00:39:56.4932713Z  	          presentment_currency, presentment_exponent, policy_version, recognized_policy_id,
runtime	Stop containers	2026-10-07T00:39:56.4933292Z  	          trial, qualifying_usage_disposition, customized_quantity, total_minor, quote_value)
runtime	Stop containers	2026-10-07T00:39:56.4933718Z  	        VALUES ($1::uuid, $2, $3::bigint,
runtime	Stop containers	2026-10-07T00:39:56.4934011Z  	          $4::uuid, $5::bigint,
runtime	Stop containers	2026-10-07T00:39:56.4934276Z  	          'direct-race', $6, $7, $8::timestamptz,
runtime	Stop containers	2026-10-07T00:39:56.4934566Z  	          $9::date, $10, $11,
runtime	Stop containers	2026-10-07T00:39:56.4934791Z  	          $12, $13::numeric, $14,
runtime	Stop containers	2026-10-07T00:39:56.4935027Z  	          $15, $16, $17,
runtime	Stop containers	2026-10-07T00:39:56.4935231Z  	          $18, $19, $20,
runtime	Stop containers	2026-10-07T00:39:56.4935673Z  	          $21, $22,
runtime	Stop containers	2026-10-07T00:39:56.4935888Z  	          $23::numeric, $24::jsonb)
runtime	Stop containers	2026-10-07T00:39:56.4936267Z  2026-10-07 00:39:20.526 UTC [196] ERROR:  authorization set installation fence failed
runtime	Stop containers	2026-10-07T00:39:56.4936875Z  2026-10-07 00:39:20.526 UTC [196] CONTEXT:  PL/pgSQL function enforce_quote_authorization_insert() line 16 at RAISE
runtime	Stop containers	2026-10-07T00:39:56.4937380Z  2026-10-07 00:39:20.526 UTC [196] STATEMENT:
runtime	Stop containers	2026-10-07T00:39:56.4937655Z  	        /* m4_002_set_guard_race */
runtime	Stop containers	2026-10-07T00:39:56.4938068Z  	        INSERT INTO quote_authorization_sets (set_id, quote_id, shop_id, installation_generation,
runtime	Stop containers	2026-10-07T00:39:56.4938657Z  	          authorization_generation, authorization_epoch, key_id, public_key_fingerprint,
runtime	Stop containers	2026-10-07T00:39:56.4939498Z  	          first_valid_day, last_valid_day, valid_through_day, envelope_carrier, member_carriers)
runtime	Stop containers	2026-10-07T00:39:56.4940261Z  	        VALUES ($1::uuid, $2::uuid, $3, $4::bigint,
runtime	Stop containers	2026-10-07T00:39:56.4940716Z  	          $5::uuid, $6::bigint,
runtime	Stop containers	2026-10-07T00:39:56.4941035Z  	          $7, $8, $9,
runtime	Stop containers	2026-10-07T00:39:56.4941237Z  	          $10, $11, $12,
runtime	Stop containers	2026-10-07T00:39:56.4941438Z  	          $13::jsonb)
runtime	Stop containers	2026-10-07T00:39:56.4941757Z  2026-10-07 00:39:20.528 UTC [218] WARNING:  there is no transaction in progress
runtime	Stop containers	2026-10-07T00:39:56.4942263Z  2026-10-07 00:39:20.535 UTC [195] ERROR:  authorization set installation fence failed
runtime	Stop containers	2026-10-07T00:39:56.4942854Z  2026-10-07 00:39:20.535 UTC [195] CONTEXT:  PL/pgSQL function enforce_quote_authorization_insert() line 16 at RAISE
runtime	Stop containers	2026-10-07T00:39:56.4943626Z  2026-10-07 00:39:20.535 UTC [195] STATEMENT:  INSERT INTO quote_authorization_sets (set_id, quote_id, shop_id, installation_generation,
runtime	Stop containers	2026-10-07T00:39:56.4944316Z  	        authorization_generation, authorization_epoch, key_id, public_key_fingerprint,
runtime	Stop containers	2026-10-07T00:39:56.4944881Z  	        first_valid_day, last_valid_day, valid_through_day, envelope_carrier, member_carriers)
runtime	Stop containers	2026-10-07T00:39:56.4945542Z  	      VALUES ($1::uuid, $2::uuid, $3, $4::bigint,
runtime	Stop containers	2026-10-07T00:39:56.4945863Z  	        $5::uuid, $6::bigint,
runtime	Stop containers	2026-10-07T00:39:56.4946087Z  	        $7, $8, $9,
runtime	Stop containers	2026-10-07T00:39:56.4946284Z  	        $10, $11, $12,
runtime	Stop containers	2026-10-07T00:39:56.4946483Z  	        $13::jsonb)
runtime	Stop containers	2026-10-07T00:39:56.4946739Z  2026-10-07 00:39:20.596 UTC [223] ERROR:  synthetic inbox failure
runtime	Stop containers	2026-10-07T00:39:56.4947262Z  2026-10-07 00:39:20.596 UTC [223] CONTEXT:  PL/pgSQL function test_uninstall_4141143013614b15() line 1 at RAISE
runtime	Stop containers	2026-10-07T00:39:56.4948044Z  2026-10-07 00:39:20.596 UTC [223] STATEMENT:  update "inbox_messages" set "state" = $1, "last_error_class" = $2, "attempts" = "attempts" + $3 where "id" = $4
runtime	Stop containers	2026-10-07T00:39:56.4948770Z  2026-10-07 00:39:20.631 UTC [197] ERROR:  v2 availability audit is immutable or out of phase
runtime	Stop containers	2026-10-07T00:39:56.4949621Z  2026-10-07 00:39:20.631 UTC [197] CONTEXT:  PL/pgSQL function enforce_activation_v2_audit() line 8 at RAISE
runtime	Stop containers	2026-10-07T00:39:56.4950512Z  2026-10-07 00:39:20.631 UTC [197] STATEMENT:  UPDATE m5_activation_state SET hold=jsonb_set(hold,'{restorationReceipt,kind}','"CONFLICT"'::jsonb),version=version+1 WHERE shop_id=$1
runtime	Stop containers	2026-10-07T00:39:56.4951502Z  2026-10-07 00:39:20.656 UTC [197] ERROR:  new row for relation "m5_activation_evidence" violates check constraint "m5_014_evidence_identity"
runtime	Stop containers	2026-10-07T00:39:56.4953440Z  2026-10-07 00:39:20.656 UTC [197] DETAIL:  Failing row contains (439bc4dc-785c-40a5-9cb5-c587100e7e74, ac297ff8-1704-48f8-9f6a-cdaf0cf70d27, 45d56af6-0b5f-4965-96c8-bb0fb32fc0ba, db02ca92-b79a-439b-be88-e24c48af74e9, 1, 1, 7591d81f-b472-40b3-b6da-8db5c56587fd, 0, 7, 6c2b167ef00530b03b7890ea8a5a4dc15045b8ff145a83904cd3310abd619994, {"hold": null, "shopId": "439bc4dc-785c-40a5-9cb5-c587100e7e74",..., 2026-10-07 00:39:20.65607+00).
runtime	Stop containers	2026-10-07T00:39:56.4956096Z  2026-10-07 00:39:20.656 UTC [197] STATEMENT:  INSERT INTO m5_activation_evidence(shop_id,config_id,operation_id,revision_id,installation_generation,operation_sequence,authorization_generation,authorization_epoch,selected_key_id,evidence_digest,evidence) VALUES ($1,$2,$3,$4,1,1,$5::uuid,$6,7,$7,$8::jsonb)
runtime	Stop containers	2026-10-07T00:39:56.4957532Z  2026-10-07 00:39:20.659 UTC [197] ERROR:  new row for relation "m5_activation_evidence" violates check constraint "m5_014_evidence_v2_hold"
runtime	Stop containers	2026-10-07T00:39:56.4959338Z  2026-10-07 00:39:20.659 UTC [197] DETAIL:  Failing row contains (439bc4dc-785c-40a5-9cb5-c587100e7e74, ac297ff8-1704-48f8-9f6a-cdaf0cf70d27, 45d56af6-0b5f-4965-96c8-bb0fb32fc0ba, db02ca92-b79a-439b-be88-e24c48af74e9, 1, 1, 7591d81f-b472-40b3-b6da-8db5c56587fd, 0, 7, ba1359802d330c77f479d7527b8f0f65655212ea44d4dbf519e5fd1c8dcd3da8, {"hold": {"held": {"scope": {"shopId": "439bc4dc-785c-40a5-9cb5-..., 2026-10-07 00:39:20.658576+00).
runtime	Stop containers	2026-10-07T00:39:56.4961727Z  2026-10-07 00:39:20.659 UTC [197] STATEMENT:  INSERT INTO m5_activation_evidence(shop_id,config_id,operation_id,revision_id,installation_generation,operation_sequence,authorization_generation,authorization_epoch,selected_key_id,evidence_digest,evidence) VALUES ($1,$2,$3,$4,1,1,$5::uuid,$6,7,$7,$8::jsonb)
runtime	Stop containers	2026-10-07T00:39:56.4963142Z  2026-10-07 00:39:20.662 UTC [197] ERROR:  new row for relation "m5_activation_evidence" violates check constraint "m5_014_evidence_v2_hold"
runtime	Stop containers	2026-10-07T00:39:56.4964944Z  2026-10-07 00:39:20.662 UTC [197] DETAIL:  Failing row contains (439bc4dc-785c-40a5-9cb5-c587100e7e74, ac297ff8-1704-48f8-9f6a-cdaf0cf70d27, 45d56af6-0b5f-4965-96c8-bb0fb32fc0ba, db02ca92-b79a-439b-be88-e24c48af74e9, 1, 1, 7591d81f-b472-40b3-b6da-8db5c56587fd, 0, 7, a242f91cb769c7e3617d33469d708e150aa4dcf5a85fd4bca79c4041c0a9e5de, {"hold": {"held": {"scope": {"shopId": "439bc4dc-785c-40a5-9cb5-..., 2026-10-07 00:39:20.661653+00).
runtime	Stop containers	2026-10-07T00:39:56.4967541Z  2026-10-07 00:39:20.662 UTC [197] STATEMENT:  INSERT INTO m5_activation_evidence(shop_id,config_id,operation_id,revision_id,installation_generation,operation_sequence,authorization_generation,authorization_epoch,selected_key_id,evidence_digest,evidence) VALUES ($1,$2,$3,$4,1,1,$5::uuid,$6,7,$7,$8::jsonb)
runtime	Stop containers	2026-10-07T00:39:56.4968959Z  2026-10-07 00:39:20.666 UTC [197] ERROR:  new row for relation "m5_activation_evidence" violates check constraint "m5_014_evidence_v2_hold"
runtime	Stop containers	2026-10-07T00:39:56.4970763Z  2026-10-07 00:39:20.666 UTC [197] DETAIL:  Failing row contains (439bc4dc-785c-40a5-9cb5-c587100e7e74, ac297ff8-1704-48f8-9f6a-cdaf0cf70d27, 45d56af6-0b5f-4965-96c8-bb0fb32fc0ba, db02ca92-b79a-439b-be88-e24c48af74e9, 1, 1, 7591d81f-b472-40b3-b6da-8db5c56587fd, 0, 7, f2350abdd978b14137038275ca550598438fbaf88d3fd465657922db41e5e879, {"hold": {"held": {"scope": {"shopId": "439bc4dc-785c-40a5-9cb5-..., 2026-10-07 00:39:20.664863+00).
runtime	Stop containers	2026-10-07T00:39:56.4973143Z  2026-10-07 00:39:20.666 UTC [197] STATEMENT:  INSERT INTO m5_activation_evidence(shop_id,config_id,operation_id,revision_id,installation_generation,operation_sequence,authorization_generation,authorization_epoch,selected_key_id,evidence_digest,evidence) VALUES ($1,$2,$3,$4,1,1,$5::uuid,$6,7,$7,$8::jsonb)
runtime	Stop containers	2026-10-07T00:39:56.4974683Z  2026-10-07 00:39:20.669 UTC [197] ERROR:  new row for relation "m5_activation_evidence" violates check constraint "m5_014_evidence_v2_hold"
runtime	Stop containers	2026-10-07T00:39:56.4976674Z  2026-10-07 00:39:20.669 UTC [197] DETAIL:  Failing row contains (439bc4dc-785c-40a5-9cb5-c587100e7e74, ac297ff8-1704-48f8-9f6a-cdaf0cf70d27, 45d56af6-0b5f-4965-96c8-bb0fb32fc0ba, db02ca92-b79a-439b-be88-e24c48af74e9, 1, 1, 7591d81f-b472-40b3-b6da-8db5c56587fd, 0, 7, 9b22e14e620730b6e62182f6405ed64f80b20d7af38da9c27feba1aa660f1d33, {"hold": {"held": {"scope": {"shopId": "439bc4dc-785c-40a5-9cb5-..., 2026-10-07 00:39:20.668425+00).
runtime	Stop containers	2026-10-07T00:39:56.4979190Z  2026-10-07 00:39:20.669 UTC [197] STATEMENT:  INSERT INTO m5_activation_evidence(shop_id,config_id,operation_id,revision_id,installation_generation,operation_sequence,authorization_generation,authorization_epoch,selected_key_id,evidence_digest,evidence) VALUES ($1,$2,$3,$4,1,1,$5::uuid,$6,7,$7,$8::jsonb)
runtime	Stop containers	2026-10-07T00:39:56.4980638Z  2026-10-07 00:39:20.680 UTC [197] ERROR:  new row for relation "m5_activation_evidence" violates check constraint "m5_014_evidence_v2_audit"
runtime	Stop containers	2026-10-07T00:39:56.4982451Z  2026-10-07 00:39:20.680 UTC [197] DETAIL:  Failing row contains (439bc4dc-785c-40a5-9cb5-c587100e7e74, ac297ff8-1704-48f8-9f6a-cdaf0cf70d27, 45d56af6-0b5f-4965-96c8-bb0fb32fc0ba, db02ca92-b79a-439b-be88-e24c48af74e9, 1, 1, 7591d81f-b472-40b3-b6da-8db5c56587fd, 0, 7, adedc932c452e1cb8c3e1a15534959c1d4ad9d427b08e464410f07ab5a56d3ac, {"hold": {"held": {"scope": {"shopId": "439bc4dc-785c-40a5-9cb5-..., 2026-10-07 00:39:20.679743+00).
runtime	Stop containers	2026-10-07T00:39:56.4984848Z  2026-10-07 00:39:20.680 UTC [197] STATEMENT:  INSERT INTO m5_activation_evidence(shop_id,config_id,operation_id,revision_id,installation_generation,operation_sequence,authorization_generation,authorization_epoch,selected_key_id,evidence_digest,evidence) VALUES ($1,$2,$3,$4,1,1,$5::uuid,$6,7,$7,$8::jsonb)
runtime	Stop containers	2026-10-07T00:39:56.4986520Z  2026-10-07 00:39:20.684 UTC [197] ERROR:  new row for relation "m5_activation_evidence" violates check constraint "m5_014_evidence_v2_audit"
runtime	Stop containers	2026-10-07T00:39:56.4988336Z  2026-10-07 00:39:20.684 UTC [197] DETAIL:  Failing row contains (439bc4dc-785c-40a5-9cb5-c587100e7e74, ac297ff8-1704-48f8-9f6a-cdaf0cf70d27, 45d56af6-0b5f-4965-96c8-bb0fb32fc0ba, db02ca92-b79a-439b-be88-e24c48af74e9, 1, 1, 7591d81f-b472-40b3-b6da-8db5c56587fd, 0, 7, 11ee502389f20a4834edbddcb1c60d36dec3c679639625fe970af733eeebca54, {"hold": {"held": {"scope": {"shopId": "439bc4dc-785c-40a5-9cb5-..., 2026-10-07 00:39:20.683962+00).
runtime	Stop containers	2026-10-07T00:39:56.4990716Z  2026-10-07 00:39:20.684 UTC [197] STATEMENT:  INSERT INTO m5_activation_evidence(shop_id,config_id,operation_id,revision_id,installation_generation,operation_sequence,authorization_generation,authorization_epoch,selected_key_id,evidence_digest,evidence) VALUES ($1,$2,$3,$4,1,1,$5::uuid,$6,7,$7,$8::jsonb)
runtime	Stop containers	2026-10-07T00:39:56.4992119Z  2026-10-07 00:39:20.691 UTC [197] ERROR:  new row for relation "m5_activation_evidence" violates check constraint "m5_014_evidence_v2_audit"
runtime	Stop containers	2026-10-07T00:39:56.4993971Z  2026-10-07 00:39:20.691 UTC [197] DETAIL:  Failing row contains (439bc4dc-785c-40a5-9cb5-c587100e7e74, ac297ff8-1704-48f8-9f6a-cdaf0cf70d27, 45d56af6-0b5f-4965-96c8-bb0fb32fc0ba, db02ca92-b79a-439b-be88-e24c48af74e9, 1, 1, 7591d81f-b472-40b3-b6da-8db5c56587fd, 0, 7, a8fc2308a94a88462bede03a2977da7749bbc25010c25d5694d4d5db6b1672c9, {"hold": {"held": {"scope": {"shopId": "439bc4dc-785c-40a5-9cb5-..., 2026-10-07 00:39:20.689175+00).
runtime	Stop containers	2026-10-07T00:39:56.4996557Z  2026-10-07 00:39:20.691 UTC [197] STATEMENT:  INSERT INTO m5_activation_evidence(shop_id,config_id,operation_id,revision_id,installation_generation,operation_sequence,authorization_generation,authorization_epoch,selected_key_id,evidence_digest,evidence) VALUES ($1,$2,$3,$4,1,1,$5::uuid,$6,7,$7,$8::jsonb)
runtime	Stop containers	2026-10-07T00:39:56.4997972Z  2026-10-07 00:39:20.693 UTC [197] ERROR:  new row for relation "m5_activation_evidence" violates check constraint "m5_014_evidence_v2_audit"
runtime	Stop containers	2026-10-07T00:39:56.4999922Z  2026-10-07 00:39:20.693 UTC [197] DETAIL:  Failing row contains (439bc4dc-785c-40a5-9cb5-c587100e7e74, ac297ff8-1704-48f8-9f6a-cdaf0cf70d27, 45d56af6-0b5f-4965-96c8-bb0fb32fc0ba, db02ca92-b79a-439b-be88-e24c48af74e9, 1, 1, 7591d81f-b472-40b3-b6da-8db5c56587fd, 0, 7, 57b2bfece5145a94f25ea4f4fea3450759ad99bd6c6ec976b06e5253f46b27fe, {"hold": {"held": {"scope": {"shopId": "439bc4dc-785c-40a5-9cb5-..., 2026-10-07 00:39:20.69298+00).
runtime	Stop containers	2026-10-07T00:39:56.5002399Z  2026-10-07 00:39:20.693 UTC [197] STATEMENT:  INSERT INTO m5_activation_evidence(shop_id,config_id,operation_id,revision_id,installation_generation,operation_sequence,authorization_generation,authorization_epoch,selected_key_id,evidence_digest,evidence) VALUES ($1,$2,$3,$4,1,1,$5::uuid,$6,7,$7,$8::jsonb)
runtime	Stop containers	2026-10-07T00:39:56.5003818Z  2026-10-07 00:39:20.695 UTC [197] ERROR:  new row for relation "m5_activation_evidence" violates check constraint "m5_014_evidence_v2_audit"
runtime	Stop containers	2026-10-07T00:39:56.5005978Z  2026-10-07 00:39:20.695 UTC [197] DETAIL:  Failing row contains (439bc4dc-785c-40a5-9cb5-c587100e7e74, ac297ff8-1704-48f8-9f6a-cdaf0cf70d27, 45d56af6-0b5f-4965-96c8-bb0fb32fc0ba, db02ca92-b79a-439b-be88-e24c48af74e9, 1, 1, 7591d81f-b472-40b3-b6da-8db5c56587fd, 0, 7, d0c4c452de062778c74ae7e752a503bc26f5273754cf9f43095e803f1e3a7a11, {"hold": {"held": {"scope": {"shopId": "439bc4dc-785c-40a5-9cb5-..., 2026-10-07 00:39:20.694715+00).
runtime	Stop containers	2026-10-07T00:39:56.5008430Z  2026-10-07 00:39:20.695 UTC [197] STATEMENT:  INSERT INTO m5_activation_evidence(shop_id,config_id,operation_id,revision_id,installation_generation,operation_sequence,authorization_generation,authorization_epoch,selected_key_id,evidence_digest,evidence) VALUES ($1,$2,$3,$4,1,1,$5::uuid,$6,7,$7,$8::jsonb)
runtime	Stop containers	2026-10-07T00:39:56.5009854Z  2026-10-07 00:39:20.697 UTC [197] ERROR:  new row for relation "m5_activation_evidence" violates check constraint "m5_014_evidence_v2_audit"
runtime	Stop containers	2026-10-07T00:39:56.5011658Z  2026-10-07 00:39:20.697 UTC [197] DETAIL:  Failing row contains (439bc4dc-785c-40a5-9cb5-c587100e7e74, ac297ff8-1704-48f8-9f6a-cdaf0cf70d27, 45d56af6-0b5f-4965-96c8-bb0fb32fc0ba, db02ca92-b79a-439b-be88-e24c48af74e9, 1, 1, 7591d81f-b472-40b3-b6da-8db5c56587fd, 0, 7, 02fe1185a34eb28fb13fc225d4216900f734b897d64e8cd7f60188bd56b9e8bc, {"hold": {"held": {"scope": {"shopId": "439bc4dc-785c-40a5-9cb5-..., 2026-10-07 00:39:20.696866+00).
runtime	Stop containers	2026-10-07T00:39:56.5014028Z  2026-10-07 00:39:20.697 UTC [197] STATEMENT:  INSERT INTO m5_activation_evidence(shop_id,config_id,operation_id,revision_id,installation_generation,operation_sequence,authorization_generation,authorization_epoch,selected_key_id,evidence_digest,evidence) VALUES ($1,$2,$3,$4,1,1,$5::uuid,$6,7,$7,$8::jsonb)
runtime	Stop containers	2026-10-07T00:39:56.5015685Z  2026-10-07 00:39:20.699 UTC [197] ERROR:  new row for relation "m5_activation_evidence" violates check constraint "m5_014_evidence_v2_audit"
runtime	Stop containers	2026-10-07T00:39:56.5017488Z  2026-10-07 00:39:20.699 UTC [197] DETAIL:  Failing row contains (439bc4dc-785c-40a5-9cb5-c587100e7e74, ac297ff8-1704-48f8-9f6a-cdaf0cf70d27, 45d56af6-0b5f-4965-96c8-bb0fb32fc0ba, db02ca92-b79a-439b-be88-e24c48af74e9, 1, 1, 7591d81f-b472-40b3-b6da-8db5c56587fd, 0, 7, b85b2f76e7b610f5b7793198655f1d0667f1ff8b72b95a842e90fa6654698914, {"hold": {"held": {"scope": {"shopId": "439bc4dc-785c-40a5-9cb5-..., 2026-10-07 00:39:20.699132+00).
runtime	Stop containers	2026-10-07T00:39:56.5019863Z  2026-10-07 00:39:20.699 UTC [197] STATEMENT:  INSERT INTO m5_activation_evidence(shop_id,config_id,operation_id,revision_id,installation_generation,operation_sequence,authorization_generation,authorization_epoch,selected_key_id,evidence_digest,evidence) VALUES ($1,$2,$3,$4,1,1,$5::uuid,$6,7,$7,$8::jsonb)
runtime	Stop containers	2026-10-07T00:39:56.5021275Z  2026-10-07 00:39:20.702 UTC [197] ERROR:  new row for relation "m5_activation_evidence" violates check constraint "m5_014_evidence_v2_audit"
runtime	Stop containers	2026-10-07T00:39:56.5023073Z  2026-10-07 00:39:20.702 UTC [197] DETAIL:  Failing row contains (439bc4dc-785c-40a5-9cb5-c587100e7e74, ac297ff8-1704-48f8-9f6a-cdaf0cf70d27, 45d56af6-0b5f-4965-96c8-bb0fb32fc0ba, db02ca92-b79a-439b-be88-e24c48af74e9, 1, 1, 7591d81f-b472-40b3-b6da-8db5c56587fd, 0, 7, 4f683a006f7af4531efc04ffc02e1c187de5f723eaa2dbf23dd651a953af2872, {"hold": {"held": {"scope": {"shopId": "439bc4dc-785c-40a5-9cb5-..., 2026-10-07 00:39:20.7013+00).
runtime	Stop containers	2026-10-07T00:39:56.5025901Z  2026-10-07 00:39:20.702 UTC [197] STATEMENT:  INSERT INTO m5_activation_evidence(shop_id,config_id,operation_id,revision_id,installation_generation,operation_sequence,authorization_generation,authorization_epoch,selected_key_id,evidence_digest,evidence) VALUES ($1,$2,$3,$4,1,1,$5::uuid,$6,7,$7,$8::jsonb)
runtime	Stop containers	2026-10-07T00:39:56.5027503Z  2026-10-07 00:39:21.270 UTC [233] ERROR:  duplicate key value violates unique constraint "product_configs_shop_id_external_product_id_key"
runtime	Stop containers	2026-10-07T00:39:56.5028462Z  2026-10-07 00:39:21.270 UTC [233] DETAIL:  Key (shop_id, external_product_id)=(16d5b1f4-a2ad-4115-839f-390c8fe6cede, 0ea88733-1474-4869-9f46-a02b53987812) already exists.
runtime	Stop containers	2026-10-07T00:39:56.5029774Z  2026-10-07 00:39:21.270 UTC [233] STATEMENT:  insert into "product_configs" ("shop_id", "config_id", "external_product_id", "draft_schema_version", "draft_value", "effective_revision_id", "effective_operation_id") values ($1, $2, $3, $4, $5, $6, $7) returning *
runtime	Stop containers	2026-10-07T00:39:56.5031151Z  2026-10-07 00:39:21.289 UTC [233] ERROR:  insert or update on table "publication_operations" violates foreign key constraint "publication_operations_shop_id_config_id_revision_id_fkey"
runtime	Stop containers	2026-10-07T00:39:56.5032514Z  2026-10-07 00:39:21.289 UTC [233] DETAIL:  Key (shop_id, config_id, revision_id)=(16d5b1f4-a2ad-4115-839f-390c8fe6cede, 00067f55-4a83-4cf9-9bf2-c8b24db5c3c9, 8ff9c75f-78e4-4da3-9ae0-6a0e5e1c1392) is not present in table "config_revisions".
runtime	Stop containers	2026-10-07T00:39:56.5033526Z  2026-10-07 00:39:21.289 UTC [233] STATEMENT:  INSERT INTO publication_operations (
runtime	Stop containers	2026-10-07T00:39:56.5034081Z  	      shop_id, config_id, operation_id, revision_id, installation_generation, operation_sequence,
runtime	Stop containers	2026-10-07T00:39:56.5034572Z  	      expected_projection, expected_projection_digest
runtime	Stop containers	2026-10-07T00:39:56.5034899Z  	    ) VALUES ($1, $2, $3, $4, 1, 1, '{}'::jsonb, $5)
runtime	Stop containers	2026-10-07T00:39:56.5035255Z  2026-10-07 00:39:21.344 UTC [233] ERROR:  config revisions are immutable
runtime	Stop containers	2026-10-07T00:39:56.5035931Z  2026-10-07 00:39:21.344 UTC [233] CONTEXT:  PL/pgSQL function reject_revision_mutation() line 3 at RAISE
runtime	Stop containers	2026-10-07T00:39:56.5036635Z  2026-10-07 00:39:21.344 UTC [233] STATEMENT:  UPDATE config_revisions SET content_hash = $1 WHERE shop_id = $2 AND revision_id = $3
runtime	Stop containers	2026-10-07T00:39:56.5037245Z  2026-10-07 00:39:21.346 UTC [233] ERROR:  config revisions are immutable
runtime	Stop containers	2026-10-07T00:39:56.5037747Z  2026-10-07 00:39:21.346 UTC [233] CONTEXT:  PL/pgSQL function reject_revision_mutation() line 3 at RAISE
runtime	Stop containers	2026-10-07T00:39:56.5038382Z  2026-10-07 00:39:21.346 UTC [233] STATEMENT:  DELETE FROM config_revisions WHERE shop_id = $1 AND revision_id = $2
runtime	Stop containers	2026-10-07T00:39:56.5038967Z  2026-10-07 00:39:21.449 UTC [233] ERROR:  publication activation preconditions not met
runtime	Stop containers	2026-10-07T00:39:56.5039548Z  2026-10-07 00:39:21.449 UTC [233] CONTEXT:  PL/pgSQL function enforce_effective_activation() line 31 at RAISE
runtime	Stop containers	2026-10-07T00:39:56.5040382Z  2026-10-07 00:39:21.449 UTC [233] STATEMENT:  UPDATE product_configs SET effective_revision_id = $1, effective_operation_id = $2 WHERE shop_id = $3 AND config_id = $4
runtime	Stop containers	2026-10-07T00:39:56.5041131Z  2026-10-07 00:39:21.506 UTC [233] ERROR:  publication sequence cannot decrease
runtime	Stop containers	2026-10-07T00:39:56.5041680Z  2026-10-07 00:39:21.506 UTC [233] CONTEXT:  PL/pgSQL function enforce_effective_activation() line 6 at RAISE
runtime	Stop containers	2026-10-07T00:39:56.5042585Z  2026-10-07 00:39:21.506 UTC [233] STATEMENT:  UPDATE product_configs SET publication_sequence = 1, effective_revision_id = $1, effective_operation_id = $2 WHERE shop_id = $3 AND config_id = $4
runtime	Stop containers	2026-10-07T00:39:56.5043561Z  2026-10-07 00:39:22.219 UTC [242] ERROR:  new row for relation "inbox_messages" violates check constraint "inbox_messages_check2"
runtime	Stop containers	2026-10-07T00:39:56.5045540Z  2026-10-07 00:39:22.219 UTC [242] DETAIL:  Failing row contains (fc3ea17c-baa3-4bf9-b124-2d0ab6d9a88a, synthetic.provider, 8d107467-d5b5-4cb0-a495-beec28386b89, e2712f08-42a0-4655-bb94-ecfdfccc9474, null, \x7b7d, 44136fa355b3678a1146ad16f7e8649e94fb4fc21fe77e8310c060f61caaff8a, 2099-01-01 00:00:00+00, 2026-10-07 00:39:22.219055+00, pending, 0, null, null, null, test-transient, 2099-06-29 00:00:00+00, retained).
runtime	Stop containers	2026-10-07T00:39:56.5048103Z  2026-10-07 00:39:22.219 UTC [242] STATEMENT:  insert into "inbox_messages" ("id", "source", "external_delivery_id", "shop_id", "installation_generation", "payload", "payload_sha256", "received_at", "state", "attempts", "last_error_class", "retention_class", "purge_after", "lease_owner", "lease_until", "erasure_state") values ($1, $2, $3, $4, $5, $6, $7, $8, $9, $10, $11, $12, $13, $14, $15, $16) on conflict do nothing returning "id"
runtime	Stop containers	2026-10-07T00:39:56.5049664Z  2026-10-07 00:39:22.229 UTC [242] ERROR:  payload collection time is immutable
runtime	Stop containers	2026-10-07T00:39:56.5050224Z  2026-10-07 00:39:22.229 UTC [242] CONTEXT:  PL/pgSQL function enforce_payload_collection_time() line 6 at RAISE
runtime	Stop containers	2026-10-07T00:39:56.5050959Z  2026-10-07 00:39:22.229 UTC [242] STATEMENT:  UPDATE inbox_messages SET collected_at = '2099-01-01'::timestamptz WHERE id = $1::uuid
runtime	Stop containers	2026-10-07T00:39:56.5051731Z  2026-10-07 00:39:22.231 UTC [242] ERROR:  new row for relation "inbox_messages" violates check constraint "inbox_messages_check2"
runtime	Stop containers	2026-10-07T00:39:56.5053459Z  2026-10-07 00:39:22.231 UTC [242] DETAIL:  Failing row contains (b5b3293d-c6c4-44e4-9ae5-9cb9e293e4cd, synthetic.provider, c3e03bc6-d043-4958-aeae-403a4aa306c1, e2712f08-42a0-4655-bb94-ecfdfccc9474, null, \x7b7d, 44136fa355b3678a1146ad16f7e8649e94fb4fc21fe77e8310c060f61caaff8a, 2026-10-07 00:39:22.216+00, 2026-10-07 00:39:22.226404+00, pending, 0, null, null, null, test-transient, 2027-04-06 00:39:22.226404+00, retained).
runtime	Stop containers	2026-10-07T00:39:56.5055229Z  2026-10-07 00:39:22.231 UTC [242] STATEMENT:  UPDATE inbox_messages SET purge_after = collected_at + interval '181 days' WHERE id = $1::uuid
runtime	Stop containers	2026-10-07T00:39:56.5056195Z  2026-10-07 00:39:22.267 UTC [242] ERROR:  new row for relation "outbox_events" violates check constraint "outbox_events_check1"
runtime	Stop containers	2026-10-07T00:39:56.5058082Z  2026-10-07 00:39:22.267 UTC [242] DETAIL:  Failing row contains (f6a59e39-9481-4175-86a9-45af99feba34, e2712f08-42a0-4655-bb94-ecfdfccc9474, null, synthetic.processed, 1, e581bc7b-2fb9-40f0-8e07-90dc7ba79212, {"businessKey": "e581bc7b-2fb9-40f0-8e07-90dc7ba79212"}, e581bc7b-2fb9-40f0-8e07-90dc7ba79212, 2099-01-01 00:00:00+00, 2026-10-07 00:39:22.26693+00, 2099-01-01 00:00:00+00, pending, 0, null, null, null, test-transient, 2099-06-29 00:00:00+00, retained, 2026-10-07 00:39:22.265+00).
runtime	Stop containers	2026-10-07T00:39:56.5060965Z  2026-10-07 00:39:22.267 UTC [242] STATEMENT:  insert into "outbox_events" ("id", "shop_id", "installation_generation", "event_type", "schema_version", "aggregate_ref", "payload", "business_key", "occurred_at", "available_at", "state", "attempts", "last_error_class", "lease_owner", "lease_until", "retention_class", "purge_after", "erasure_state", "created_at") values ($1, $2, $3, $4, $5, $6, $7, $8, $9, $10, $11, $12, $13, $14, $15, $16, $17, $18, $19) on conflict do nothing returning "id"
runtime	Stop containers	2026-10-07T00:39:56.5062706Z  2026-10-07 00:39:22.277 UTC [242] ERROR:  new row for relation "outbox_events" violates check constraint "outbox_events_check1"
runtime	Stop containers	2026-10-07T00:39:56.5064647Z  2026-10-07 00:39:22.277 UTC [242] DETAIL:  Failing row contains (3d72b6bb-d301-464f-ac6c-2a796ff44f1d, e2712f08-42a0-4655-bb94-ecfdfccc9474, null, synthetic.processed, 1, a1bdb2fe-998b-4117-874e-ac27feec7d10, {"businessKey": "a1bdb2fe-998b-4117-874e-ac27feec7d10"}, a1bdb2fe-998b-4117-874e-ac27feec7d10, 2026-10-07 00:39:22.269+00, 2026-10-07 00:39:22.271853+00, 2026-10-07 00:39:22.269+00, pending, 0, null, null, null, test-transient, 2027-04-06 00:39:22.271853+00, retained, 2026-10-07 00:39:22.271+00).
runtime	Stop containers	2026-10-07T00:39:56.5066785Z  2026-10-07 00:39:22.277 UTC [242] STATEMENT:  UPDATE outbox_events SET purge_after = collected_at + interval '181 days' WHERE id = $1::uuid
runtime	Stop containers	2026-10-07T00:39:56.5067598Z  2026-10-07 00:39:23.875 UTC [269] ERROR:  installation authorization generation is immutable
runtime	Stop containers	2026-10-07T00:39:56.5068196Z  2026-10-07 00:39:23.875 UTC [269] CONTEXT:  PL/pgSQL function enforce_authorization_identity() line 4 at RAISE
runtime	Stop containers	2026-10-07T00:39:56.5069023Z  2026-10-07 00:39:23.875 UTC [269] STATEMENT:  update "installation_generations" set "authorization_generation" = $1 where "shop_id" = $2 and "generation" = $3
runtime	Stop containers	2026-10-07T00:39:56.5070138Z  2026-10-07 00:39:23.892 UTC [269] ERROR:  new row for relation "installation_generations" violates check constraint "installation_generations_authorization_epoch_check"
runtime	Stop containers	2026-10-07T00:39:56.5071344Z  2026-10-07 00:39:23.892 UTC [269] DETAIL:  Failing row contains (43e5618c-a649-462d-92c0-008053c72322, 2, null, 2026-10-07 00:39:23.881345+00, 2026-10-07 00:39:23.881345+00, null, ead755ae-c4b3-4e47-89cb-3f550bc790cf, 4294967296).
runtime	Stop containers	2026-10-07T00:39:56.5072488Z  2026-10-07 00:39:23.892 UTC [269] STATEMENT:  update "installation_generations" set "authorization_epoch" = $1 where "shop_id" = $2 and "generation" = $3
runtime	Stop containers	2026-10-07T00:39:56.5073188Z  2026-10-07 00:39:27.395 UTC [197] ERROR:  activation evidence is immutable
runtime	Stop containers	2026-10-07T00:39:56.5073750Z  2026-10-07 00:39:27.395 UTC [197] CONTEXT:  PL/pgSQL function reject_activation_evidence_mutation() line 3 at RAISE
runtime	Stop containers	2026-10-07T00:39:56.5074447Z  2026-10-07 00:39:27.395 UTC [197] STATEMENT:  UPDATE m5_activation_evidence SET evidence='{}'::jsonb WHERE shop_id=$1
runtime	Stop containers	2026-10-07T00:39:56.5075013Z  2026-10-07 00:39:27.396 UTC [197] ERROR:  activation evidence is immutable
runtime	Stop containers	2026-10-07T00:39:56.5075713Z  2026-10-07 00:39:27.396 UTC [197] CONTEXT:  PL/pgSQL function reject_activation_evidence_mutation() line 3 at RAISE
runtime	Stop containers	2026-10-07T00:39:56.5076348Z  2026-10-07 00:39:27.396 UTC [197] STATEMENT:  DELETE FROM m5_activation_evidence WHERE shop_id=$1
runtime	Stop containers	2026-10-07T00:39:56.5076835Z  2026-10-07 00:39:28.222 UTC [282] ERROR:  synthetic activation crash
runtime	Stop containers	2026-10-07T00:39:56.5077332Z  2026-10-07 00:39:28.222 UTC [282] CONTEXT:  PL/pgSQL function m5_test_activation_fail() line 3 at RAISE
runtime	Stop containers	2026-10-07T00:39:56.5078116Z  2026-10-07 00:39:28.222 UTC [282] STATEMENT:  update "publication_operations" set "status" = $1, "activated_at" = $2 where "shop_id" = $3 and "operation_id" = $4
runtime	Stop containers	2026-10-07T00:39:56.5079063Z  2026-10-07 00:39:28.795 UTC [197] ERROR:  new row for relation "m5_availability_resolutions" violates check constraint "m5_014_resolution_v2_hold_audit"
runtime	Stop containers	2026-10-07T00:39:56.5080794Z  2026-10-07 00:39:28.795 UTC [197] DETAIL:  Failing row contains (ea91487d-56b1-4120-bdd2-55efc2d0695a, ca1a0e22-89f8-4b48-b3d8-bc36ff8274fd, 52403772-3a80-43bc-993f-f384b0c4e85c, resolution-json-guard, a1def89e760e69f2985b56c5fd65a27cc348c2517f8b09ea9d101a920830dab9, {"shopId": "ea91487d-56b1-4120-bdd2-55efc2d0695a", "outcome": "O..., 2026-10-07 00:39:28.7953+00).
runtime	Stop containers	2026-10-07T00:39:56.5082613Z  2026-10-07 00:39:28.795 UTC [197] STATEMENT:  INSERT INTO m5_availability_resolutions(shop_id,config_id,operation_id,command_key,resolution_digest,resolution) VALUES ($1,$2,$3,$4,$5,$6::jsonb)
runtime	Stop containers	2026-10-07T00:39:56.5083676Z  2026-10-07 00:39:28.797 UTC [197] ERROR:  new row for relation "m5_availability_resolutions" violates check constraint "m5_014_resolution_v2_hold_audit"
runtime	Stop containers	2026-10-07T00:39:56.5085457Z  2026-10-07 00:39:28.797 UTC [197] DETAIL:  Failing row contains (ea91487d-56b1-4120-bdd2-55efc2d0695a, ca1a0e22-89f8-4b48-b3d8-bc36ff8274fd, 52403772-3a80-43bc-993f-f384b0c4e85c, resolution-json-guard, 36a9b41632d5c573720f8a90ca25c7266713bc79b4a41633bb6b8c33d163c62a, {"shopId": "ea91487d-56b1-4120-bdd2-55efc2d0695a", "outcome": "O..., 2026-10-07 00:39:28.796685+00).
runtime	Stop containers	2026-10-07T00:39:56.5087268Z  2026-10-07 00:39:28.797 UTC [197] STATEMENT:  INSERT INTO m5_availability_resolutions(shop_id,config_id,operation_id,command_key,resolution_digest,resolution) VALUES ($1,$2,$3,$4,$5,$6::jsonb)
runtime	Stop containers	2026-10-07T00:39:56.5088326Z  2026-10-07 00:39:28.798 UTC [197] ERROR:  new row for relation "m5_availability_resolutions" violates check constraint "m5_014_resolution_v2_hold_audit"
runtime	Stop containers	2026-10-07T00:39:56.5090121Z  2026-10-07 00:39:28.798 UTC [197] DETAIL:  Failing row contains (ea91487d-56b1-4120-bdd2-55efc2d0695a, ca1a0e22-89f8-4b48-b3d8-bc36ff8274fd, 52403772-3a80-43bc-993f-f384b0c4e85c, resolution-json-guard, 11b4cbdbfbdd4f0aa64492bed878526e7df7990287668a9303cbd306c5ef38cc, {"shopId": "ea91487d-56b1-4120-bdd2-55efc2d0695a", "outcome": "O..., 2026-10-07 00:39:28.797955+00).
runtime	Stop containers	2026-10-07T00:39:56.5091935Z  2026-10-07 00:39:28.798 UTC [197] STATEMENT:  INSERT INTO m5_availability_resolutions(shop_id,config_id,operation_id,command_key,resolution_digest,resolution) VALUES ($1,$2,$3,$4,$5,$6::jsonb)
runtime	Stop containers	2026-10-07T00:39:56.5093098Z  2026-10-07 00:39:28.799 UTC [197] ERROR:  new row for relation "m5_availability_resolutions" violates check constraint "m5_014_resolution_v2_hold_audit"
runtime	Stop containers	2026-10-07T00:39:56.5094762Z  2026-10-07 00:39:28.799 UTC [197] DETAIL:  Failing row contains (ea91487d-56b1-4120-bdd2-55efc2d0695a, ca1a0e22-89f8-4b48-b3d8-bc36ff8274fd, 52403772-3a80-43bc-993f-f384b0c4e85c, resolution-json-guard, eca08f9081330723cb5206f8dc4e2f48a964e0efd241784dbc1f51a97b2b7ba7, {"shopId": "ea91487d-56b1-4120-bdd2-55efc2d0695a", "outcome": "O..., 2026-10-07 00:39:28.799208+00).
runtime	Stop containers	2026-10-07T00:39:56.5096696Z  2026-10-07 00:39:28.799 UTC [197] STATEMENT:  INSERT INTO m5_availability_resolutions(shop_id,config_id,operation_id,command_key,resolution_digest,resolution) VALUES ($1,$2,$3,$4,$5,$6::jsonb)
runtime	Stop containers	2026-10-07T00:39:56.5097760Z  2026-10-07 00:39:28.800 UTC [197] ERROR:  new row for relation "m5_availability_resolutions" violates check constraint "m5_014_resolution_v2_hold_audit"
runtime	Stop containers	2026-10-07T00:39:56.5099424Z  2026-10-07 00:39:28.800 UTC [197] DETAIL:  Failing row contains (ea91487d-56b1-4120-bdd2-55efc2d0695a, ca1a0e22-89f8-4b48-b3d8-bc36ff8274fd, 52403772-3a80-43bc-993f-f384b0c4e85c, resolution-json-guard, 259311d553e40af3ee18d552b3a2eed2fe93ad02cc42f83daf5f9abf0cf2ac38, {"shopId": "ea91487d-56b1-4120-bdd2-55efc2d0695a", "outcome": "O..., 2026-10-07 00:39:28.800455+00).
runtime	Stop containers	2026-10-07T00:39:56.5101240Z  2026-10-07 00:39:28.800 UTC [197] STATEMENT:  INSERT INTO m5_availability_resolutions(shop_id,config_id,operation_id,command_key,resolution_digest,resolution) VALUES ($1,$2,$3,$4,$5,$6::jsonb)
runtime	Stop containers	2026-10-07T00:39:56.5102289Z  2026-10-07 00:39:28.802 UTC [197] ERROR:  new row for relation "m5_availability_resolutions" violates check constraint "m5_014_resolution_v2_hold_audit"
runtime	Stop containers	2026-10-07T00:39:56.5103958Z  2026-10-07 00:39:28.802 UTC [197] DETAIL:  Failing row contains (ea91487d-56b1-4120-bdd2-55efc2d0695a, ca1a0e22-89f8-4b48-b3d8-bc36ff8274fd, 52403772-3a80-43bc-993f-f384b0c4e85c, resolution-json-guard, 6add12e53dda69aaa3e84feeb44e17a086d24a81d0430c5bd3db3cdef59efb35, {"shopId": "ea91487d-56b1-4120-bdd2-55efc2d0695a", "outcome": "O..., 2026-10-07 00:39:28.801701+00).
runtime	Stop containers	2026-10-07T00:39:56.5105879Z  2026-10-07 00:39:28.802 UTC [197] STATEMENT:  INSERT INTO m5_availability_resolutions(shop_id,config_id,operation_id,command_key,resolution_digest,resolution) VALUES ($1,$2,$3,$4,$5,$6::jsonb)
runtime	Stop containers	2026-10-07T00:39:56.5106787Z  2026-10-07 00:39:30.515 UTC [197] ERROR:  availability disposition requires immutable resolved evidence
runtime	Stop containers	2026-10-07T00:39:56.5107458Z  2026-10-07 00:39:30.515 UTC [197] CONTEXT:  PL/pgSQL function enforce_availability_resolution_marker() line 16 at RAISE
runtime	Stop containers	2026-10-07T00:39:56.5108276Z  2026-10-07 00:39:30.515 UTC [197] STATEMENT:  UPDATE publication_operations SET availability_resolved_at=NULL WHERE shop_id=$1 AND operation_id=$2
runtime	Stop containers	2026-10-07T00:39:56.5108990Z  2026-10-07 00:39:30.517 UTC [197] ERROR:  terminal publication operation is immutable
runtime	Stop containers	2026-10-07T00:39:56.5109561Z  2026-10-07 00:39:30.517 UTC [197] CONTEXT:  PL/pgSQL function enforce_publication_transition() line 13 at RAISE
runtime	Stop containers	2026-10-07T00:39:56.5110348Z  2026-10-07 00:39:30.517 UTC [197] STATEMENT:  UPDATE publication_operations SET failure_class='rewrite-history' WHERE shop_id=$1 AND operation_id=$2
runtime	Stop containers	2026-10-07T00:39:56.5111024Z  2026-10-07 00:39:30.517 UTC [197] ERROR:  activation evidence is immutable
runtime	Stop containers	2026-10-07T00:39:56.5111696Z  2026-10-07 00:39:30.517 UTC [197] CONTEXT:  PL/pgSQL function reject_activation_evidence_mutation() line 3 at RAISE
runtime	Stop containers	2026-10-07T00:39:56.5112482Z  2026-10-07 00:39:30.517 UTC [197] STATEMENT:  UPDATE m5_availability_resolutions SET resolution=resolution WHERE shop_id=$1 AND operation_id=$2
runtime	Stop containers	2026-10-07T00:39:56.5113135Z  2026-10-07 00:39:30.518 UTC [197] ERROR:  activation evidence is immutable
runtime	Stop containers	2026-10-07T00:39:56.5113683Z  2026-10-07 00:39:30.518 UTC [197] CONTEXT:  PL/pgSQL function reject_activation_evidence_mutation() line 3 at RAISE
runtime	Stop containers	2026-10-07T00:39:56.5114532Z  2026-10-07 00:39:30.518 UTC [197] STATEMENT:  DELETE FROM m5_availability_resolutions WHERE shop_id=$1 AND operation_id=$2
runtime	Stop containers	2026-10-07T00:39:56.5115112Z  2026-10-07 00:39:54.229 UTC [378] ERROR:  config revisions are immutable
runtime	Stop containers	2026-10-07T00:39:56.5115778Z  2026-10-07 00:39:54.229 UTC [378] CONTEXT:  PL/pgSQL function reject_revision_mutation() line 3 at RAISE
runtime	Stop containers	2026-10-07T00:39:56.5116528Z  2026-10-07 00:39:54.229 UTC [378] STATEMENT:  UPDATE config_revision_presentation SET presentation_value=$1 WHERE shop_id=$2 AND revision_id=$3
runtime	Stop containers	2026-10-07T00:39:56.5117207Z  2026-10-07 00:39:55.365 UTC [73] LOG:  checkpoint starting: immediate force wait
runtime	Stop containers	2026-10-07T00:39:56.5118371Z  2026-10-07 00:39:55.396 UTC [73] LOG:  checkpoint complete: wrote 904 buffers (5.5%), wrote 4 SLRU buffers; 0 WAL file(s) added, 0 removed, 1 recycled; write=0.008 s, sync=0.022 s, total=0.032 s; sync files=332, longest=0.001 s, average=0.001 s; distance=14285 kB, estimate=14285 kB; lsn=0/29952B8, redo lsn=0/2995260
runtime	Stop containers	2026-10-07T00:39:56.5119471Z  This user must also own the server process.
runtime	Stop containers	2026-10-07T00:39:56.5119735Z
runtime	Stop containers	2026-10-07T00:39:56.5119999Z  The database cluster will be initialized with locale "en_US.utf8".
runtime	Stop containers	2026-10-07T00:39:56.5120433Z  The default database encoding has accordingly been set to "UTF8".
runtime	Stop containers	2026-10-07T00:39:56.5120848Z  The default text search configuration will be set to "english".
runtime	Stop containers	2026-10-07T00:39:56.5121171Z
runtime	Stop containers	2026-10-07T00:39:56.5121351Z  Data page checksums are enabled.
runtime	Stop containers	2026-10-07T00:39:56.5121580Z
runtime	Stop containers	2026-10-07T00:39:56.5121872Z  fixing permissions on existing directory /var/lib/postgresql/18/docker ... ok
runtime	Stop containers	2026-10-07T00:39:56.5122273Z  creating subdirectories ... ok
runtime	Stop containers	2026-10-07T00:39:56.5122576Z  selecting dynamic shared memory implementation ... posix
runtime	Stop containers	2026-10-07T00:39:56.5122923Z  selecting default "max_connections" ... 100
runtime	Stop containers	2026-10-07T00:39:56.5123222Z  selecting default "shared_buffers" ... 128MB
runtime	Stop containers	2026-10-07T00:39:56.5123516Z  selecting default time zone ... Etc/UTC
runtime	Stop containers	2026-10-07T00:39:56.5123791Z  creating configuration files ... ok
runtime	Stop containers	2026-10-07T00:39:56.5124055Z  running bootstrap script ... ok
runtime	Stop containers	2026-10-07T00:39:56.5124333Z  performing post-bootstrap initialization ... ok
runtime	Stop containers	2026-10-07T00:39:56.5124630Z  syncing data to disk ... ok
runtime	Stop containers	2026-10-07T00:39:56.5124856Z
runtime	Stop containers	2026-10-07T00:39:56.5125018Z
runtime	Stop containers	2026-10-07T00:39:56.5125229Z  Success. You can now start the database server using:
runtime	Stop containers	2026-10-07T00:39:56.5125630Z
runtime	Stop containers	2026-10-07T00:39:56.5125867Z      pg_ctl -D /var/lib/postgresql/18/docker -l logfile start
runtime	Stop containers	2026-10-07T00:39:56.5126174Z
runtime	Stop containers	2026-10-07T00:39:56.5126807Z  waiting for server to start....2026-10-07 00:38:14.326 UTC [53] LOG:  starting PostgreSQL 18.6 (Debian 18.6-1.pgdg13+2) on x86_64-pc-linux-gnu, compiled by gcc (Debian 14.2.0-19) 14.2.0, 64-bit
runtime	Stop containers	2026-10-07T00:39:56.5127678Z  2026-10-07 00:38:14.327 UTC [53] LOG:  listening on Unix socket "/var/run/postgresql/.s.PGSQL.5432"
runtime	Stop containers	2026-10-07T00:39:56.5128237Z  2026-10-07 00:38:14.330 UTC [59] LOG:  database system was shut down at 2026-10-07 00:38:14 UTC
runtime	Stop containers	2026-10-07T00:39:56.5128741Z  2026-10-07 00:38:14.332 UTC [53] LOG:  database system is ready to accept connections
runtime	Stop containers	2026-10-07T00:39:56.5129103Z   done
runtime	Stop containers	2026-10-07T00:39:56.5129277Z  server started
runtime	Stop containers	2026-10-07T00:39:56.5129467Z  CREATE DATABASE
runtime	Stop containers	2026-10-07T00:39:56.5129645Z
runtime	Stop containers	2026-10-07T00:39:56.5129798Z
runtime	Stop containers	2026-10-07T00:39:56.5130090Z  /usr/local/bin/docker-entrypoint.sh: ignoring /docker-entrypoint-initdb.d/*
runtime	Stop containers	2026-10-07T00:39:56.5130471Z
runtime	Stop containers	2026-10-07T00:39:56.5130935Z  waiting for server to shut down...2026-10-07 00:38:14.520 UTC [53] LOG:  received fast shutdown request
runtime	Stop containers	2026-10-07T00:39:56.5131458Z  .2026-10-07 00:38:14.521 UTC [53] LOG:  aborting any active transactions
runtime	Stop containers	2026-10-07T00:39:56.5132022Z  2026-10-07 00:38:14.523 UTC [53] LOG:  background worker "logical replication launcher" (PID 62) exited with exit code 1
runtime	Stop containers	2026-10-07T00:39:56.5132553Z  2026-10-07 00:38:14.524 UTC [57] LOG:  shutting down
runtime	Stop containers	2026-10-07T00:39:56.5132930Z  2026-10-07 00:38:14.524 UTC [57] LOG:  checkpoint starting: shutdown immediate
runtime	Stop containers	2026-10-07T00:39:56.5134186Z  2026-10-07 00:38:14.539 UTC [57] LOG:  checkpoint complete: wrote 943 buffers (5.8%), wrote 3 SLRU buffers; 0 WAL file(s) added, 0 removed, 0 recycled; write=0.013 s, sync=0.002 s, total=0.016 s; sync files=303, longest=0.001 s, average=0.001 s; distance=4352 kB, estimate=4352 kB; lsn=0/1BA1BE8, redo lsn=0/1BA1BE8
runtime	Stop containers	2026-10-07T00:39:56.5135428Z  2026-10-07 00:38:14.550 UTC [53] LOG:  database system is shut down
runtime	Stop containers	2026-10-07T00:39:56.5135773Z   done
runtime	Stop containers	2026-10-07T00:39:56.5135947Z  server stopped
runtime	Stop containers	2026-10-07T00:39:56.5136127Z
runtime	Stop containers	2026-10-07T00:39:56.5136347Z  PostgreSQL init process complete; ready for start up.
runtime	Stop containers	2026-10-07T00:39:56.5136636Z
runtime	Stop containers	2026-10-07T00:39:56.5142198Z Stop and remove container: 60379d9fe4da4abe86232ac4a98bf39b_postgres18_3fa3dd
runtime	Stop containers	2026-10-07T00:39:56.5147286Z ##[command]/usr/bin/docker rm --force b993435e295c3f8dbaed475cf1808c81ce5548238f80fe261e29677d36d654ac
runtime	Stop containers	2026-10-07T00:39:56.6580977Z b993435e295c3f8dbaed475cf1808c81ce5548238f80fe261e29677d36d654ac
runtime	Stop containers	2026-10-07T00:39:56.6608782Z Remove container network: github_network_f6f5835860d741ca86141b57343e6372
runtime	Stop containers	2026-10-07T00:39:56.6613161Z ##[command]/usr/bin/docker network rm github_network_f6f5835860d741ca86141b57343e6372
runtime	Stop containers	2026-10-07T00:39:56.7468363Z github_network_f6f5835860d741ca86141b57343e6372
runtime	Complete job	﻿2026-10-07T00:39:56.7534854Z Cleaning up orphan processes
runtime	Complete job	2026-10-07T00:39:56.7894181Z ##[warning]Node.js 20 is deprecated. The following actions target Node.js 20 but are being forced to run on Node.js 24: actions/checkout@11bd71901bbe5b1630ceea73d27597364c9af683, actions/setup-node@49933ea5288caeca8642d1e84afbd3f7d6820020. For more information see: https://github.blog/changelog/2025-09-19-deprecation-of-node-20-on-github-actions-runners/
