runtime	Set up job	﻿2026-10-07T00:08:11.7029082Z Current runner version: '2.337.0'
runtime	Set up job	2026-10-07T00:08:11.7055982Z ##[group]Runner Image Provisioner
runtime	Set up job	2026-10-07T00:08:11.7056886Z Hosted Compute Agent
runtime	Set up job	2026-10-07T00:08:11.7057571Z Version: 20260901.588
runtime	Set up job	2026-10-07T00:08:11.7058256Z Commit: f88ec8081b781fac6c440065ac7ff9e710ce3d0b
runtime	Set up job	2026-10-07T00:08:11.7059026Z Build Date: 2026-09-01T19:56:44Z
runtime	Set up job	2026-10-07T00:08:11.7059766Z Worker ID: {66ece52a-be64-48fd-9408-e49d799393d4}
runtime	Set up job	2026-10-07T00:08:11.7060491Z Azure Region: westus
runtime	Set up job	2026-10-07T00:08:11.7061049Z ##[endgroup]
runtime	Set up job	2026-10-07T00:08:11.7062581Z ##[group]Operating System
runtime	Set up job	2026-10-07T00:08:11.7063294Z Ubuntu
runtime	Set up job	2026-10-07T00:08:11.7063937Z 24.04.5
runtime	Set up job	2026-10-07T00:08:11.7064457Z LTS
runtime	Set up job	2026-10-07T00:08:11.7064955Z ##[endgroup]
runtime	Set up job	2026-10-07T00:08:11.7065823Z ##[group]Runner Image
runtime	Set up job	2026-10-07T00:08:11.7066514Z Image: ubuntu-24.04
runtime	Set up job	2026-10-07T00:08:11.7067192Z Version: 20260927.320.1
runtime	Set up job	2026-10-07T00:08:11.7068304Z Included Software: https://github.com/actions/runner-images/blob/ubuntu24/20260927.320/images/ubuntu/Ubuntu2404-Readme.md
runtime	Set up job	2026-10-07T00:08:11.7070121Z Image Release: https://github.com/actions/runner-images/releases/tag/ubuntu24%2F20260927.320
runtime	Set up job	2026-10-07T00:08:11.7071129Z ##[endgroup]
runtime	Set up job	2026-10-07T00:08:11.7072301Z ##[group]GITHUB_TOKEN Permissions
runtime	Set up job	2026-10-07T00:08:11.7074172Z Contents: read
runtime	Set up job	2026-10-07T00:08:11.7074891Z Metadata: read
runtime	Set up job	2026-10-07T00:08:11.7075755Z ##[endgroup]
runtime	Set up job	2026-10-07T00:08:11.7077950Z Secret source: Actions
runtime	Set up job	2026-10-07T00:08:11.7079059Z Cache mode: write
runtime	Set up job	2026-10-07T00:08:11.7079755Z Prepare workflow directory
runtime	Set up job	2026-10-07T00:08:11.7585380Z Prepare all required actions
runtime	Set up job	2026-10-07T00:08:11.7634440Z Getting action download info
runtime	Set up job	2026-10-07T00:08:12.1080064Z Download action repository 'actions/checkout@11bd71901bbe5b1630ceea73d27597364c9af683' (SHA:11bd71901bbe5b1630ceea73d27597364c9af683)
runtime	Set up job	2026-10-07T00:08:12.5625060Z Download action repository 'actions/setup-node@49933ea5288caeca8642d1e84afbd3f7d6820020' (SHA:49933ea5288caeca8642d1e84afbd3f7d6820020)
runtime	Set up job	2026-10-07T00:08:12.8487022Z Complete job name: runtime
runtime	Initialize containers	﻿2026-10-07T00:08:12.9057107Z ##[group]Checking docker version
runtime	Initialize containers	2026-10-07T00:08:12.9070537Z ##[command]/usr/bin/docker version --format '{{.Server.APIVersion}}'
runtime	Initialize containers	2026-10-07T00:08:14.2946137Z '1.48'
runtime	Initialize containers	2026-10-07T00:08:14.2958837Z Docker daemon API version: '1.48'
runtime	Initialize containers	2026-10-07T00:08:14.2960074Z ##[command]/usr/bin/docker version --format '{{.Client.APIVersion}}'
runtime	Initialize containers	2026-10-07T00:08:14.3222493Z '1.48'
runtime	Initialize containers	2026-10-07T00:08:14.3238295Z Docker client API version: '1.48'
runtime	Initialize containers	2026-10-07T00:08:14.3245177Z ##[endgroup]
runtime	Initialize containers	2026-10-07T00:08:14.3249115Z ##[group]Clean up resources from previous jobs
runtime	Initialize containers	2026-10-07T00:08:14.3255348Z ##[command]/usr/bin/docker ps --all --quiet --no-trunc --filter "label=9c8681"
runtime	Initialize containers	2026-10-07T00:08:14.3456740Z ##[command]/usr/bin/docker network prune --force --filter "label=9c8681"
runtime	Initialize containers	2026-10-07T00:08:14.3601583Z ##[endgroup]
runtime	Initialize containers	2026-10-07T00:08:14.3602842Z ##[group]Create local container network
runtime	Initialize containers	2026-10-07T00:08:14.3614798Z ##[command]/usr/bin/docker network create --label 9c8681 github_network_5ec6395d14434e08bed3d287470c8f7b
runtime	Initialize containers	2026-10-07T00:08:14.4129685Z 232f8e8ee3c67dac1494598cf8b0cca2a5190431649b182787e2921d2990ab69
runtime	Initialize containers	2026-10-07T00:08:14.4153662Z ##[endgroup]
runtime	Initialize containers	2026-10-07T00:08:14.4181476Z ##[group]Starting postgres service container
runtime	Initialize containers	2026-10-07T00:08:14.4204215Z ##[command]/usr/bin/docker pull postgres:18
runtime	Initialize containers	2026-10-07T00:08:15.4110149Z 18: Pulling from library/postgres
runtime	Initialize containers	2026-10-07T00:08:15.7108314Z ecc510c1e359: Pulling fs layer
runtime	Initialize containers	2026-10-07T00:08:15.7109120Z 4a3cafbebf6d: Pulling fs layer
runtime	Initialize containers	2026-10-07T00:08:15.7109785Z 28ced28a309b: Pulling fs layer
runtime	Initialize containers	2026-10-07T00:08:15.7110329Z ab69e2551985: Pulling fs layer
runtime	Initialize containers	2026-10-07T00:08:15.7110859Z 1f04dfa92b9f: Pulling fs layer
runtime	Initialize containers	2026-10-07T00:08:15.7111186Z 5a487c9461a5: Pulling fs layer
runtime	Initialize containers	2026-10-07T00:08:15.7111509Z e0d4a6e58470: Pulling fs layer
runtime	Initialize containers	2026-10-07T00:08:15.7111810Z 496ce2ef5b2f: Pulling fs layer
runtime	Initialize containers	2026-10-07T00:08:15.7112234Z c8145e79cc2b: Pulling fs layer
runtime	Initialize containers	2026-10-07T00:08:15.7112849Z 06ea90d3bcc9: Pulling fs layer
runtime	Initialize containers	2026-10-07T00:08:15.7113300Z dc25540d793f: Pulling fs layer
runtime	Initialize containers	2026-10-07T00:08:15.7113598Z 7967f593457f: Pulling fs layer
runtime	Initialize containers	2026-10-07T00:08:15.7114362Z d23c975c4693: Pulling fs layer
runtime	Initialize containers	2026-10-07T00:08:15.7114742Z e0d4a6e58470: Waiting
runtime	Initialize containers	2026-10-07T00:08:15.7115101Z ab69e2551985: Waiting
runtime	Initialize containers	2026-10-07T00:08:15.7115361Z 496ce2ef5b2f: Waiting
runtime	Initialize containers	2026-10-07T00:08:15.7116038Z 1f04dfa92b9f: Waiting
runtime	Initialize containers	2026-10-07T00:08:15.7116467Z c8145e79cc2b: Waiting
runtime	Initialize containers	2026-10-07T00:08:15.7116724Z 06ea90d3bcc9: Waiting
runtime	Initialize containers	2026-10-07T00:08:15.7116977Z dc25540d793f: Waiting
runtime	Initialize containers	2026-10-07T00:08:15.7117214Z 7967f593457f: Waiting
runtime	Initialize containers	2026-10-07T00:08:15.7117452Z d23c975c4693: Waiting
runtime	Initialize containers	2026-10-07T00:08:15.7117702Z 5a487c9461a5: Waiting
runtime	Initialize containers	2026-10-07T00:08:15.9303711Z 4a3cafbebf6d: Verifying Checksum
runtime	Initialize containers	2026-10-07T00:08:15.9307878Z 4a3cafbebf6d: Download complete
runtime	Initialize containers	2026-10-07T00:08:15.9606434Z 28ced28a309b: Download complete
runtime	Initialize containers	2026-10-07T00:08:16.0284988Z ecc510c1e359: Verifying Checksum
runtime	Initialize containers	2026-10-07T00:08:16.0285921Z ecc510c1e359: Download complete
runtime	Initialize containers	2026-10-07T00:08:16.1597949Z ab69e2551985: Verifying Checksum
runtime	Initialize containers	2026-10-07T00:08:16.1599216Z ab69e2551985: Download complete
runtime	Initialize containers	2026-10-07T00:08:16.2167933Z 1f04dfa92b9f: Verifying Checksum
runtime	Initialize containers	2026-10-07T00:08:16.2168524Z 1f04dfa92b9f: Download complete
runtime	Initialize containers	2026-10-07T00:08:16.2600129Z 5a487c9461a5: Verifying Checksum
runtime	Initialize containers	2026-10-07T00:08:16.2601050Z 5a487c9461a5: Download complete
runtime	Initialize containers	2026-10-07T00:08:16.3799158Z e0d4a6e58470: Verifying Checksum
runtime	Initialize containers	2026-10-07T00:08:16.3801533Z e0d4a6e58470: Download complete
runtime	Initialize containers	2026-10-07T00:08:16.4370959Z 496ce2ef5b2f: Verifying Checksum
runtime	Initialize containers	2026-10-07T00:08:16.4372170Z 496ce2ef5b2f: Download complete
runtime	Initialize containers	2026-10-07T00:08:16.5969056Z 06ea90d3bcc9: Verifying Checksum
runtime	Initialize containers	2026-10-07T00:08:16.5970634Z 06ea90d3bcc9: Download complete
runtime	Initialize containers	2026-10-07T00:08:16.6475414Z dc25540d793f: Verifying Checksum
runtime	Initialize containers	2026-10-07T00:08:16.6477147Z dc25540d793f: Download complete
runtime	Initialize containers	2026-10-07T00:08:16.8304678Z 7967f593457f: Verifying Checksum
runtime	Initialize containers	2026-10-07T00:08:16.8305290Z 7967f593457f: Download complete
runtime	Initialize containers	2026-10-07T00:08:16.8686260Z d23c975c4693: Verifying Checksum
runtime	Initialize containers	2026-10-07T00:08:16.8686911Z d23c975c4693: Download complete
runtime	Initialize containers	2026-10-07T00:08:17.0347099Z c8145e79cc2b: Verifying Checksum
runtime	Initialize containers	2026-10-07T00:08:17.0348232Z c8145e79cc2b: Download complete
runtime	Initialize containers	2026-10-07T00:08:17.1774731Z ecc510c1e359: Pull complete
runtime	Initialize containers	2026-10-07T00:08:17.4811284Z 4a3cafbebf6d: Pull complete
runtime	Initialize containers	2026-10-07T00:08:17.6602422Z 28ced28a309b: Pull complete
runtime	Initialize containers	2026-10-07T00:08:17.7030123Z ab69e2551985: Pull complete
runtime	Initialize containers	2026-10-07T00:08:18.0107806Z 1f04dfa92b9f: Pull complete
runtime	Initialize containers	2026-10-07T00:08:18.0937184Z 5a487c9461a5: Pull complete
runtime	Initialize containers	2026-10-07T00:08:18.1023924Z e0d4a6e58470: Pull complete
runtime	Initialize containers	2026-10-07T00:08:18.1149373Z 496ce2ef5b2f: Pull complete
runtime	Initialize containers	2026-10-07T00:08:21.1931649Z c8145e79cc2b: Pull complete
runtime	Initialize containers	2026-10-07T00:08:21.2058099Z 06ea90d3bcc9: Pull complete
runtime	Initialize containers	2026-10-07T00:08:21.2206910Z dc25540d793f: Pull complete
runtime	Initialize containers	2026-10-07T00:08:21.2291753Z 7967f593457f: Pull complete
runtime	Initialize containers	2026-10-07T00:08:21.2397101Z d23c975c4693: Pull complete
runtime	Initialize containers	2026-10-07T00:08:21.2430479Z Digest: sha256:fc973eb97c9fd04bfa1840e0f510719a584ccb3be8debfe6a4144637a9dfe8cf
runtime	Initialize containers	2026-10-07T00:08:21.2442073Z Status: Downloaded newer image for postgres:18
runtime	Initialize containers	2026-10-07T00:08:21.2450495Z docker.io/library/postgres:18
runtime	Initialize containers	2026-10-07T00:08:21.2516185Z ##[command]/usr/bin/docker create --name 1076d5d3087148ee94b2444684da5904_postgres18_b1a51c --label 9c8681 --network github_network_5ec6395d14434e08bed3d287470c8f7b --network-alias postgres -p 5432:5432 --health-cmd "pg_isready -U insignia_test -d insignia_test" --health-interval 5s --health-timeout 5s --health-retries 10 -e "POSTGRES_USER=insignia_test" -e "POSTGRES_PASSWORD=insignia_test" -e "POSTGRES_DB=insignia_test" -e GITHUB_ACTIONS=true -e CI=true postgres:18
runtime	Initialize containers	2026-10-07T00:08:21.2821024Z b64c896fe43151fc8c90982363628560f4c784f542e153a2091d58f582f46db2
runtime	Initialize containers	2026-10-07T00:08:21.2845382Z ##[command]/usr/bin/docker start b64c896fe43151fc8c90982363628560f4c784f542e153a2091d58f582f46db2
runtime	Initialize containers	2026-10-07T00:08:22.1427639Z b64c896fe43151fc8c90982363628560f4c784f542e153a2091d58f582f46db2
runtime	Initialize containers	2026-10-07T00:08:22.1479412Z ##[command]/usr/bin/docker ps --all --filter id=b64c896fe43151fc8c90982363628560f4c784f542e153a2091d58f582f46db2 --filter status=running --no-trunc --format "{{.ID}} {{.Status}}"
runtime	Initialize containers	2026-10-07T00:08:22.1623010Z b64c896fe43151fc8c90982363628560f4c784f542e153a2091d58f582f46db2 Up Less than a second (health: starting)
runtime	Initialize containers	2026-10-07T00:08:22.1644681Z ##[command]/usr/bin/docker port b64c896fe43151fc8c90982363628560f4c784f542e153a2091d58f582f46db2
runtime	Initialize containers	2026-10-07T00:08:22.1795413Z 5432/tcp -> 0.0.0.0:5432
runtime	Initialize containers	2026-10-07T00:08:22.1796447Z 5432/tcp -> [::]:5432
runtime	Initialize containers	2026-10-07T00:08:22.1849727Z ##[endgroup]
runtime	Initialize containers	2026-10-07T00:08:22.1858749Z ##[group]Waiting for all services to be ready
runtime	Initialize containers	2026-10-07T00:08:22.1872824Z ##[command]/usr/bin/docker inspect --format="{{if .Config.Healthcheck}}{{print .State.Health.Status}}{{end}}" b64c896fe43151fc8c90982363628560f4c784f542e153a2091d58f582f46db2
runtime	Initialize containers	2026-10-07T00:08:22.2020384Z starting
runtime	Initialize containers	2026-10-07T00:08:22.2049972Z postgres service is starting, waiting 2 seconds before checking again.
runtime	Initialize containers	2026-10-07T00:08:24.2054890Z ##[command]/usr/bin/docker inspect --format="{{if .Config.Healthcheck}}{{print .State.Health.Status}}{{end}}" b64c896fe43151fc8c90982363628560f4c784f542e153a2091d58f582f46db2
runtime	Initialize containers	2026-10-07T00:08:24.2178160Z starting
runtime	Initialize containers	2026-10-07T00:08:24.2191570Z postgres service is starting, waiting 3 seconds before checking again.
runtime	Initialize containers	2026-10-07T00:08:28.2062180Z ##[command]/usr/bin/docker inspect --format="{{if .Config.Healthcheck}}{{print .State.Health.Status}}{{end}}" b64c896fe43151fc8c90982363628560f4c784f542e153a2091d58f582f46db2
runtime	Initialize containers	2026-10-07T00:08:28.2251159Z healthy
runtime	Initialize containers	2026-10-07T00:08:28.2267367Z postgres service is healthy.
runtime	Initialize containers	2026-10-07T00:08:28.2267807Z ##[endgroup]
runtime	Run actions/checkout@11bd71901bbe5b1630ceea73d27597364c9af683	﻿2026-10-07T00:08:28.2571437Z ##[group]Run actions/checkout@11bd71901bbe5b1630ceea73d27597364c9af683
runtime	Run actions/checkout@11bd71901bbe5b1630ceea73d27597364c9af683	2026-10-07T00:08:28.2572128Z with:
runtime	Run actions/checkout@11bd71901bbe5b1630ceea73d27597364c9af683	2026-10-07T00:08:28.2572332Z   fetch-depth: 0
runtime	Run actions/checkout@11bd71901bbe5b1630ceea73d27597364c9af683	2026-10-07T00:08:28.2572560Z   repository: Optidigi/insignia
runtime	Run actions/checkout@11bd71901bbe5b1630ceea73d27597364c9af683	2026-10-07T00:08:28.2575154Z   token: ***
runtime	Run actions/checkout@11bd71901bbe5b1630ceea73d27597364c9af683	2026-10-07T00:08:28.2575362Z   ssh-strict: true
runtime	Run actions/checkout@11bd71901bbe5b1630ceea73d27597364c9af683	2026-10-07T00:08:28.2575770Z   ssh-user: git
runtime	Run actions/checkout@11bd71901bbe5b1630ceea73d27597364c9af683	2026-10-07T00:08:28.2575995Z   persist-credentials: true
runtime	Run actions/checkout@11bd71901bbe5b1630ceea73d27597364c9af683	2026-10-07T00:08:28.2576224Z   clean: true
runtime	Run actions/checkout@11bd71901bbe5b1630ceea73d27597364c9af683	2026-10-07T00:08:28.2576449Z   sparse-checkout-cone-mode: true
runtime	Run actions/checkout@11bd71901bbe5b1630ceea73d27597364c9af683	2026-10-07T00:08:28.2576703Z   fetch-tags: false
runtime	Run actions/checkout@11bd71901bbe5b1630ceea73d27597364c9af683	2026-10-07T00:08:28.2576905Z   show-progress: true
runtime	Run actions/checkout@11bd71901bbe5b1630ceea73d27597364c9af683	2026-10-07T00:08:28.2577107Z   lfs: false
runtime	Run actions/checkout@11bd71901bbe5b1630ceea73d27597364c9af683	2026-10-07T00:08:28.2577288Z   submodules: false
runtime	Run actions/checkout@11bd71901bbe5b1630ceea73d27597364c9af683	2026-10-07T00:08:28.2577489Z   set-safe-directory: true
runtime	Run actions/checkout@11bd71901bbe5b1630ceea73d27597364c9af683	2026-10-07T00:08:28.2577939Z env:
runtime	Run actions/checkout@11bd71901bbe5b1630ceea73d27597364c9af683	2026-10-07T00:08:28.2578447Z   DATABASE_URL: ***localhost:5432/insignia_test?sslmode=disable
runtime	Run actions/checkout@11bd71901bbe5b1630ceea73d27597364c9af683	2026-10-07T00:08:28.2578795Z   INSIGNIA_REQUIRE_POSTGRES_TEST: 1
runtime	Run actions/checkout@11bd71901bbe5b1630ceea73d27597364c9af683	2026-10-07T00:08:28.2579041Z ##[endgroup]
runtime	Run actions/checkout@11bd71901bbe5b1630ceea73d27597364c9af683	2026-10-07T00:08:28.3582938Z Syncing repository: Optidigi/insignia
runtime	Run actions/checkout@11bd71901bbe5b1630ceea73d27597364c9af683	2026-10-07T00:08:28.3584653Z ##[group]Getting Git version info
runtime	Run actions/checkout@11bd71901bbe5b1630ceea73d27597364c9af683	2026-10-07T00:08:28.3585086Z Working directory is '/home/runner/work/insignia/insignia'
runtime	Run actions/checkout@11bd71901bbe5b1630ceea73d27597364c9af683	2026-10-07T00:08:28.3585931Z [command]/usr/bin/git version
runtime	Run actions/checkout@11bd71901bbe5b1630ceea73d27597364c9af683	2026-10-07T00:08:28.5024542Z git version 2.55.0
runtime	Run actions/checkout@11bd71901bbe5b1630ceea73d27597364c9af683	2026-10-07T00:08:28.5047622Z ##[endgroup]
runtime	Run actions/checkout@11bd71901bbe5b1630ceea73d27597364c9af683	2026-10-07T00:08:28.5064882Z Temporarily overriding HOME='/home/runner/work/_temp/caceef04-156d-458f-a317-d2edb2d513dd' before making global git config changes
runtime	Run actions/checkout@11bd71901bbe5b1630ceea73d27597364c9af683	2026-10-07T00:08:28.5066534Z Adding repository directory to the temporary git global config as a safe directory
runtime	Run actions/checkout@11bd71901bbe5b1630ceea73d27597364c9af683	2026-10-07T00:08:28.5071212Z [command]/usr/bin/git config --global --add safe.directory /home/runner/work/insignia/insignia
runtime	Run actions/checkout@11bd71901bbe5b1630ceea73d27597364c9af683	2026-10-07T00:08:28.5347207Z Deleting the contents of '/home/runner/work/insignia/insignia'
runtime	Run actions/checkout@11bd71901bbe5b1630ceea73d27597364c9af683	2026-10-07T00:08:28.5351586Z ##[group]Initializing the repository
runtime	Run actions/checkout@11bd71901bbe5b1630ceea73d27597364c9af683	2026-10-07T00:08:28.5356747Z [command]/usr/bin/git init /home/runner/work/insignia/insignia
runtime	Run actions/checkout@11bd71901bbe5b1630ceea73d27597364c9af683	2026-10-07T00:08:28.5937517Z hint: Using 'master' as the name for the initial branch. This default branch name
runtime	Run actions/checkout@11bd71901bbe5b1630ceea73d27597364c9af683	2026-10-07T00:08:28.5938422Z hint: will change to "main" in Git 3.0. To configure the initial branch name
runtime	Run actions/checkout@11bd71901bbe5b1630ceea73d27597364c9af683	2026-10-07T00:08:28.5939354Z hint: to use in all of your new repositories, which will suppress this warning,
runtime	Run actions/checkout@11bd71901bbe5b1630ceea73d27597364c9af683	2026-10-07T00:08:28.5940024Z hint: call:
runtime	Run actions/checkout@11bd71901bbe5b1630ceea73d27597364c9af683	2026-10-07T00:08:28.5940258Z hint:
runtime	Run actions/checkout@11bd71901bbe5b1630ceea73d27597364c9af683	2026-10-07T00:08:28.5940597Z hint: 	git config --global init.defaultBranch <name>
runtime	Run actions/checkout@11bd71901bbe5b1630ceea73d27597364c9af683	2026-10-07T00:08:28.5941424Z hint:
runtime	Run actions/checkout@11bd71901bbe5b1630ceea73d27597364c9af683	2026-10-07T00:08:28.5941983Z hint: Names commonly chosen instead of 'master' are 'main', 'trunk' and
runtime	Run actions/checkout@11bd71901bbe5b1630ceea73d27597364c9af683	2026-10-07T00:08:28.5942890Z hint: 'development'. The just-created branch can be renamed via this command:
runtime	Run actions/checkout@11bd71901bbe5b1630ceea73d27597364c9af683	2026-10-07T00:08:28.5943679Z hint:
runtime	Run actions/checkout@11bd71901bbe5b1630ceea73d27597364c9af683	2026-10-07T00:08:28.5944066Z hint: 	git branch -m <name>
runtime	Run actions/checkout@11bd71901bbe5b1630ceea73d27597364c9af683	2026-10-07T00:08:28.5944514Z hint:
runtime	Run actions/checkout@11bd71901bbe5b1630ceea73d27597364c9af683	2026-10-07T00:08:28.5945080Z hint: Disable this message with "git config set advice.defaultBranchName false"
runtime	Run actions/checkout@11bd71901bbe5b1630ceea73d27597364c9af683	2026-10-07T00:08:28.5946264Z Initialized empty Git repository in /home/runner/work/insignia/insignia/.git/
runtime	Run actions/checkout@11bd71901bbe5b1630ceea73d27597364c9af683	2026-10-07T00:08:28.5952718Z [command]/usr/bin/git remote add origin https://github.com/Optidigi/insignia
runtime	Run actions/checkout@11bd71901bbe5b1630ceea73d27597364c9af683	2026-10-07T00:08:28.6289271Z ##[endgroup]
runtime	Run actions/checkout@11bd71901bbe5b1630ceea73d27597364c9af683	2026-10-07T00:08:28.6289750Z ##[group]Disabling automatic garbage collection
runtime	Run actions/checkout@11bd71901bbe5b1630ceea73d27597364c9af683	2026-10-07T00:08:28.6294294Z [command]/usr/bin/git config --local gc.auto 0
runtime	Run actions/checkout@11bd71901bbe5b1630ceea73d27597364c9af683	2026-10-07T00:08:28.6332268Z ##[endgroup]
runtime	Run actions/checkout@11bd71901bbe5b1630ceea73d27597364c9af683	2026-10-07T00:08:28.6332967Z ##[group]Setting up auth
runtime	Run actions/checkout@11bd71901bbe5b1630ceea73d27597364c9af683	2026-10-07T00:08:28.6341042Z [command]/usr/bin/git config --local --name-only --get-regexp core\.sshCommand
runtime	Run actions/checkout@11bd71901bbe5b1630ceea73d27597364c9af683	2026-10-07T00:08:28.6379288Z [command]/usr/bin/git submodule foreach --recursive sh -c "git config --local --name-only --get-regexp 'core\.sshCommand' && git config --local --unset-all 'core.sshCommand' || :"
runtime	Run actions/checkout@11bd71901bbe5b1630ceea73d27597364c9af683	2026-10-07T00:08:28.8661550Z [command]/usr/bin/git config --local --name-only --get-regexp http\.https\:\/\/github\.com\/\.extraheader
runtime	Run actions/checkout@11bd71901bbe5b1630ceea73d27597364c9af683	2026-10-07T00:08:28.8706645Z [command]/usr/bin/git submodule foreach --recursive sh -c "git config --local --name-only --get-regexp 'http\.https\:\/\/github\.com\/\.extraheader' && git config --local --unset-all 'http.https://github.com/.extraheader' || :"
runtime	Run actions/checkout@11bd71901bbe5b1630ceea73d27597364c9af683	2026-10-07T00:08:28.8962181Z [command]/usr/bin/git config --local http.https://github.com/.extraheader AUTHORIZATION: basic ***
runtime	Run actions/checkout@11bd71901bbe5b1630ceea73d27597364c9af683	2026-10-07T00:08:28.9015122Z ##[endgroup]
runtime	Run actions/checkout@11bd71901bbe5b1630ceea73d27597364c9af683	2026-10-07T00:08:28.9016004Z ##[group]Fetching the repository
runtime	Run actions/checkout@11bd71901bbe5b1630ceea73d27597364c9af683	2026-10-07T00:08:28.9031846Z [command]/usr/bin/git -c protocol.version=2 fetch --prune --no-recurse-submodules origin +refs/heads/*:refs/remotes/origin/* +refs/tags/*:refs/tags/* +7ed442652f9b503747bb96b6bf54307ec297914f:refs/remotes/pull/47/merge
runtime	Run actions/checkout@11bd71901bbe5b1630ceea73d27597364c9af683	2026-10-07T00:08:30.1472264Z From https://github.com/Optidigi/insignia
runtime	Run actions/checkout@11bd71901bbe5b1630ceea73d27597364c9af683	2026-10-07T00:08:30.1473741Z  * [new branch]      continuation/public-app-auth-provider    -> origin/continuation/public-app-auth-provider
runtime	Run actions/checkout@11bd71901bbe5b1630ceea73d27597364c9af683	2026-10-07T00:08:30.1479375Z  * [new branch]      docs/pf-001r-preflight-bootstrap         -> origin/docs/pf-001r-preflight-bootstrap
runtime	Run actions/checkout@11bd71901bbe5b1630ceea73d27597364c9af683	2026-10-07T00:08:30.1480567Z  * [new branch]      docs/pf-002-readiness-closure            -> origin/docs/pf-002-readiness-closure
runtime	Run actions/checkout@11bd71901bbe5b1630ceea73d27597364c9af683	2026-10-07T00:08:30.1481816Z  * [new branch]      feat/m1-001-foundation                   -> origin/feat/m1-001-foundation
runtime	Run actions/checkout@11bd71901bbe5b1630ceea73d27597364c9af683	2026-10-07T00:08:30.1482891Z  * [new branch]      feat/m2-001-domain-pricing               -> origin/feat/m2-001-domain-pricing
runtime	Run actions/checkout@11bd71901bbe5b1630ceea73d27597364c9af683	2026-10-07T00:08:30.1484001Z  * [new branch]      feat/m3-001-postgres-durable             -> origin/feat/m3-001-postgres-durable
runtime	Run actions/checkout@11bd71901bbe5b1630ceea73d27597364c9af683	2026-10-07T00:08:30.1485067Z  * [new branch]      feat/m3-002-runtime                      -> origin/feat/m3-002-runtime
runtime	Run actions/checkout@11bd71901bbe5b1630ceea73d27597364c9af683	2026-10-07T00:08:30.1486406Z  * [new branch]      feat/m4-001-context-entitlement          -> origin/feat/m4-001-context-entitlement
runtime	Run actions/checkout@11bd71901bbe5b1630ceea73d27597364c9af683	2026-10-07T00:08:30.1487588Z  * [new branch]      feat/m4-002-accepted-quote               -> origin/feat/m4-002-accepted-quote
runtime	Run actions/checkout@11bd71901bbe5b1630ceea73d27597364c9af683	2026-10-07T00:08:30.1488666Z  * [new branch]      feat/m4-003-keys-publication             -> origin/feat/m4-003-keys-publication
runtime	Run actions/checkout@11bd71901bbe5b1630ceea73d27597364c9af683	2026-10-07T00:08:30.1489871Z  * [new branch]      feat/m5-001-admin-visualizer-publication -> origin/feat/m5-001-admin-visualizer-publication
runtime	Run actions/checkout@11bd71901bbe5b1630ceea73d27597364c9af683	2026-10-07T00:08:30.1491266Z  * [new branch]      feat/m5-002-embedded-g7-artifact-attestation -> origin/feat/m5-002-embedded-g7-artifact-attestation
runtime	Run actions/checkout@11bd71901bbe5b1630ceea73d27597364c9af683	2026-10-07T00:08:30.1492599Z  * [new branch]      feat/m5-003-activation-admission         -> origin/feat/m5-003-activation-admission
runtime	Run actions/checkout@11bd71901bbe5b1630ceea73d27597364c9af683	2026-10-07T00:08:30.1493902Z  * [new branch]      feat/m5-004-availability-qualification   -> origin/feat/m5-004-availability-qualification
runtime	Run actions/checkout@11bd71901bbe5b1630ceea73d27597364c9af683	2026-10-07T00:08:30.1495931Z  * [new branch]      feat/m5-005-scope-provenance             -> origin/feat/m5-005-scope-provenance
runtime	Run actions/checkout@11bd71901bbe5b1630ceea73d27597364c9af683	2026-10-07T00:08:30.1497277Z  * [new branch]      feat/m5-006-released-configuration-checkpoint -> origin/feat/m5-006-released-configuration-checkpoint
runtime	Run actions/checkout@11bd71901bbe5b1630ceea73d27597364c9af683	2026-10-07T00:08:30.1498551Z  * [new branch]      feat/m5-007-readonly-configuration-capture -> origin/feat/m5-007-readonly-configuration-capture
runtime	Run actions/checkout@11bd71901bbe5b1630ceea73d27597364c9af683	2026-10-07T00:08:30.1499712Z  * [new branch]      feat/m5-007r-cli-launch-boundary         -> origin/feat/m5-007r-cli-launch-boundary
runtime	Run actions/checkout@11bd71901bbe5b1630ceea73d27597364c9af683	2026-10-07T00:08:30.1500756Z  * [new branch]      feat/m5-007r4-config-capture             -> origin/feat/m5-007r4-config-capture
runtime	Run actions/checkout@11bd71901bbe5b1630ceea73d27597364c9af683	2026-10-07T00:08:30.1501743Z  * [new branch]      feat/m5-008-product-access               -> origin/feat/m5-008-product-access
runtime	Run actions/checkout@11bd71901bbe5b1630ceea73d27597364c9af683	2026-10-07T00:08:30.1502668Z  * [new branch]      feat/m5-008r-combined-release            -> origin/feat/m5-008r-combined-release
runtime	Run actions/checkout@11bd71901bbe5b1630ceea73d27597364c9af683	2026-10-07T00:08:30.1503732Z  * [new branch]      feat/m5-008s-optional-product-grant      -> origin/feat/m5-008s-optional-product-grant
runtime	Run actions/checkout@11bd71901bbe5b1630ceea73d27597364c9af683	2026-10-07T00:08:30.1505123Z  * [new branch]      feat/m5-009-availability-qualification   -> origin/feat/m5-009-availability-qualification
runtime	Run actions/checkout@11bd71901bbe5b1630ceea73d27597364c9af683	2026-10-07T00:08:30.1506479Z  * [new branch]      feat/m5-010-publication-read-qualification -> origin/feat/m5-010-publication-read-qualification
runtime	Run actions/checkout@11bd71901bbe5b1630ceea73d27597364c9af683	2026-10-07T00:08:30.1507334Z  * [new branch]      feat/m5-011-published-state-adjudication -> origin/feat/m5-011-published-state-adjudication
runtime	Run actions/checkout@11bd71901bbe5b1630ceea73d27597364c9af683	2026-10-07T00:08:30.1508061Z  * [new branch]      feat/m5-012-publication-intent-cleanup   -> origin/feat/m5-012-publication-intent-cleanup
runtime	Run actions/checkout@11bd71901bbe5b1630ceea73d27597364c9af683	2026-10-07T00:08:30.1508982Z  * [new branch]      feat/m5-013-disposable-cleanup           -> origin/feat/m5-013-disposable-cleanup
runtime	Run actions/checkout@11bd71901bbe5b1630ceea73d27597364c9af683	2026-10-07T00:08:30.1509610Z  * [new branch]      feat/m5-014-availability-hold-v2         -> origin/feat/m5-014-availability-hold-v2
runtime	Run actions/checkout@11bd71901bbe5b1630ceea73d27597364c9af683	2026-10-07T00:08:30.1510280Z  * [new branch]      feat/m5-015-live-v2-qualification        -> origin/feat/m5-015-live-v2-qualification
runtime	Run actions/checkout@11bd71901bbe5b1630ceea73d27597364c9af683	2026-10-07T00:08:30.1510927Z  * [new branch]      feat/m5-015r-live-v2-qualification       -> origin/feat/m5-015r-live-v2-qualification
runtime	Run actions/checkout@11bd71901bbe5b1630ceea73d27597364c9af683	2026-10-07T00:08:30.1511567Z  * [new branch]      feat/m5-016-publication-coverage         -> origin/feat/m5-016-publication-coverage
runtime	Run actions/checkout@11bd71901bbe5b1630ceea73d27597364c9af683	2026-10-07T00:08:30.1512082Z  * [new branch]      main                                     -> origin/main
runtime	Run actions/checkout@11bd71901bbe5b1630ceea73d27597364c9af683	2026-10-07T00:08:30.1512584Z  * [new branch]      setup/new-public-app                     -> origin/setup/new-public-app
runtime	Run actions/checkout@11bd71901bbe5b1630ceea73d27597364c9af683	2026-10-07T00:08:30.1513224Z  * [new branch]      spike/m0-001-same-variant                -> origin/spike/m0-001-same-variant
runtime	Run actions/checkout@11bd71901bbe5b1630ceea73d27597364c9af683	2026-10-07T00:08:30.1513801Z  * [new branch]      spike/m0-002-real-lifecycle              -> origin/spike/m0-002-real-lifecycle
runtime	Run actions/checkout@11bd71901bbe5b1630ceea73d27597364c9af683	2026-10-07T00:08:30.1514748Z  * [new branch]      spike/m0-003-fulfillment-diagnosis       -> origin/spike/m0-003-fulfillment-diagnosis
runtime	Run actions/checkout@11bd71901bbe5b1630ceea73d27597364c9af683	2026-10-07T00:08:30.1516477Z  * [new branch]      spike/m0-003r-native-outcome             -> origin/spike/m0-003r-native-outcome
runtime	Run actions/checkout@11bd71901bbe5b1630ceea73d27597364c9af683	2026-10-07T00:08:30.1517430Z  * [new branch]      spike/m0-004-local-authorization         -> origin/spike/m0-004-local-authorization
runtime	Run actions/checkout@11bd71901bbe5b1630ceea73d27597364c9af683	2026-10-07T00:08:30.1518093Z  * [new branch]      spike/m0-005-whole-quote                 -> origin/spike/m0-005-whole-quote
runtime	Run actions/checkout@11bd71901bbe5b1630ceea73d27597364c9af683	2026-10-07T00:08:30.1518668Z  * [new branch]      spike/m0-006-live-carrier                -> origin/spike/m0-006-live-carrier
runtime	Run actions/checkout@11bd71901bbe5b1630ceea73d27597364c9af683	2026-10-07T00:08:30.1519293Z  * [new branch]      spike/m0-007-policy-boundary             -> origin/spike/m0-007-policy-boundary
runtime	Run actions/checkout@11bd71901bbe5b1630ceea73d27597364c9af683	2026-10-07T00:08:30.1519939Z  * [new branch]      spike/m0-008-publication-recovery        -> origin/spike/m0-008-publication-recovery
runtime	Run actions/checkout@11bd71901bbe5b1630ceea73d27597364c9af683	2026-10-07T00:08:30.1520596Z  * [new branch]      spike/m0-009-embedded-admin              -> origin/spike/m0-009-embedded-admin
runtime	Run actions/checkout@11bd71901bbe5b1630ceea73d27597364c9af683	2026-10-07T00:08:30.1521186Z  * [new branch]      spike/m0-010-hybrid-billing              -> origin/spike/m0-010-hybrid-billing
runtime	Run actions/checkout@11bd71901bbe5b1630ceea73d27597364c9af683	2026-10-07T00:08:30.1521798Z  * [new branch]      spike/m0-011-provider-transport          -> origin/spike/m0-011-provider-transport
runtime	Run actions/checkout@11bd71901bbe5b1630ceea73d27597364c9af683	2026-10-07T00:08:30.1522686Z  * [new branch]      spike/m0-012-real-contract               -> origin/spike/m0-012-real-contract
runtime	Run actions/checkout@11bd71901bbe5b1630ceea73d27597364c9af683	2026-10-07T00:08:30.1523284Z  * [new branch]      spike/m0-013-protocol-capacity           -> origin/spike/m0-013-protocol-capacity
runtime	Run actions/checkout@11bd71901bbe5b1630ceea73d27597364c9af683	2026-10-07T00:08:30.1523934Z  * [new branch]      spike/m0-014-public-app-checkout         -> origin/spike/m0-014-public-app-checkout
runtime	Run actions/checkout@11bd71901bbe5b1630ceea73d27597364c9af683	2026-10-07T00:08:30.1524481Z  * [new ref]         7ed442652f9b503747bb96b6bf54307ec297914f -> pull/47/merge
runtime	Run actions/checkout@11bd71901bbe5b1630ceea73d27597364c9af683	2026-10-07T00:08:30.1525768Z ##[endgroup]
runtime	Run actions/checkout@11bd71901bbe5b1630ceea73d27597364c9af683	2026-10-07T00:08:30.1526183Z ##[group]Determining the checkout info
runtime	Run actions/checkout@11bd71901bbe5b1630ceea73d27597364c9af683	2026-10-07T00:08:30.1526614Z ##[endgroup]
runtime	Run actions/checkout@11bd71901bbe5b1630ceea73d27597364c9af683	2026-10-07T00:08:30.1526839Z [command]/usr/bin/git sparse-checkout disable
runtime	Run actions/checkout@11bd71901bbe5b1630ceea73d27597364c9af683	2026-10-07T00:08:30.1712945Z [command]/usr/bin/git config --local --unset-all extensions.worktreeConfig
runtime	Run actions/checkout@11bd71901bbe5b1630ceea73d27597364c9af683	2026-10-07T00:08:30.1749149Z ##[group]Checking out the ref
runtime	Run actions/checkout@11bd71901bbe5b1630ceea73d27597364c9af683	2026-10-07T00:08:30.1754138Z [command]/usr/bin/git checkout --progress --force refs/remotes/pull/47/merge
runtime	Run actions/checkout@11bd71901bbe5b1630ceea73d27597364c9af683	2026-10-07T00:08:30.3826609Z Note: switching to 'refs/remotes/pull/47/merge'.
runtime	Run actions/checkout@11bd71901bbe5b1630ceea73d27597364c9af683	2026-10-07T00:08:30.3826940Z
runtime	Run actions/checkout@11bd71901bbe5b1630ceea73d27597364c9af683	2026-10-07T00:08:30.3827175Z You are in 'detached HEAD' state. You can look around, make experimental
runtime	Run actions/checkout@11bd71901bbe5b1630ceea73d27597364c9af683	2026-10-07T00:08:30.3827721Z changes and commit them, and you can discard any commits you make in this
runtime	Run actions/checkout@11bd71901bbe5b1630ceea73d27597364c9af683	2026-10-07T00:08:30.3828550Z state without impacting any branches by switching back to a branch.
runtime	Run actions/checkout@11bd71901bbe5b1630ceea73d27597364c9af683	2026-10-07T00:08:30.3829035Z
runtime	Run actions/checkout@11bd71901bbe5b1630ceea73d27597364c9af683	2026-10-07T00:08:30.3829356Z If you want to create a new branch to retain commits you create, you may
runtime	Run actions/checkout@11bd71901bbe5b1630ceea73d27597364c9af683	2026-10-07T00:08:30.3830119Z do so (now or later) by using -c with the switch command. Example:
runtime	Run actions/checkout@11bd71901bbe5b1630ceea73d27597364c9af683	2026-10-07T00:08:30.3830888Z
runtime	Run actions/checkout@11bd71901bbe5b1630ceea73d27597364c9af683	2026-10-07T00:08:30.3831070Z   git switch -c <new-branch-name>
runtime	Run actions/checkout@11bd71901bbe5b1630ceea73d27597364c9af683	2026-10-07T00:08:30.3831350Z
runtime	Run actions/checkout@11bd71901bbe5b1630ceea73d27597364c9af683	2026-10-07T00:08:30.3831512Z Or undo this operation with:
runtime	Run actions/checkout@11bd71901bbe5b1630ceea73d27597364c9af683	2026-10-07T00:08:30.3831764Z
runtime	Run actions/checkout@11bd71901bbe5b1630ceea73d27597364c9af683	2026-10-07T00:08:30.3831901Z   git switch -
runtime	Run actions/checkout@11bd71901bbe5b1630ceea73d27597364c9af683	2026-10-07T00:08:30.3832086Z
runtime	Run actions/checkout@11bd71901bbe5b1630ceea73d27597364c9af683	2026-10-07T00:08:30.3832423Z Turn off this advice by setting config variable advice.detachedHead to false
runtime	Run actions/checkout@11bd71901bbe5b1630ceea73d27597364c9af683	2026-10-07T00:08:30.3832921Z
runtime	Run actions/checkout@11bd71901bbe5b1630ceea73d27597364c9af683	2026-10-07T00:08:30.3833483Z HEAD is now at 7ed4426 Merge a736cf018e4442980f7f899ea376c1d35db543c5 into d0efd626222047a2047573f678b019cd7b1802a9
runtime	Run actions/checkout@11bd71901bbe5b1630ceea73d27597364c9af683	2026-10-07T00:08:30.3850451Z ##[endgroup]
runtime	Run actions/checkout@11bd71901bbe5b1630ceea73d27597364c9af683	2026-10-07T00:08:30.3911507Z [command]/usr/bin/git log -1 --format=%H
runtime	Run actions/checkout@11bd71901bbe5b1630ceea73d27597364c9af683	2026-10-07T00:08:30.3940218Z 7ed442652f9b503747bb96b6bf54307ec297914f
runtime	Run actions/setup-node@49933ea5288caeca8642d1e84afbd3f7d6820020	﻿2026-10-07T00:08:30.4200218Z ##[group]Run actions/setup-node@49933ea5288caeca8642d1e84afbd3f7d6820020
runtime	Run actions/setup-node@49933ea5288caeca8642d1e84afbd3f7d6820020	2026-10-07T00:08:30.4200636Z with:
runtime	Run actions/setup-node@49933ea5288caeca8642d1e84afbd3f7d6820020	2026-10-07T00:08:30.4200835Z   node-version: 24.21.0
runtime	Run actions/setup-node@49933ea5288caeca8642d1e84afbd3f7d6820020	2026-10-07T00:08:30.4201056Z   always-auth: false
runtime	Run actions/setup-node@49933ea5288caeca8642d1e84afbd3f7d6820020	2026-10-07T00:08:30.4201262Z   check-latest: false
runtime	Run actions/setup-node@49933ea5288caeca8642d1e84afbd3f7d6820020	2026-10-07T00:08:30.4203808Z   token: ***
runtime	Run actions/setup-node@49933ea5288caeca8642d1e84afbd3f7d6820020	2026-10-07T00:08:30.4203998Z env:
runtime	Run actions/setup-node@49933ea5288caeca8642d1e84afbd3f7d6820020	2026-10-07T00:08:30.4204457Z   DATABASE_URL: ***localhost:5432/insignia_test?sslmode=disable
runtime	Run actions/setup-node@49933ea5288caeca8642d1e84afbd3f7d6820020	2026-10-07T00:08:30.4204807Z   INSIGNIA_REQUIRE_POSTGRES_TEST: 1
runtime	Run actions/setup-node@49933ea5288caeca8642d1e84afbd3f7d6820020	2026-10-07T00:08:30.4205060Z ##[endgroup]
runtime	Run actions/setup-node@49933ea5288caeca8642d1e84afbd3f7d6820020	2026-10-07T00:08:30.5788160Z Found in cache @ /opt/hostedtoolcache/node/24.21.0/x64
runtime	Run actions/setup-node@49933ea5288caeca8642d1e84afbd3f7d6820020	2026-10-07T00:08:30.5794574Z (node:2698) [DEP0040] DeprecationWarning: The `punycode` module is deprecated. Please use a userland alternative instead.
runtime	Run actions/setup-node@49933ea5288caeca8642d1e84afbd3f7d6820020	2026-10-07T00:08:30.5795389Z (Use `node --trace-deprecation ...` to show where the warning was created)
runtime	Run actions/setup-node@49933ea5288caeca8642d1e84afbd3f7d6820020	2026-10-07T00:08:30.5798531Z ##[group]Environment details
runtime	Run actions/setup-node@49933ea5288caeca8642d1e84afbd3f7d6820020	2026-10-07T00:08:33.3602969Z node: v24.21.0
runtime	Run actions/setup-node@49933ea5288caeca8642d1e84afbd3f7d6820020	2026-10-07T00:08:33.3603439Z npm: 11.19.0
runtime	Run actions/setup-node@49933ea5288caeca8642d1e84afbd3f7d6820020	2026-10-07T00:08:33.3604004Z yarn: 1.22.22
runtime	Run actions/setup-node@49933ea5288caeca8642d1e84afbd3f7d6820020	2026-10-07T00:08:33.3605415Z ##[endgroup]
runtime	Run corepack pnpm install --frozen-lockfile	﻿2026-10-07T00:08:33.3736537Z ##[group]Run corepack pnpm install --frozen-lockfile
runtime	Run corepack pnpm install --frozen-lockfile	2026-10-07T00:08:33.3737020Z ^[[36;1mcorepack pnpm install --frozen-lockfile^[[0m
runtime	Run corepack pnpm install --frozen-lockfile	2026-10-07T00:08:33.4831946Z shell: /usr/bin/bash -e {0}
runtime	Run corepack pnpm install --frozen-lockfile	2026-10-07T00:08:33.4832275Z env:
runtime	Run corepack pnpm install --frozen-lockfile	2026-10-07T00:08:33.4832949Z   DATABASE_URL: ***localhost:5432/insignia_test?sslmode=disable
runtime	Run corepack pnpm install --frozen-lockfile	2026-10-07T00:08:33.4833337Z   INSIGNIA_REQUIRE_POSTGRES_TEST: 1
runtime	Run corepack pnpm install --frozen-lockfile	2026-10-07T00:08:33.4833616Z ##[endgroup]
runtime	Run corepack pnpm install --frozen-lockfile	2026-10-07T00:08:34.3627973Z Downloading the pnpm 12.6.0 binary for linux-x64...
runtime	Run corepack pnpm install --frozen-lockfile	2026-10-07T00:08:35.1377286Z Scope: all 12 workspace projects
runtime	Run corepack pnpm install --frozen-lockfile	2026-10-07T00:08:35.1603619Z ? Verifying lockfile against supply-chain policies (596 entries)...
runtime	Run corepack pnpm install --frozen-lockfile	2026-10-07T00:08:35.3505400Z Packages are hard linked from the content-addressable store to the virtual store.
runtime	Run corepack pnpm install --frozen-lockfile	2026-10-07T00:08:35.3526745Z   Content-addressable store is at: /home/runner/.local/share/pnpm/store/v11
runtime	Run corepack pnpm install --frozen-lockfile	2026-10-07T00:08:35.3527747Z   Virtual store is at:             node_modules/.pnpm
runtime	Run corepack pnpm install --frozen-lockfile	2026-10-07T00:08:35.5286139Z Downloading @biomejs/cli-linux-x64@2.5.14: 0.00 B/24.14 MB
runtime	Run corepack pnpm install --frozen-lockfile	2026-10-07T00:08:35.7574559Z Downloading @dbmate/linux-x64@2.36.0: 0.00 B/12.43 MB
runtime	Run corepack pnpm install --frozen-lockfile	2026-10-07T00:08:35.7893505Z Downloading @rolldown/binding-linux-x64-gnu@1.2.11: 0.00 B/7.94 MB
runtime	Run corepack pnpm install --frozen-lockfile	2026-10-07T00:08:36.0877533Z Downloading @img/sharp-libvips-linux-x64@1.3.3: 0.00 B/8.17 MB
runtime	Run corepack pnpm install --frozen-lockfile	2026-10-07T00:08:36.9927414Z ✓ Lockfile passes supply-chain policies (596 entries in 1.8s)
runtime	Run corepack pnpm install --frozen-lockfile	2026-10-07T00:08:36.9956410Z Lockfile is up to date, resolution step is skipped
runtime	Run corepack pnpm install --frozen-lockfile	2026-10-07T00:08:37.4054909Z Packages: +464
runtime	Run corepack pnpm install --frozen-lockfile	2026-10-07T00:08:37.4055945Z ++++++++++++++++++++++++++++++++++++++++++++++++++++++++++++++++++++++++++++++++
runtime	Run corepack pnpm install --frozen-lockfile	2026-10-07T00:08:37.4664191Z Progress: resolved 464, reused 0, downloaded 464, added 464, done
runtime	Run corepack pnpm install --frozen-lockfile	2026-10-07T00:08:37.4715294Z .../esbuild@0.25.12/node_modules/esbuild postinstall$ node install.js
runtime	Run corepack pnpm install --frozen-lockfile	2026-10-07T00:08:37.4740090Z .../esbuild@0.28.2/node_modules/esbuild postinstall$ node install.js
runtime	Run corepack pnpm install --frozen-lockfile	2026-10-07T00:08:37.5287222Z .../esbuild@0.25.12/node_modules/esbuild postinstall: Done
runtime	Run corepack pnpm install --frozen-lockfile	2026-10-07T00:08:37.5317054Z .../esbuild@0.28.2/node_modules/esbuild postinstall: Done
runtime	Run corepack pnpm install --frozen-lockfile	2026-10-07T00:08:37.6099120Z
runtime	Run corepack pnpm install --frozen-lockfile	2026-10-07T00:08:37.6099898Z devDependencies:
runtime	Run corepack pnpm install --frozen-lockfile	2026-10-07T00:08:37.6100390Z + @biomejs/biome 2.5.14
runtime	Run corepack pnpm install --frozen-lockfile	2026-10-07T00:08:37.6100842Z + @types/node 24.10.0
runtime	Run corepack pnpm install --frozen-lockfile	2026-10-07T00:08:37.6101218Z + dbmate 2.36.0
runtime	Run corepack pnpm install --frozen-lockfile	2026-10-07T00:08:37.6101606Z + dependency-cruiser 18.4.0
runtime	Run corepack pnpm install --frozen-lockfile	2026-10-07T00:08:37.6102034Z + esbuild 0.25.12
runtime	Run corepack pnpm install --frozen-lockfile	2026-10-07T00:08:37.6102405Z + typescript 5.9.3
runtime	Run corepack pnpm install --frozen-lockfile	2026-10-07T00:08:37.6102623Z
runtime	Run corepack pnpm install --frozen-lockfile	2026-10-07T00:08:37.6214331Z Done in 2.5s using pnpm v12.6.0
runtime	Run corepack pnpm build	﻿2026-10-07T00:08:37.6583659Z ##[group]Run corepack pnpm build
runtime	Run corepack pnpm build	2026-10-07T00:08:37.6584021Z ^[[36;1mcorepack pnpm build^[[0m
runtime	Run corepack pnpm build	2026-10-07T00:08:37.6649372Z shell: /usr/bin/bash -e {0}
runtime	Run corepack pnpm build	2026-10-07T00:08:37.6649647Z env:
runtime	Run corepack pnpm build	2026-10-07T00:08:37.6650221Z   DATABASE_URL: ***localhost:5432/insignia_test?sslmode=disable
runtime	Run corepack pnpm build	2026-10-07T00:08:37.6650596Z   INSIGNIA_REQUIRE_POSTGRES_TEST: 1
runtime	Run corepack pnpm build	2026-10-07T00:08:37.6650859Z ##[endgroup]
runtime	Run corepack pnpm build	2026-10-07T00:08:37.7486154Z $ corepack pnpm -r --filter './packages/**' build && corepack pnpm -r --filter './apps/**' build
runtime	Run corepack pnpm build	2026-10-07T00:08:37.8266477Z packages/contracts build$ tsc -p tsconfig.json
runtime	Run corepack pnpm build	2026-10-07T00:08:37.8267204Z packages/domain build$ tsc -p tsconfig.json
runtime	Run corepack pnpm build	2026-10-07T00:08:37.8267736Z packages/observability build$ tsc -p tsconfig.json
runtime	Run corepack pnpm build	2026-10-07T00:08:37.8268197Z packages/cart-authorization build$ tsc -p tsconfig.json
runtime	Run corepack pnpm build	2026-10-07T00:08:39.6267498Z packages/domain build: Done
runtime	Run corepack pnpm build	2026-10-07T00:08:39.6294322Z packages/visualizer build$ tsc -p tsconfig.json
runtime	Run corepack pnpm build	2026-10-07T00:08:39.6722862Z packages/contracts build: Done
runtime	Run corepack pnpm build	2026-10-07T00:08:39.6746365Z packages/application build$ tsc -p tsconfig.json
runtime	Run corepack pnpm build	2026-10-07T00:08:39.9182631Z packages/cart-authorization build: Done
runtime	Run corepack pnpm build	2026-10-07T00:08:40.0952754Z packages/observability build: Done
runtime	Run corepack pnpm build	2026-10-07T00:08:40.8646972Z packages/visualizer build: Done
runtime	Run corepack pnpm build	2026-10-07T00:08:41.4721787Z packages/application build: Done
runtime	Run corepack pnpm build	2026-10-07T00:08:41.4723758Z packages/shopify build$ tsc -p tsconfig.json
runtime	Run corepack pnpm build	2026-10-07T00:08:43.0901373Z packages/shopify build: Done
runtime	Run corepack pnpm build	2026-10-07T00:08:43.0903420Z packages/database build$ tsc -p tsconfig.json
runtime	Run corepack pnpm build	2026-10-07T00:08:45.6528586Z packages/database build: Done
runtime	Run corepack pnpm build	2026-10-07T00:08:45.7572937Z apps/storefront build$ tsc --noEmit && vite build && node scripts/copy-theme-asset.mjs
runtime	Run corepack pnpm build	2026-10-07T00:08:45.7573637Z apps/worker build$ tsc -p tsconfig.json
runtime	Run corepack pnpm build	2026-10-07T00:08:47.7373149Z apps/worker build: Done
runtime	Run corepack pnpm build	2026-10-07T00:08:47.7375215Z apps/web build$ astro check && astro build
runtime	Run corepack pnpm build	2026-10-07T00:08:47.8538707Z apps/storefront build: ^[[36mvite v8.3.1 ^[[32mbuilding client environment for production...^[[36m^[[39m
runtime	Run corepack pnpm build	2026-10-07T00:08:47.8666009Z apps/storefront build: transforming...
runtime	Run corepack pnpm build	2026-10-07T00:08:47.8719407Z apps/storefront build: ✓ 5 modules transformed.
runtime	Run corepack pnpm build	2026-10-07T00:08:47.8787249Z apps/storefront build: rendering chunks...
runtime	Run corepack pnpm build	2026-10-07T00:08:47.8841512Z apps/storefront build: computing gzip size...
runtime	Run corepack pnpm build	2026-10-07T00:08:47.8846392Z apps/storefront build: dist/insignia-storefront.js  14.03 kB │ gzip: 5.93 kB
runtime	Run corepack pnpm build	2026-10-07T00:08:47.8847369Z apps/storefront build:
runtime	Run corepack pnpm build	2026-10-07T00:08:47.8849815Z apps/storefront build: ^[[32m✓ built in 30ms^[[39m
runtime	Run corepack pnpm build	2026-10-07T00:08:47.9302075Z apps/storefront build: Done
runtime	Run corepack pnpm build	2026-10-07T00:08:49.2104773Z apps/web build: ^[[2m00:08:49^[[22m ^[[34m[@astrojs/node]^[[39m Enabling sessions with filesystem storage
runtime	Run corepack pnpm build	2026-10-07T00:08:49.3514046Z apps/web build: ^[[2m00:08:49^[[22m ^[[34m[types]^[[39m Generated ^[[2m138ms^[[22m
runtime	Run corepack pnpm build	2026-10-07T00:08:49.3592140Z apps/web build: ^[[2m00:08:49^[[22m ^[[34m[check]^[[39m Getting diagnostics for Astro files in /home/runner/work/insignia/insignia/apps/web...
runtime	Run corepack pnpm build	2026-10-07T00:08:53.5811219Z apps/web build: Result (28 files):
runtime	Run corepack pnpm build	2026-10-07T00:08:53.5811983Z apps/web build: - 0 errors
runtime	Run corepack pnpm build	2026-10-07T00:08:53.5812435Z apps/web build: - 0 warnings
runtime	Run corepack pnpm build	2026-10-07T00:08:53.5813085Z apps/web build: - 0 hints
runtime	Run corepack pnpm build	2026-10-07T00:08:53.5813969Z apps/web build:
runtime	Run corepack pnpm build	2026-10-07T00:08:54.6428617Z apps/web build: ^[[2m00:08:54^[[22m ^[[34m[@astrojs/node]^[[39m Enabling sessions with filesystem storage
runtime	Run corepack pnpm build	2026-10-07T00:08:54.7537564Z apps/web build: ^[[2m00:08:54^[[22m ^[[34m[types]^[[39m Generated ^[[2m68ms^[[22m
runtime	Run corepack pnpm build	2026-10-07T00:08:54.7540136Z apps/web build: ^[[2m00:08:54^[[22m ^[[34m[build]^[[39m output: ^[[34m"server"^[[39m
runtime	Run corepack pnpm build	2026-10-07T00:08:54.7541347Z apps/web build: ^[[2m00:08:54^[[22m ^[[34m[build]^[[39m mode: ^[[34m"server"^[[39m
runtime	Run corepack pnpm build	2026-10-07T00:08:54.7542921Z apps/web build: ^[[2m00:08:54^[[22m ^[[34m[build]^[[39m directory: ^[[34m/home/runner/work/insignia/insignia/apps/web/dist/^[[39m
runtime	Run corepack pnpm build	2026-10-07T00:08:54.7544438Z apps/web build: ^[[2m00:08:54^[[22m ^[[34m[build]^[[39m adapter: ^[[32m@astrojs/node^[[39m
runtime	Run corepack pnpm build	2026-10-07T00:08:54.7546049Z apps/web build: ^[[2m00:08:54^[[22m ^[[34m[build]^[[39m Collecting build info...
runtime	Run corepack pnpm build	2026-10-07T00:08:54.7547868Z apps/web build: ^[[2m00:08:54^[[22m ^[[34m[build]^[[39m ^[[32m✓ Completed in 116ms.^[[39m
runtime	Run corepack pnpm build	2026-10-07T00:08:54.7560207Z apps/web build: ^[[2m00:08:54^[[22m ^[[34m[build]^[[39m Building server entrypoints...
runtime	Run corepack pnpm build	2026-10-07T00:08:55.0137211Z apps/web build: ^[[2m00:08:55^[[22m ^[[34m[vite]^[[39m ^[[32m✓ built in 221ms^[[39m
runtime	Run corepack pnpm build	2026-10-07T00:08:56.6414331Z apps/web build: ^[[2m00:08:56^[[22m ^[[34m[vite]^[[39m ^[[32m✓ built in 1.62s^[[39m
runtime	Run corepack pnpm build	2026-10-07T00:08:56.8594034Z apps/web build: ^[[2m00:08:56^[[22m ^[[34m[vite]^[[39m ^[[32m✓ built in 207ms^[[39m
runtime	Run corepack pnpm build	2026-10-07T00:08:56.8715942Z apps/web build: ^[[2m00:08:56^[[22m ^[[34m[build]^[[39m Rearranging server assets...
runtime	Run corepack pnpm build	2026-10-07T00:08:56.8749657Z apps/web build: ^[[2m00:08:56^[[22m ^[[34m[build]^[[39m ^[[32m✓ Completed in 2.12s.^[[39m
runtime	Run corepack pnpm build	2026-10-07T00:08:56.8756519Z apps/web build: ^[[2m00:08:56^[[22m ^[[34m[build]^[[39m Server built in ^[[1m2.24s^[[22m
runtime	Run corepack pnpm build	2026-10-07T00:08:56.8757408Z apps/web build: ^[[2m00:08:56^[[22m ^[[34m[build]^[[39m ^[[1mComplete!^[[22m
runtime	Run corepack pnpm build	2026-10-07T00:08:56.9122995Z apps/web build: Done
runtime	Run corepack pnpm check:style	﻿2026-10-07T00:08:56.9341632Z ##[group]Run corepack pnpm check:style
runtime	Run corepack pnpm check:style	2026-10-07T00:08:56.9341992Z ^[[36;1mcorepack pnpm check:style^[[0m
runtime	Run corepack pnpm check:style	2026-10-07T00:08:56.9407110Z shell: /usr/bin/bash -e {0}
runtime	Run corepack pnpm check:style	2026-10-07T00:08:56.9407394Z env:
runtime	Run corepack pnpm check:style	2026-10-07T00:08:56.9408000Z   DATABASE_URL: ***localhost:5432/insignia_test?sslmode=disable
runtime	Run corepack pnpm check:style	2026-10-07T00:08:56.9408372Z   INSIGNIA_REQUIRE_POSTGRES_TEST: 1
runtime	Run corepack pnpm check:style	2026-10-07T00:08:56.9408631Z ##[endgroup]
runtime	Run corepack pnpm check:style	2026-10-07T00:08:57.0284303Z $ biome check .dependency-cruiser.cjs apps/storefront/src apps/storefront/test apps/storefront/scripts apps/storefront/vite.config.ts apps/web/src/islands apps/web/src/pages/live.ts apps/web/src/pages/api apps/web/src/server apps/web/src/shared apps/web/src/styles apps/web/test apps/web/astro.config.mjs apps/worker/src apps/worker/test packages/contracts/src packages/domain/src packages/cart-authorization/src packages/cart-authorization/test packages/application/src packages/database/src packages/database/test packages/shopify/src packages/shopify/test packages/visualizer/src packages/observability/src packages/observability/test scripts/boundaries scripts/m1-functions/check-vector.test.ts scripts/m5-002 scripts/m5-003 scripts/m5-004 scripts/m5-005 scripts/m5-009 scripts/m5-010 scripts/m5-011 scripts/m5-012 scripts/m5-013 scripts/m5-015 scripts/m5-015r scripts/m5-016
runtime	Run corepack pnpm check:style	2026-10-07T00:08:57.7724144Z apps/web/src/server/admin/production.ts:69:57 lint/style/useTemplate  FIXABLE  ━━━━━━━━━━━━━━━━━━━━━
runtime	Run corepack pnpm check:style	2026-10-07T00:08:57.7724679Z
runtime	Run corepack pnpm check:style	2026-10-07T00:08:57.7724920Z   i Template literals are preferred over string concatenation.
runtime	Run corepack pnpm check:style	2026-10-07T00:08:57.7725288Z
runtime	Run corepack pnpm check:style	2026-10-07T00:08:57.7726197Z     67 │   const appOrigin = required(env, 'APP_URL');
runtime	Run corepack pnpm check:style	2026-10-07T00:08:57.7726854Z     68 │   const appId = env.INSIGNIA_SHOPIFY_APP_ID;
runtime	Run corepack pnpm check:style	2026-10-07T00:08:57.7727481Z   > 69 │   const appGid = appId && /^[1-9][0-9]*$/.test(appId) ? 'gid://shopify/App/' + appId : null;
runtime	Run corepack pnpm check:style	2026-10-07T00:08:57.7728550Z        │                                                         ^^^^^^^^^^^^^^^^^^^^^^^^^^^^
runtime	Run corepack pnpm check:style	2026-10-07T00:08:57.7729812Z     70 │   const shopify = createAdminOnlineIdentity({ apiKey, apiSecret, hostName: new URL(appOrigin).host });
runtime	Run corepack pnpm check:style	2026-10-07T00:08:57.7731274Z     71 │   const core = createDurableCore(databasePool ?? new Pool({ connectionString: databaseUrl }));
runtime	Run corepack pnpm check:style	2026-10-07T00:08:57.7732050Z
runtime	Run corepack pnpm check:style	2026-10-07T00:08:57.7732424Z   i Unsafe fix: Use a template literal.
runtime	Run corepack pnpm check:style	2026-10-07T00:08:57.7732853Z
runtime	Run corepack pnpm check:style	2026-10-07T00:08:57.7733400Z      67  67 │     const appOrigin = required(env, 'APP_URL');
runtime	Run corepack pnpm check:style	2026-10-07T00:08:57.7734168Z      68  68 │     const appId = env.INSIGNIA_SHOPIFY_APP_ID;
runtime	Run corepack pnpm check:style	2026-10-07T00:08:57.7735767Z      69     │ - ··const·appGid·=·appId·&&·/^[1-9][0-9]*$/.test(appId)·?·'gid://shopify/App/'·+·appId·:·null;
runtime	Run corepack pnpm check:style	2026-10-07T00:08:57.7737179Z          69 │ + ··const·appGid·=·appId·&&·/^[1-9][0-9]*$/.test(appId)·?·`gid://shopify/App/${appId}`·:·null;
runtime	Run corepack pnpm check:style	2026-10-07T00:08:57.7738619Z      70  70 │     const shopify = createAdminOnlineIdentity({ apiKey, apiSecret, hostName: new URL(appOrigin).host });
runtime	Run corepack pnpm check:style	2026-10-07T00:08:57.7740122Z      71  71 │     const core = createDurableCore(databasePool ?? new Pool({ connectionString: databaseUrl }));
runtime	Run corepack pnpm check:style	2026-10-07T00:08:57.7740938Z
runtime	Run corepack pnpm check:style	2026-10-07T00:08:57.7741097Z
runtime	Run corepack pnpm check:style	2026-10-07T00:08:57.7741950Z apps/web/src/server/admin/production.ts:89:54 lint/style/useTemplate  FIXABLE  ━━━━━━━━━━━━━━━━━━━━━
runtime	Run corepack pnpm check:style	2026-10-07T00:08:57.7742601Z
runtime	Run corepack pnpm check:style	2026-10-07T00:08:57.7742939Z   i Template literals are preferred over string concatenation.
runtime	Run corepack pnpm check:style	2026-10-07T00:08:57.7743487Z
runtime	Run corepack pnpm check:style	2026-10-07T00:08:57.7744107Z     87 │       installationGeneration: actor.installationGeneration,
runtime	Run corepack pnpm check:style	2026-10-07T00:08:57.7744743Z     88 │     });
runtime	Run corepack pnpm check:style	2026-10-07T00:08:57.7746066Z   > 89 │     if (!scope || scope.shopDomain !== actor.shop || 'gid://shopify/Shop/' + scope.shopifyShopId !== actor.shopId)
runtime	Run corepack pnpm check:style	2026-10-07T00:08:57.7747322Z        │                                                      ^^^^^^^^^^^^^^^^^^^^^^^^^^^^^^^^^^^^^^^^^^^
runtime	Run corepack pnpm check:style	2026-10-07T00:08:57.7748146Z     90 │       throw new Error('Admin installation changed');
runtime	Run corepack pnpm check:style	2026-10-07T00:08:57.7748732Z     91 │   }
runtime	Run corepack pnpm check:style	2026-10-07T00:08:57.7749508Z
runtime	Run corepack pnpm check:style	2026-10-07T00:08:57.7749879Z   i Unsafe fix: Use a template literal.
runtime	Run corepack pnpm check:style	2026-10-07T00:08:57.7750308Z
runtime	Run corepack pnpm check:style	2026-10-07T00:08:57.7750957Z      87  87 │         installationGeneration: actor.installationGeneration,
runtime	Run corepack pnpm check:style	2026-10-07T00:08:57.7751619Z      88  88 │       });
runtime	Run corepack pnpm check:style	2026-10-07T00:08:57.7752810Z      89     │ - ····if·(!scope·||·scope.shopDomain·!==·actor.shop·||·'gid://shopify/Shop/'·+·scope.shopifyShopId·!==·actor.shopId)
runtime	Run corepack pnpm check:style	2026-10-07T00:08:57.7754486Z          89 │ + ····if·(!scope·||·scope.shopDomain·!==·actor.shop·||·`gid://shopify/Shop/${scope.shopifyShopId}`·!==·actor.shopId)
runtime	Run corepack pnpm check:style	2026-10-07T00:08:57.7755845Z      90  90 │         throw new Error('Admin installation changed');
runtime	Run corepack pnpm check:style	2026-10-07T00:08:57.7756462Z      91  91 │     }
runtime	Run corepack pnpm check:style	2026-10-07T00:08:57.7756793Z
runtime	Run corepack pnpm check:style	2026-10-07T00:08:57.7756952Z
runtime	Run corepack pnpm check:style	2026-10-07T00:08:57.7757805Z apps/web/src/server/admin/production.ts:214:51 lint/style/useTemplate  FIXABLE  ━━━━━━━━━━━━━━━━━━━━
runtime	Run corepack pnpm check:style	2026-10-07T00:08:57.7758732Z
runtime	Run corepack pnpm check:style	2026-10-07T00:08:57.7759094Z   i Template literals are preferred over string concatenation.
runtime	Run corepack pnpm check:style	2026-10-07T00:08:57.7759674Z
runtime	Run corepack pnpm check:style	2026-10-07T00:08:57.7760319Z     212 │           const provider = await shopify.readInstallation(online);
runtime	Run corepack pnpm check:style	2026-10-07T00:08:57.7761352Z     213 │           const tenant = await core.tenants.getShopByDomain(provider.shop);
runtime	Run corepack pnpm check:style	2026-10-07T00:08:57.7762701Z   > 214 │           if (!tenant || !tenant.shopifyShopId || 'gid://shopify/Shop/' + tenant.shopifyShopId !== provider.shopId)
runtime	Run corepack pnpm check:style	2026-10-07T00:08:57.7763897Z         │                                                   ^^^^^^^^^^^^^^^^^^^^^^^^^^^^^^^^^^^^^^^^^^^^
runtime	Run corepack pnpm check:style	2026-10-07T00:08:57.7764762Z     215 │             throw new Error('Tenant installation mismatch');
runtime	Run corepack pnpm check:style	2026-10-07T00:08:57.7766040Z     216 │           const installed = await core.tenants.getCurrentAdminInstallation(tenant.shopId);
runtime	Run corepack pnpm check:style	2026-10-07T00:08:57.7766779Z
runtime	Run corepack pnpm check:style	2026-10-07T00:08:57.7767143Z   i Unsafe fix: Use a template literal.
runtime	Run corepack pnpm check:style	2026-10-07T00:08:57.7767581Z
runtime	Run corepack pnpm check:style	2026-10-07T00:08:57.7768258Z     212 212 │             const provider = await shopify.readInstallation(online);
runtime	Run corepack pnpm check:style	2026-10-07T00:08:57.7769329Z     213 213 │             const tenant = await core.tenants.getShopByDomain(provider.shop);
runtime	Run corepack pnpm check:style	2026-10-07T00:08:57.7770808Z     214     │ - ··········if·(!tenant·||·!tenant.shopifyShopId·||·'gid://shopify/Shop/'·+·tenant.shopifyShopId·!==·provider.shopId)
runtime	Run corepack pnpm check:style	2026-10-07T00:08:57.7772505Z         214 │ + ··········if·(!tenant·||·!tenant.shopifyShopId·||·`gid://shopify/Shop/${tenant.shopifyShopId}`·!==·provider.shopId)
runtime	Run corepack pnpm check:style	2026-10-07T00:08:57.7773712Z     215 215 │               throw new Error('Tenant installation mismatch');
runtime	Run corepack pnpm check:style	2026-10-07T00:08:57.7774848Z     216 216 │             const installed = await core.tenants.getCurrentAdminInstallation(tenant.shopId);
runtime	Run corepack pnpm check:style	2026-10-07T00:08:57.7775786Z
runtime	Run corepack pnpm check:style	2026-10-07T00:08:57.7775951Z
runtime	Run corepack pnpm check:style	2026-10-07T00:08:57.7776805Z apps/web/src/server/admin/auth.ts:48:48 lint/style/noNonNullAssertion ━━━━━━━━━━━━━━━━━━━━━━━━━━━━━━
runtime	Run corepack pnpm check:style	2026-10-07T00:08:57.7777462Z
runtime	Run corepack pnpm check:style	2026-10-07T00:08:57.7777669Z   ! Forbidden non-null assertion.
runtime	Run corepack pnpm check:style	2026-10-07T00:08:57.7778070Z
runtime	Run corepack pnpm check:style	2026-10-07T00:08:57.7778580Z     46 │     let identity: VerifiedAdminIdentity;
runtime	Run corepack pnpm check:style	2026-10-07T00:08:57.7779113Z     47 │     try {
runtime	Run corepack pnpm check:style	2026-10-07T00:08:57.7779742Z   > 48 │       identity = await port.verifySessionToken(match[1]!);
runtime	Run corepack pnpm check:style	2026-10-07T00:08:57.7780532Z        │                                                ^^^^^^^^^
runtime	Run corepack pnpm check:style	2026-10-07T00:08:57.7781060Z     49 │     } catch {
runtime	Run corepack pnpm check:style	2026-10-07T00:08:57.7781619Z     50 │       return null;
runtime	Run corepack pnpm check:style	2026-10-07T00:08:57.7781978Z
runtime	Run corepack pnpm check:style	2026-10-07T00:08:57.7782136Z
runtime	Run corepack pnpm check:style	2026-10-07T00:08:57.7782977Z apps/web/src/server/admin/auth.ts:61:50 lint/style/noNonNullAssertion ━━━━━━━━━━━━━━━━━━━━━━━━━━━━━━
runtime	Run corepack pnpm check:style	2026-10-07T00:08:57.7783622Z
runtime	Run corepack pnpm check:style	2026-10-07T00:08:57.7783820Z   ! Forbidden non-null assertion.
runtime	Run corepack pnpm check:style	2026-10-07T00:08:57.7784215Z
runtime	Run corepack pnpm check:style	2026-10-07T00:08:57.7784551Z     59 │     )
runtime	Run corepack pnpm check:style	2026-10-07T00:08:57.7784936Z     60 │       return null;
runtime	Run corepack pnpm check:style	2026-10-07T00:08:57.7785955Z   > 61 │     const grant = await port.exchangeOnlineGrant(match[1]!, identity);
runtime	Run corepack pnpm check:style	2026-10-07T00:08:57.7786843Z        │                                                  ^^^^^^^^^
runtime	Run corepack pnpm check:style	2026-10-07T00:08:57.7787722Z     62 │     if (
runtime	Run corepack pnpm check:style	2026-10-07T00:08:57.7788242Z     63 │       grant.shop !== identity.shop ||
runtime	Run corepack pnpm check:style	2026-10-07T00:08:57.7788708Z
runtime	Run corepack pnpm check:style	2026-10-07T00:08:57.7788866Z
runtime	Run corepack pnpm check:style	2026-10-07T00:08:57.7789713Z apps/web/src/server/admin/preview.ts:109:28 lint/style/noNonNullAssertion ━━━━━━━━━━━━━━━━━━━━━━━━━━
runtime	Run corepack pnpm check:style	2026-10-07T00:08:57.7790363Z
runtime	Run corepack pnpm check:style	2026-10-07T00:08:57.7790567Z   ! Forbidden non-null assertion.
runtime	Run corepack pnpm check:style	2026-10-07T00:08:57.7790961Z
runtime	Run corepack pnpm check:style	2026-10-07T00:08:57.7791541Z     107 │             .then((found) => (found ? project(found) : null)),
runtime	Run corepack pnpm check:style	2026-10-07T00:08:57.7792136Z     108 │         );
runtime	Run corepack pnpm check:style	2026-10-07T00:08:57.7792683Z   > 109 │       const result = await map.get(id)!;
runtime	Run corepack pnpm check:style	2026-10-07T00:08:57.7793309Z         │                            ^^^^^^^^^^^^
runtime	Run corepack pnpm check:style	2026-10-07T00:08:57.7793878Z     110 │       await active(actor);
runtime	Run corepack pnpm check:style	2026-10-07T00:08:57.7794395Z     111 │       return result;
runtime	Run corepack pnpm check:style	2026-10-07T00:08:57.7794966Z
runtime	Run corepack pnpm check:style	2026-10-07T00:08:57.7795129Z
runtime	Run corepack pnpm check:style	2026-10-07T00:08:57.7796166Z apps/web/src/server/admin/preview.ts:116:28 lint/style/noNonNullAssertion ━━━━━━━━━━━━━━━━━━━━━━━━━━
runtime	Run corepack pnpm check:style	2026-10-07T00:08:57.7796838Z
runtime	Run corepack pnpm check:style	2026-10-07T00:08:57.7797043Z   ! Forbidden non-null assertion.
runtime	Run corepack pnpm check:style	2026-10-07T00:08:57.7797441Z
runtime	Run corepack pnpm check:style	2026-10-07T00:08:57.7797853Z     114 │       await active(actor);
runtime	Run corepack pnpm check:style	2026-10-07T00:08:57.7798756Z     115 │       if (!currencies.has(actor)) currencies.set(actor, reader(actor).shopCurrency());
runtime	Run corepack pnpm check:style	2026-10-07T00:08:57.7799704Z   > 116 │       const result = await currencies.get(actor)!;
runtime	Run corepack pnpm check:style	2026-10-07T00:08:57.7800400Z         │                            ^^^^^^^^^^^^^^^^^^^^^^
runtime	Run corepack pnpm check:style	2026-10-07T00:08:57.7800995Z     117 │       await active(actor);
runtime	Run corepack pnpm check:style	2026-10-07T00:08:57.7801511Z     118 │       return result;
runtime	Run corepack pnpm check:style	2026-10-07T00:08:57.7801875Z
runtime	Run corepack pnpm check:style	2026-10-07T00:08:57.7802036Z
runtime	Run corepack pnpm check:style	2026-10-07T00:08:57.7802866Z apps/web/src/server/admin/preview.ts:163:34 lint/style/noNonNullAssertion ━━━━━━━━━━━━━━━━━━━━━━━━━━
runtime	Run corepack pnpm check:style	2026-10-07T00:08:57.7803525Z
runtime	Run corepack pnpm check:style	2026-10-07T00:08:57.7803728Z   ! Forbidden non-null assertion.
runtime	Run corepack pnpm check:style	2026-10-07T00:08:57.7804121Z
runtime	Run corepack pnpm check:style	2026-10-07T00:08:57.7804607Z     161 │                   shopId: randomUUID(),
runtime	Run corepack pnpm check:style	2026-10-07T00:08:57.7805234Z     162 │                   shopDomain: shop,
runtime	Run corepack pnpm check:style	2026-10-07T00:08:57.7806149Z   > 163 │                   shopifyShopId: shopId.split('/').at(-1)!,
runtime	Run corepack pnpm check:style	2026-10-07T00:08:57.7806912Z         │                                  ^^^^^^^^^^^^^^^^^^^^^^^^^
runtime	Run corepack pnpm check:style	2026-10-07T00:08:57.7807755Z     164 │                   externalInstallationId: provider.installationId,
runtime	Run corepack pnpm check:style	2026-10-07T00:08:57.7808406Z     165 │                 }),
runtime	Run corepack pnpm check:style	2026-10-07T00:08:57.7808769Z
runtime	Run corepack pnpm check:style	2026-10-07T00:08:57.7808929Z
runtime	Run corepack pnpm check:style	2026-10-07T00:08:57.7809782Z apps/web/src/server/admin/preview.ts:223:26 lint/style/noNonNullAssertion ━━━━━━━━━━━━━━━━━━━━━━━━━━
runtime	Run corepack pnpm check:style	2026-10-07T00:08:57.7810424Z
runtime	Run corepack pnpm check:style	2026-10-07T00:08:57.7810622Z   ! Forbidden non-null assertion.
runtime	Run corepack pnpm check:style	2026-10-07T00:08:57.7811019Z
runtime	Run corepack pnpm check:style	2026-10-07T00:08:57.7811687Z     221 │                   installationGeneration: bound.installationGeneration,
runtime	Run corepack pnpm check:style	2026-10-07T00:08:57.7812500Z     222 │                   shopifyShopId: shopId,
runtime	Run corepack pnpm check:style	2026-10-07T00:08:57.7813247Z   > 223 │                   appId: env.INSIGNIA_M5_002_APP_RESOURCE!,
runtime	Run corepack pnpm check:style	2026-10-07T00:08:57.7813990Z         │                          ^^^^^^^^^^^^^^^^^^^^^^^^^^^^^^^^^
runtime	Run corepack pnpm check:style	2026-10-07T00:08:57.7814535Z     224 │                 },
runtime	Run corepack pnpm check:style	2026-10-07T00:08:57.7814988Z     225 │                 {
runtime	Run corepack pnpm check:style	2026-10-07T00:08:57.7815343Z
runtime	Run corepack pnpm check:style	2026-10-07T00:08:57.7815661Z
runtime	Run corepack pnpm check:style	2026-10-07T00:08:57.7816529Z apps/web/src/server/admin/preview.ts:227:46 lint/style/noNonNullAssertion ━━━━━━━━━━━━━━━━━━━━━━━━━━
runtime	Run corepack pnpm check:style	2026-10-07T00:08:57.7817185Z
runtime	Run corepack pnpm check:style	2026-10-07T00:08:57.7817386Z   ! Forbidden non-null assertion.
runtime	Run corepack pnpm check:style	2026-10-07T00:08:57.7817788Z
runtime	Run corepack pnpm check:style	2026-10-07T00:08:57.7818131Z     225 │                 {
runtime	Run corepack pnpm check:style	2026-10-07T00:08:57.7818650Z     226 │                   appKey: client,
runtime	Run corepack pnpm check:style	2026-10-07T00:08:57.7819612Z   > 227 │                   transformInputQuerySha256: env.INSIGNIA_M5_002_TRANSFORM_QUERY_HASH!,
runtime	Run corepack pnpm check:style	2026-10-07T00:08:57.7820643Z         │                                              ^^^^^^^^^^^^^^^^^^^^^^^^^^^^^^^^^^^^^^^^^
runtime	Run corepack pnpm check:style	2026-10-07T00:08:57.7821927Z     228 │                   validationInputQuerySha256: env.INSIGNIA_M5_002_VALIDATION_QUERY_HASH!,
runtime	Run corepack pnpm check:style	2026-10-07T00:08:57.7822705Z     229 │                 },
runtime	Run corepack pnpm check:style	2026-10-07T00:08:57.7823066Z
runtime	Run corepack pnpm check:style	2026-10-07T00:08:57.7823219Z
runtime	Run corepack pnpm check:style	2026-10-07T00:08:57.7824070Z apps/web/src/server/admin/preview.ts:228:47 lint/style/noNonNullAssertion ━━━━━━━━━━━━━━━━━━━━━━━━━━
runtime	Run corepack pnpm check:style	2026-10-07T00:08:57.7824727Z
runtime	Run corepack pnpm check:style	2026-10-07T00:08:57.7824924Z   ! Forbidden non-null assertion.
runtime	Run corepack pnpm check:style	2026-10-07T00:08:57.7825317Z
runtime	Run corepack pnpm check:style	2026-10-07T00:08:57.7826040Z     226 │                   appKey: client,
runtime	Run corepack pnpm check:style	2026-10-07T00:08:57.7826979Z     227 │                   transformInputQuerySha256: env.INSIGNIA_M5_002_TRANSFORM_QUERY_HASH!,
runtime	Run corepack pnpm check:style	2026-10-07T00:08:57.7828170Z   > 228 │                   validationInputQuerySha256: env.INSIGNIA_M5_002_VALIDATION_QUERY_HASH!,
runtime	Run corepack pnpm check:style	2026-10-07T00:08:57.7829214Z         │                                               ^^^^^^^^^^^^^^^^^^^^^^^^^^^^^^^^^^^^^^^^^^
runtime	Run corepack pnpm check:style	2026-10-07T00:08:57.7830054Z     229 │                 },
runtime	Run corepack pnpm check:style	2026-10-07T00:08:57.7830491Z     230 │               );
runtime	Run corepack pnpm check:style	2026-10-07T00:08:57.7830860Z
runtime	Run corepack pnpm check:style	2026-10-07T00:08:57.7831016Z
runtime	Run corepack pnpm check:style	2026-10-07T00:08:57.7831858Z apps/web/src/server/admin/production.ts:214:15 lint/complexity/useOptionalChain  FIXABLE  ━━━━━━━━━━
runtime	Run corepack pnpm check:style	2026-10-07T00:08:57.7832523Z
runtime	Run corepack pnpm check:style	2026-10-07T00:08:57.7832720Z   ! Change to an optional chain.
runtime	Run corepack pnpm check:style	2026-10-07T00:08:57.7833112Z
runtime	Run corepack pnpm check:style	2026-10-07T00:08:57.7833743Z     212 │           const provider = await shopify.readInstallation(online);
runtime	Run corepack pnpm check:style	2026-10-07T00:08:57.7834742Z     213 │           const tenant = await core.tenants.getShopByDomain(provider.shop);
runtime	Run corepack pnpm check:style	2026-10-07T00:08:57.7836338Z   > 214 │           if (!tenant || !tenant.shopifyShopId || 'gid://shopify/Shop/' + tenant.shopifyShopId !== provider.shopId)
runtime	Run corepack pnpm check:style	2026-10-07T00:08:57.7837371Z         │               ^^^^^^^^^^^^^^^^^^^^^^^^^^^^^^^^
runtime	Run corepack pnpm check:style	2026-10-07T00:08:57.7838115Z     215 │             throw new Error('Tenant installation mismatch');
runtime	Run corepack pnpm check:style	2026-10-07T00:08:57.7839214Z     216 │           const installed = await core.tenants.getCurrentAdminInstallation(tenant.shopId);
runtime	Run corepack pnpm check:style	2026-10-07T00:08:57.7839871Z
runtime	Run corepack pnpm check:style	2026-10-07T00:08:57.7840118Z   i Unsafe fix: Change to an optional chain.
runtime	Run corepack pnpm check:style	2026-10-07T00:08:57.7840398Z
runtime	Run corepack pnpm check:style	2026-10-07T00:08:57.7840802Z     212 212 │             const provider = await shopify.readInstallation(online);
runtime	Run corepack pnpm check:style	2026-10-07T00:08:57.7841423Z     213 213 │             const tenant = await core.tenants.getShopByDomain(provider.shop);
runtime	Run corepack pnpm check:style	2026-10-07T00:08:57.7842327Z     214     │ - ··········if·(!tenant·||·!tenant.shopifyShopId·||·'gid://shopify/Shop/'·+·tenant.shopifyShopId·!==·provider.shopId)
runtime	Run corepack pnpm check:style	2026-10-07T00:08:57.7843272Z         214 │ + ··········if·(!tenant?.shopifyShopId·||·'gid://shopify/Shop/'·+·tenant.shopifyShopId·!==·provider.shopId)
runtime	Run corepack pnpm check:style	2026-10-07T00:08:57.7843952Z     215 215 │               throw new Error('Tenant installation mismatch');
runtime	Run corepack pnpm check:style	2026-10-07T00:08:57.7844617Z     216 216 │             const installed = await core.tenants.getCurrentAdminInstallation(tenant.shopId);
runtime	Run corepack pnpm check:style	2026-10-07T00:08:57.7845082Z
runtime	Run corepack pnpm check:style	2026-10-07T00:08:57.7845184Z
runtime	Run corepack pnpm check:style	2026-10-07T00:08:57.7846025Z apps/web/src/server/merchant-config.ts:123:28 lint/style/noNonNullAssertion ━━━━━━━━━━━━━━━━━━━━━━━━
runtime	Run corepack pnpm check:style	2026-10-07T00:08:57.7846469Z
runtime	Run corepack pnpm check:style	2026-10-07T00:08:57.7846608Z   ! Forbidden non-null assertion.
runtime	Run corepack pnpm check:style	2026-10-07T00:08:57.7846856Z
runtime	Run corepack pnpm check:style	2026-10-07T00:08:57.7847192Z     121 │         option.allowedValueIds.flatMap((id) => {
runtime	Run corepack pnpm check:style	2026-10-07T00:08:57.7847623Z     122 │           const label = oldLabels?.[id];
runtime	Run corepack pnpm check:style	2026-10-07T00:08:57.7848075Z   > 123 │           return label ? [[values.get(id)!, label]] : [];
runtime	Run corepack pnpm check:style	2026-10-07T00:08:57.7848486Z         │                            ^^^^^^^^^^^^^^^
runtime	Run corepack pnpm check:style	2026-10-07T00:08:57.7848779Z     124 │         }),
runtime	Run corepack pnpm check:style	2026-10-07T00:08:57.7849010Z     125 │       );
runtime	Run corepack pnpm check:style	2026-10-07T00:08:57.7849194Z
runtime	Run corepack pnpm check:style	2026-10-07T00:08:57.7849290Z
runtime	Run corepack pnpm check:style	2026-10-07T00:08:57.7849765Z apps/web/src/server/merchant-config.ts:126:47 lint/style/noNonNullAssertion ━━━━━━━━━━━━━━━━━━━━━━━━
runtime	Run corepack pnpm check:style	2026-10-07T00:08:57.7850154Z
runtime	Run corepack pnpm check:style	2026-10-07T00:08:57.7850287Z   ! Forbidden non-null assertion.
runtime	Run corepack pnpm check:style	2026-10-07T00:08:57.7850519Z
runtime	Run corepack pnpm check:style	2026-10-07T00:08:57.7850711Z     124 │         }),
runtime	Run corepack pnpm check:style	2026-10-07T00:08:57.7851122Z     125 │       );
runtime	Run corepack pnpm check:style	2026-10-07T00:08:57.7851603Z   > 126 │       return Object.keys(remapped).length ? [[options.get(option.id)!, remapped]] : [];
runtime	Run corepack pnpm check:style	2026-10-07T00:08:57.7852166Z         │                                               ^^^^^^^^^^^^^^^^^^^^^^^
runtime	Run corepack pnpm check:style	2026-10-07T00:08:57.7852494Z     127 │     }),
runtime	Run corepack pnpm check:style	2026-10-07T00:08:57.7852705Z     128 │   );
runtime	Run corepack pnpm check:style	2026-10-07T00:08:57.7852882Z
runtime	Run corepack pnpm check:style	2026-10-07T00:08:57.7852976Z
runtime	Run corepack pnpm check:style	2026-10-07T00:08:57.7853446Z apps/web/src/server/merchant-config.ts:132:50 lint/style/noNonNullAssertion ━━━━━━━━━━━━━━━━━━━━━━━━
runtime	Run corepack pnpm check:style	2026-10-07T00:08:57.7853822Z
runtime	Run corepack pnpm check:style	2026-10-07T00:08:57.7853935Z   ! Forbidden non-null assertion.
runtime	Run corepack pnpm check:style	2026-10-07T00:08:57.7854170Z
runtime	Run corepack pnpm check:style	2026-10-07T00:08:57.7854368Z     130 │     ...source,
runtime	Run corepack pnpm check:style	2026-10-07T00:08:57.7854603Z     131 │     labels,
runtime	Run corepack pnpm check:style	2026-10-07T00:08:57.7855034Z   > 132 │     methods: source.methods.map((item) => ({ id: methods.get(item.id)! })),
runtime	Run corepack pnpm check:style	2026-10-07T00:08:57.7856001Z         │                                                  ^^^^^^^^^^^^^^^^^^^^^
runtime	Run corepack pnpm check:style	2026-10-07T00:08:57.7856496Z     133 │     placements: source.placements.map((item) => ({
runtime	Run corepack pnpm check:style	2026-10-07T00:08:57.7856853Z     134 │       ...item,
runtime	Run corepack pnpm check:style	2026-10-07T00:08:57.7857058Z
runtime	Run corepack pnpm check:style	2026-10-07T00:08:57.7857150Z
runtime	Run corepack pnpm check:style	2026-10-07T00:08:57.7857628Z apps/web/src/server/merchant-config.ts:135:11 lint/style/noNonNullAssertion ━━━━━━━━━━━━━━━━━━━━━━━━
runtime	Run corepack pnpm check:style	2026-10-07T00:08:57.7858007Z
runtime	Run corepack pnpm check:style	2026-10-07T00:08:57.7858118Z   ! Forbidden non-null assertion.
runtime	Run corepack pnpm check:style	2026-10-07T00:08:57.7858349Z
runtime	Run corepack pnpm check:style	2026-10-07T00:08:57.7858657Z     133 │     placements: source.placements.map((item) => ({
runtime	Run corepack pnpm check:style	2026-10-07T00:08:57.7859004Z     134 │       ...item,
runtime	Run corepack pnpm check:style	2026-10-07T00:08:57.7859305Z   > 135 │       id: placements.get(item.id)!,
runtime	Run corepack pnpm check:style	2026-10-07T00:08:57.7859667Z         │           ^^^^^^^^^^^^^^^^^^^^^^^^
runtime	Run corepack pnpm check:style	2026-10-07T00:08:57.7860193Z     136 │       allowedMethodIds: item.allowedMethodIds.map((id) => methods.get(id)!),
runtime	Run corepack pnpm check:style	2026-10-07T00:08:57.7860825Z     137 │       allowedStepIds: item.allowedStepIds.map((id) => steps.get(id)!),
runtime	Run corepack pnpm check:style	2026-10-07T00:08:57.7861194Z
runtime	Run corepack pnpm check:style	2026-10-07T00:08:57.7861331Z
runtime	Run corepack pnpm check:style	2026-10-07T00:08:57.7861799Z apps/web/src/server/merchant-config.ts:136:59 lint/style/noNonNullAssertion ━━━━━━━━━━━━━━━━━━━━━━━━
runtime	Run corepack pnpm check:style	2026-10-07T00:08:57.7862181Z
runtime	Run corepack pnpm check:style	2026-10-07T00:08:57.7862295Z   ! Forbidden non-null assertion.
runtime	Run corepack pnpm check:style	2026-10-07T00:08:57.7862535Z
runtime	Run corepack pnpm check:style	2026-10-07T00:08:57.7862734Z     134 │       ...item,
runtime	Run corepack pnpm check:style	2026-10-07T00:08:57.7863037Z     135 │       id: placements.get(item.id)!,
runtime	Run corepack pnpm check:style	2026-10-07T00:08:57.7863551Z   > 136 │       allowedMethodIds: item.allowedMethodIds.map((id) => methods.get(id)!),
runtime	Run corepack pnpm check:style	2026-10-07T00:08:57.7864088Z         │                                                           ^^^^^^^^^^^^^^^^
runtime	Run corepack pnpm check:style	2026-10-07T00:08:57.7864646Z     137 │       allowedStepIds: item.allowedStepIds.map((id) => steps.get(id)!),
runtime	Run corepack pnpm check:style	2026-10-07T00:08:57.7865039Z     138 │     })),
runtime	Run corepack pnpm check:style	2026-10-07T00:08:57.7865228Z
runtime	Run corepack pnpm check:style	2026-10-07T00:08:57.7865321Z
runtime	Run corepack pnpm check:style	2026-10-07T00:08:57.7866065Z apps/web/src/server/merchant-config.ts:137:55 lint/style/noNonNullAssertion ━━━━━━━━━━━━━━━━━━━━━━━━
runtime	Run corepack pnpm check:style	2026-10-07T00:08:57.7866490Z
runtime	Run corepack pnpm check:style	2026-10-07T00:08:57.7866848Z   ! Forbidden non-null assertion.
runtime	Run corepack pnpm check:style	2026-10-07T00:08:57.7867104Z
runtime	Run corepack pnpm check:style	2026-10-07T00:08:57.7867390Z     135 │       id: placements.get(item.id)!,
runtime	Run corepack pnpm check:style	2026-10-07T00:08:57.7867910Z     136 │       allowedMethodIds: item.allowedMethodIds.map((id) => methods.get(id)!),
runtime	Run corepack pnpm check:style	2026-10-07T00:08:57.7868529Z   > 137 │       allowedStepIds: item.allowedStepIds.map((id) => steps.get(id)!),
runtime	Run corepack pnpm check:style	2026-10-07T00:08:57.7869040Z         │                                                       ^^^^^^^^^^^^^^
runtime	Run corepack pnpm check:style	2026-10-07T00:08:57.7869369Z     138 │     })),
runtime	Run corepack pnpm check:style	2026-10-07T00:08:57.7869767Z     139 │     productionOptions: source.productionOptions.map((item) => ({
runtime	Run corepack pnpm check:style	2026-10-07T00:08:57.7870121Z
runtime	Run corepack pnpm check:style	2026-10-07T00:08:57.7870212Z
runtime	Run corepack pnpm check:style	2026-10-07T00:08:57.7870688Z apps/web/src/server/merchant-config.ts:140:11 lint/style/noNonNullAssertion ━━━━━━━━━━━━━━━━━━━━━━━━
runtime	Run corepack pnpm check:style	2026-10-07T00:08:57.7871069Z
runtime	Run corepack pnpm check:style	2026-10-07T00:08:57.7871326Z   ! Forbidden non-null assertion.
runtime	Run corepack pnpm check:style	2026-10-07T00:08:57.7871565Z
runtime	Run corepack pnpm check:style	2026-10-07T00:08:57.7871772Z     138 │     })),
runtime	Run corepack pnpm check:style	2026-10-07T00:08:57.7872184Z     139 │     productionOptions: source.productionOptions.map((item) => ({
runtime	Run corepack pnpm check:style	2026-10-07T00:08:57.7872633Z   > 140 │       id: options.get(item.id)!,
runtime	Run corepack pnpm check:style	2026-10-07T00:08:57.7872972Z         │           ^^^^^^^^^^^^^^^^^^^^^
runtime	Run corepack pnpm check:style	2026-10-07T00:08:57.7873448Z     141 │       allowedValueIds: item.allowedValueIds.map((id) => values.get(id)!),
runtime	Run corepack pnpm check:style	2026-10-07T00:08:57.7873862Z     142 │     })),
runtime	Run corepack pnpm check:style	2026-10-07T00:08:57.7874044Z
runtime	Run corepack pnpm check:style	2026-10-07T00:08:57.7874133Z
runtime	Run corepack pnpm check:style	2026-10-07T00:08:57.7874605Z apps/web/src/server/merchant-config.ts:141:57 lint/style/noNonNullAssertion ━━━━━━━━━━━━━━━━━━━━━━━━
runtime	Run corepack pnpm check:style	2026-10-07T00:08:57.7874996Z
runtime	Run corepack pnpm check:style	2026-10-07T00:08:57.7875107Z   ! Forbidden non-null assertion.
runtime	Run corepack pnpm check:style	2026-10-07T00:08:57.7875340Z
runtime	Run corepack pnpm check:style	2026-10-07T00:08:57.7875998Z     139 │     productionOptions: source.productionOptions.map((item) => ({
runtime	Run corepack pnpm check:style	2026-10-07T00:08:57.7876475Z     140 │       id: options.get(item.id)!,
runtime	Run corepack pnpm check:style	2026-10-07T00:08:57.7876987Z   > 141 │       allowedValueIds: item.allowedValueIds.map((id) => values.get(id)!),
runtime	Run corepack pnpm check:style	2026-10-07T00:08:57.7877529Z         │                                                         ^^^^^^^^^^^^^^^
runtime	Run corepack pnpm check:style	2026-10-07T00:08:57.7877858Z     142 │     })),
runtime	Run corepack pnpm check:style	2026-10-07T00:08:57.7878213Z     143 │     pricingRules: source.pricingRules.map((rule) => ({
runtime	Run corepack pnpm check:style	2026-10-07T00:08:57.7878529Z
runtime	Run corepack pnpm check:style	2026-10-07T00:08:57.7878630Z
runtime	Run corepack pnpm check:style	2026-10-07T00:08:57.7879037Z The number of diagnostics exceeds the limit allowed. Use --max-diagnostics to increase it.
runtime	Run corepack pnpm check:style	2026-10-07T00:08:57.7879514Z Diagnostics not shown: 125.
runtime	Run corepack pnpm check:style	2026-10-07T00:08:57.7879836Z Checked 271 files in 702ms. No fixes applied.
runtime	Run corepack pnpm check:style	2026-10-07T00:08:57.7880128Z Found 62 warnings.
runtime	Run corepack pnpm check:style	2026-10-07T00:08:57.7880325Z Found 83 infos.
runtime	Run corepack pnpm check:boundaries	﻿2026-10-07T00:08:57.8211517Z ##[group]Run corepack pnpm check:boundaries
runtime	Run corepack pnpm check:boundaries	2026-10-07T00:08:57.8211913Z ^[[36;1mcorepack pnpm check:boundaries^[[0m
runtime	Run corepack pnpm check:boundaries	2026-10-07T00:08:57.8275186Z shell: /usr/bin/bash -e {0}
runtime	Run corepack pnpm check:boundaries	2026-10-07T00:08:57.8275462Z env:
runtime	Run corepack pnpm check:boundaries	2026-10-07T00:08:57.8276589Z   DATABASE_URL: ***localhost:5432/insignia_test?sslmode=disable
runtime	Run corepack pnpm check:boundaries	2026-10-07T00:08:57.8276983Z   INSIGNIA_REQUIRE_POSTGRES_TEST: 1
runtime	Run corepack pnpm check:boundaries	2026-10-07T00:08:57.8277256Z ##[endgroup]
runtime	Run corepack pnpm check:boundaries	2026-10-07T00:08:57.9156299Z $ node scripts/boundaries/check.mjs && node scripts/boundaries/check-database-api.mjs && node scripts/boundaries/check-domain-effects.mjs && node --test scripts/boundaries/domain-effects.test.mjs
runtime	Run corepack pnpm check:boundaries	2026-10-07T00:09:18.4435211Z Boundary checks passed: 191 real modules, 4 browser modules, 19 negative source fixtures, 2 rejected browser bundles and exports.
runtime	Run corepack pnpm check:boundaries	2026-10-07T00:09:29.9813957Z Database public API rejects 19 compiler probes and 4 runtime deep imports.
runtime	Run corepack pnpm check:boundaries	2026-10-07T00:09:30.5692537Z 6 production domain modules have no prohibited ambient effects
runtime	Run corepack pnpm check:boundaries	2026-10-07T00:09:31.4847992Z ✔ Date.now is rejected in a production domain helper (7.857552ms)
runtime	Run corepack pnpm check:boundaries	2026-10-07T00:09:31.4873677Z ✔ new Date is rejected in a production domain helper (0.762964ms)
runtime	Run corepack pnpm check:boundaries	2026-10-07T00:09:31.4874518Z ✔ Math.random is rejected in a production domain helper (0.517673ms)
runtime	Run corepack pnpm check:boundaries	2026-10-07T00:09:31.4875770Z ✔ globalThis.Date.now is rejected in a production domain helper (0.544824ms)
runtime	Run corepack pnpm check:boundaries	2026-10-07T00:09:31.4883108Z ✔ fetch is rejected in a production domain helper (1.138961ms)
runtime	Run corepack pnpm check:boundaries	2026-10-07T00:09:31.4896027Z ✔ globalThis.crypto is rejected in a production domain helper (0.471927ms)
runtime	Run corepack pnpm check:boundaries	2026-10-07T00:09:31.4897268Z ✔ computed random is rejected in a production domain helper (0.961057ms)
runtime	Run corepack pnpm check:boundaries	2026-10-07T00:09:31.4898610Z ✔ template random is rejected in a production domain helper (0.782181ms)
runtime	Run corepack pnpm check:boundaries	2026-10-07T00:09:31.5013283Z ✔ dynamic Math member is rejected in a production domain helper (1.266911ms)
runtime	Run corepack pnpm check:boundaries	2026-10-07T00:09:31.5015438Z ✔ spread Date is rejected in a production domain helper (1.60159ms)
runtime	Run corepack pnpm check:boundaries	2026-10-07T00:09:31.5017097Z ✔ random destructuring is rejected in a production domain helper (0.787931ms)
runtime	Run corepack pnpm check:boundaries	2026-10-07T00:09:31.5018362Z ✔ date alias is rejected in a production domain helper (0.326243ms)
runtime	Run corepack pnpm check:boundaries	2026-10-07T00:09:31.5019578Z ✔ math alias is rejected in a production domain helper (0.300535ms)
runtime	Run corepack pnpm check:boundaries	2026-10-07T00:09:31.5021152Z ✔ import meta is rejected in a production domain helper (0.438915ms)
runtime	Run corepack pnpm check:boundaries	2026-10-07T00:09:31.5022446Z ✔ process environment is rejected in a production domain helper (0.241143ms)
runtime	Run corepack pnpm check:boundaries	2026-10-07T00:09:31.5028878Z ✔ deterministic numeric and explicit-value operations stay allowed (1.779405ms)
runtime	Run corepack pnpm check:boundaries	2026-10-07T00:09:31.5058220Z ✔ type-only properties are not ambient API references (1.959444ms)
runtime	Run corepack pnpm check:boundaries	2026-10-07T00:09:31.5074689Z ✔ compiled graph includes an imported module with an excluded test-like filename (567.054403ms)
runtime	Run corepack pnpm check:boundaries	2026-10-07T00:09:31.5356782Z ℹ tests 18
runtime	Run corepack pnpm check:boundaries	2026-10-07T00:09:31.5357303Z ℹ suites 0
runtime	Run corepack pnpm check:boundaries	2026-10-07T00:09:31.5357649Z ℹ pass 18
runtime	Run corepack pnpm check:boundaries	2026-10-07T00:09:31.5357899Z ℹ fail 0
runtime	Run corepack pnpm check:boundaries	2026-10-07T00:09:31.5358150Z ℹ cancelled 0
runtime	Run corepack pnpm check:boundaries	2026-10-07T00:09:31.5358411Z ℹ skipped 0
runtime	Run corepack pnpm check:boundaries	2026-10-07T00:09:31.5358685Z ℹ todo 0
runtime	Run corepack pnpm check:boundaries	2026-10-07T00:09:31.5358971Z ℹ duration_ms 925.900081
runtime	Run corepack pnpm check:secrets	﻿2026-10-07T00:09:31.5516701Z ##[group]Run corepack pnpm check:secrets
runtime	Run corepack pnpm check:secrets	2026-10-07T00:09:31.5517099Z ^[[36;1mcorepack pnpm check:secrets^[[0m
runtime	Run corepack pnpm check:secrets	2026-10-07T00:09:31.5579347Z shell: /usr/bin/bash -e {0}
runtime	Run corepack pnpm check:secrets	2026-10-07T00:09:31.5579601Z env:
runtime	Run corepack pnpm check:secrets	2026-10-07T00:09:31.5580142Z   DATABASE_URL: ***localhost:5432/insignia_test?sslmode=disable
runtime	Run corepack pnpm check:secrets	2026-10-07T00:09:31.5580507Z   INSIGNIA_REQUIRE_POSTGRES_TEST: 1
runtime	Run corepack pnpm check:secrets	2026-10-07T00:09:31.5580761Z ##[endgroup]
runtime	Run corepack pnpm check:secrets	2026-10-07T00:09:31.6405281Z $ node scripts/boundaries/check-secrets.mjs
runtime	Run corepack pnpm check:secrets	2026-10-07T00:09:31.6840697Z Secret/fixture provenance check passed: 110 production source files, 83 separately scanned test/fixture files, 2 browser artifacts, 2 explicitly synthetic seeds.
runtime	Run corepack pnpm check:database	﻿2026-10-07T00:09:31.6987258Z ##[group]Run corepack pnpm check:database
runtime	Run corepack pnpm check:database	2026-10-07T00:09:31.6987634Z ^[[36;1mcorepack pnpm check:database^[[0m
runtime	Run corepack pnpm check:database	2026-10-07T00:09:31.7050220Z shell: /usr/bin/bash -e {0}
runtime	Run corepack pnpm check:database	2026-10-07T00:09:31.7050475Z env:
runtime	Run corepack pnpm check:database	2026-10-07T00:09:31.7051019Z   DATABASE_URL: ***localhost:5432/insignia_test?sslmode=disable
runtime	Run corepack pnpm check:database	2026-10-07T00:09:31.7051385Z   INSIGNIA_REQUIRE_POSTGRES_TEST: 1
runtime	Run corepack pnpm check:database	2026-10-07T00:09:31.7051638Z ##[endgroup]
runtime	Run corepack pnpm check:database	2026-10-07T00:09:31.7916285Z $ corepack pnpm db:migrate && corepack pnpm db:migrate && corepack pnpm test:database
runtime	Run corepack pnpm check:database	2026-10-07T00:09:31.8663360Z $ dbmate --no-dump-schema --migrations-dir packages/database/migrations up
runtime	Run corepack pnpm check:database	2026-10-07T00:09:31.9340634Z Applying: 20260929000100_durable_core.sql
runtime	Run corepack pnpm check:database	2026-10-07T00:09:31.9615930Z Applied: 20260929000100_durable_core.sql in 27.163313ms
runtime	Run corepack pnpm check:database	2026-10-07T00:09:31.9617101Z Applying: 20260929000200_runtime_ingress_credentials.sql
runtime	Run corepack pnpm check:database	2026-10-07T00:09:31.9703235Z Applied: 20260929000200_runtime_ingress_credentials.sql in 8.913755ms
runtime	Run corepack pnpm check:database	2026-10-07T00:09:31.9703793Z Applying: 20260929000300_authorization_generation.sql
runtime	Run corepack pnpm check:database	2026-10-07T00:09:31.9753182Z Applied: 20260929000300_authorization_generation.sql in 4.988672ms
runtime	Run corepack pnpm check:database	2026-10-07T00:09:31.9753823Z Applying: 20260929000400_accepted_quote.sql
runtime	Run corepack pnpm check:database	2026-10-07T00:09:31.9848906Z Applied: 20260929000400_accepted_quote.sql in 9.59104ms
runtime	Run corepack pnpm check:database	2026-10-07T00:09:31.9849551Z Applying: 20260930000100_m4_key_lifecycle.sql
runtime	Run corepack pnpm check:database	2026-10-07T00:09:31.9939640Z Applied: 20260930000100_m4_key_lifecycle.sql in 9.02717ms
runtime	Run corepack pnpm check:database	2026-10-07T00:09:31.9940461Z Applying: 20260930000200_publication_progress.sql
runtime	Run corepack pnpm check:database	2026-10-07T00:09:31.9984485Z Applied: 20260930000200_publication_progress.sql in 4.486781ms
runtime	Run corepack pnpm check:database	2026-10-07T00:09:31.9985368Z Applying: 20260930000300_m5_revision_geometry.sql
runtime	Run corepack pnpm check:database	2026-10-07T00:09:32.0020923Z Applied: 20260930000300_m5_revision_geometry.sql in 3.63061ms
runtime	Run corepack pnpm check:database	2026-10-07T00:09:32.0021786Z Applying: 20260930000400_m5_revision_presentation.sql
runtime	Run corepack pnpm check:database	2026-10-07T00:09:32.0055462Z Applied: 20260930000400_m5_revision_presentation.sql in 3.426827ms
runtime	Run corepack pnpm check:database	2026-10-07T00:09:32.0056281Z Applying: 20260930000500_m5_publication_source_version.sql
runtime	Run corepack pnpm check:database	2026-10-07T00:09:32.0075159Z Applied: 20260930000500_m5_publication_source_version.sql in 1.961227ms
runtime	Run corepack pnpm check:database	2026-10-07T00:09:32.0076413Z Applying: 20260930000600_m5_publication_intent_generation.sql
runtime	Run corepack pnpm check:database	2026-10-07T00:09:32.0094863Z Applied: 20260930000600_m5_publication_intent_generation.sql in 1.949765ms
runtime	Run corepack pnpm check:database	2026-10-07T00:09:32.0095993Z Applying: 20260930000700_m5_publication_intent_lookup.sql
runtime	Run corepack pnpm check:database	2026-10-07T00:09:32.0116150Z Applied: 20260930000700_m5_publication_intent_lookup.sql in 2.155997ms
runtime	Run corepack pnpm check:database	2026-10-07T00:09:32.0117712Z Applying: 20260930000800_m5_current_publication_pointer.sql
runtime	Run corepack pnpm check:database	2026-10-07T00:09:32.0156141Z Applied: 20260930000800_m5_current_publication_pointer.sql in 3.969482ms
runtime	Run corepack pnpm check:database	2026-10-07T00:09:32.0157146Z Applying: 20260930000900_m5_activation.sql
runtime	Run corepack pnpm check:database	2026-10-07T00:09:32.0294488Z Applied: 20260930000900_m5_activation.sql in 13.791012ms
runtime	Run corepack pnpm check:database	2026-10-07T00:09:32.0295260Z Applying: 20261006000100_m5_availability_v2.sql
runtime	Run corepack pnpm check:database	2026-10-07T00:09:32.0401534Z Applied: 20261006000100_m5_availability_v2.sql in 10.717177ms
runtime	Run corepack pnpm check:database	2026-10-07T00:09:32.1252883Z $ dbmate --no-dump-schema --migrations-dir packages/database/migrations up
runtime	Run corepack pnpm check:database	2026-10-07T00:09:32.2651887Z $ corepack pnpm --filter @insignia/database test
runtime	Run corepack pnpm check:database	2026-10-07T00:09:32.3432691Z $ vitest run
runtime	Run corepack pnpm check:database	2026-10-07T00:09:32.6256085Z
runtime	Run corepack pnpm check:database	2026-10-07T00:09:32.6257878Z ^[[1m^[[30m^[[46m RUN ^[[49m^[[39m^[[22m ^[[36mv5.0.2 ^[[39m^[[90m/home/runner/work/insignia/insignia/packages/database^[[39m
runtime	Run corepack pnpm check:database	2026-10-07T00:09:32.6258559Z
runtime	Run corepack pnpm check:database	2026-10-07T00:09:34.2884761Z  ^[[32m✓^[[39m test/accepted-quote.test.ts ^[[2m(^[[22m^[[2m2 tests^[[22m^[[2m)^[[22m^[[33m 651^[[2mms^[[22m^[[39m
runtime	Run corepack pnpm check:database	2026-10-07T00:09:34.2886903Z    ^[[32m✓^[[39m accepted quote PostgreSQL authority ^[[2m(2)^[[22m
runtime	Run corepack pnpm check:database	2026-10-07T00:09:34.2888694Z      ^[[33m^[[2m✓^[[22m^[[39m stores one complete quote/set, replays the same key, and forbids mutation^[[33m 480^[[2mms^[[22m^[[39m
runtime	Run corepack pnpm check:database	2026-10-07T00:09:34.4331994Z  ^[[32m✓^[[39m test/runtime.test.ts ^[[2m(^[[22m^[[2m11 tests^[[22m^[[2m)^[[22m^[[33m 802^[[2mms^[[22m^[[39m
runtime	Run corepack pnpm check:database	2026-10-07T00:09:35.1791454Z  ^[[32m✓^[[39m test/config.test.ts ^[[2m(^[[22m^[[2m9 tests^[[22m^[[2m)^[[22m^[[33m 324^[[2mms^[[22m^[[39m
runtime	Run corepack pnpm check:database	2026-10-07T00:09:35.8667092Z  ^[[32m✓^[[39m test/production-publication.test.ts ^[[2m(^[[22m^[[2m10 tests^[[22m^[[2m)^[[22m^[[33m 840^[[2mms^[[22m^[[39m
runtime	Run corepack pnpm check:database	2026-10-07T00:09:36.2650534Z  ^[[32m✓^[[39m test/delivery/pg-delivery-repository.test.ts ^[[2m(^[[22m^[[2m10 tests^[[22m^[[2m)^[[22m^[[33m 517^[[2mms^[[22m^[[39m
runtime	Run corepack pnpm check:database	2026-10-07T00:09:36.8245438Z  ^[[32m✓^[[39m test/command/pg-command-repository.test.ts ^[[2m(^[[22m^[[2m6 tests^[[22m^[[2m)^[[22m^[[33m 374^[[2mms^[[22m^[[39m
runtime	Run corepack pnpm check:database	2026-10-07T00:09:37.0567492Z  ^[[32m✓^[[39m test/signing-keys.test.ts ^[[2m(^[[22m^[[2m3 tests^[[22m^[[2m)^[[22m^[[32m 212^[[2mms^[[22m^[[39m
runtime	Run corepack pnpm check:database	2026-10-07T00:09:37.7261816Z  ^[[32m✓^[[39m test/authorization-generation.test.ts ^[[2m(^[[22m^[[2m1 test^[[22m^[[2m)^[[22m^[[32m 110^[[2mms^[[22m^[[39m
runtime	Run corepack pnpm check:database	2026-10-07T00:09:37.7321753Z  ^[[32m✓^[[39m test/public-admission.test.ts ^[[2m(^[[22m^[[2m3 tests^[[22m^[[2m)^[[22m^[[32m 215^[[2mms^[[22m^[[39m
runtime	Run corepack pnpm check:database	2026-10-07T00:09:37.7487782Z ^[[90mstdout^[[2m | test/activation.test.ts^[[2m > ^[[22m^[[2mPG18 scoped production activation^[[2m > ^[[22m^[[2mR1-T real restoration credential delay 0 ms
runtime	Run corepack pnpm check:database	2026-10-07T00:09:37.7489395Z ^[[22m^[[39mR1_T_RESTORE_HTTP_OBSERVATION {"result":{"kind":"ACTIVE","evidenceDigest":"ef9232cdd264097138efb315c41704d0a54f5a95604025bee8ca5cfa130ae199"},"statusMutations":["DRAFT","ACTIVE"]}
runtime	Run corepack pnpm check:database	2026-10-07T00:09:37.7490100Z
runtime	Run corepack pnpm check:database	2026-10-07T00:09:37.8750107Z ^[[90mstdout^[[2m | test/activation.test.ts^[[2m > ^[[22m^[[2mPG18 scoped production activation^[[2m > ^[[22m^[[2mR1-T real restoration credential delay 999 ms
runtime	Run corepack pnpm check:database	2026-10-07T00:09:37.8751750Z ^[[22m^[[39mR1_T_RESTORE_HTTP_OBSERVATION {"result":{"kind":"ACTIVE","evidenceDigest":"b7bb0292a0f332584f4ef89ec8282b07e5d90d0e92a6516e9957cb243af80699"},"statusMutations":["DRAFT","ACTIVE"]}
runtime	Run corepack pnpm check:database	2026-10-07T00:09:37.8752438Z
runtime	Run corepack pnpm check:database	2026-10-07T00:09:38.0078299Z ^[[90mstdout^[[2m | test/activation.test.ts^[[2m > ^[[22m^[[2mPG18 scoped production activation^[[2m > ^[[22m^[[2mR1-T real restoration credential delay 1000 ms
runtime	Run corepack pnpm check:database	2026-10-07T00:09:38.0081087Z ^[[22m^[[39mR1_T_RESTORE_HTTP_OBSERVATION {"result":{"kind":"ACTIVE","evidenceDigest":"99e32eeaa036bb3dbbd21b6da8790c8433feb79e8096a76531b0aea0c53f1d6e"},"statusMutations":["DRAFT","ACTIVE"]}
runtime	Run corepack pnpm check:database	2026-10-07T00:09:38.0082385Z
runtime	Run corepack pnpm check:database	2026-10-07T00:09:38.1277069Z ^[[90mstdout^[[2m | test/activation.test.ts^[[2m > ^[[22m^[[2mPG18 scoped production activation^[[2m > ^[[22m^[[2mR1-T real restoration credential delay 1001 ms
runtime	Run corepack pnpm check:database	2026-10-07T00:09:38.1279999Z ^[[22m^[[39mR1_T_RESTORE_HTTP_OBSERVATION {"result":{"kind":"ACTIVATED_RESTORATION_PENDING","evidenceDigest":"46ee1b8b5c6bd5637ec372c50bfa9f8040a774204b7886097abe87af56cc1346"},"statusMutations":["DRAFT"]}
runtime	Run corepack pnpm check:database	2026-10-07T00:09:38.1285955Z
runtime	Run corepack pnpm check:database	2026-10-07T00:09:38.2501595Z ^[[90mstdout^[[2m | test/activation.test.ts^[[2m > ^[[22m^[[2mPG18 scoped production activation^[[2m > ^[[22m^[[2mR1-T real restoration credential delay 2000 ms
runtime	Run corepack pnpm check:database	2026-10-07T00:09:38.2503912Z ^[[22m^[[39mR1_T_RESTORE_HTTP_OBSERVATION {"result":{"kind":"ACTIVATED_RESTORATION_PENDING","evidenceDigest":"d1e1c6a38bed30ee73db0b9eb9d247d9d0534de1164fd988720bc9b0072280e2"},"statusMutations":["DRAFT"]}
runtime	Run corepack pnpm check:database	2026-10-07T00:09:38.2504696Z
runtime	Run corepack pnpm check:database	2026-10-07T00:09:38.3992372Z ^[[90mstdout^[[2m | test/activation.test.ts^[[2m > ^[[22m^[[2mPG18 scoped production activation^[[2m > ^[[22m^[[2mR1-T real restoration credential delay -1 ms
runtime	Run corepack pnpm check:database	2026-10-07T00:09:38.3995115Z ^[[22m^[[39mR1_T_RESTORE_HTTP_OBSERVATION {"result":{"kind":"ACTIVATED_RESTORATION_PENDING","evidenceDigest":"8469cd75a816492973ebecf77150e35e22e08a81fca0704e472bf42f056182ac"},"statusMutations":["DRAFT"]}
runtime	Run corepack pnpm check:database	2026-10-07T00:09:38.3996662Z
runtime	Run corepack pnpm check:database	2026-10-07T00:09:45.2001502Z  ^[[32m✓^[[39m test/activation.test.ts ^[[2m(^[[22m^[[2m106 tests^[[22m^[[2m)^[[22m^[[33m 11443^[[2mms^[[22m^[[39m
runtime	Run corepack pnpm check:database	2026-10-07T00:09:45.2003040Z    ^[[32m✓^[[39m PG18 scoped production activation ^[[2m(106)^[[22m
runtime	Run corepack pnpm check:database	2026-10-07T00:09:45.2004898Z      ^[[33m^[[2m✓^[[22m^[[39m v2 hold/evidence/restoration audit JSONB roundtrips, remains immutable, and rejects v1 decision semantics^[[33m 350^[[2mms^[[22m^[[39m
runtime	Run corepack pnpm check:database	2026-10-07T00:09:45.2007414Z      ^[[33m^[[2m✓^[[22m^[[39m policy transition requires its own hold (optional-to-required)^[[33m 303^[[2mms^[[22m^[[39m
runtime	Run corepack pnpm check:database	2026-10-07T00:09:45.2044803Z
runtime	Run corepack pnpm check:database	2026-10-07T00:09:45.2056729Z ^[[2m Test Files ^[[22m ^[[1m^[[32m10 passed^[[39m^[[22m^[[90m (10)^[[39m
runtime	Run corepack pnpm check:database	2026-10-07T00:09:45.2079140Z ^[[2m      Tests ^[[22m ^[[1m^[[32m161 passed^[[39m^[[22m^[[90m (161)^[[39m
runtime	Run corepack pnpm check:database	2026-10-07T00:09:45.2080029Z ^[[2m   Start at ^[[22m 00:09:32
runtime	Run corepack pnpm check:database	2026-10-07T00:09:45.2081065Z ^[[2m   Duration ^[[22m 12.57s^[[2m (tests 73%, import 19%, transform 7%)^[[22m
runtime	Run corepack pnpm check:database	2026-10-07T00:09:45.2081673Z
runtime	Run corepack pnpm --filter @insignia/shopify test	﻿2026-10-07T00:09:45.2697497Z ##[group]Run corepack pnpm --filter @insignia/shopify test
runtime	Run corepack pnpm --filter @insignia/shopify test	2026-10-07T00:09:45.2697977Z ^[[36;1mcorepack pnpm --filter @insignia/shopify test^[[0m
runtime	Run corepack pnpm --filter @insignia/shopify test	2026-10-07T00:09:45.2760765Z shell: /usr/bin/bash -e {0}
runtime	Run corepack pnpm --filter @insignia/shopify test	2026-10-07T00:09:45.2761030Z env:
runtime	Run corepack pnpm --filter @insignia/shopify test	2026-10-07T00:09:45.2761667Z   DATABASE_URL: ***localhost:5432/insignia_test?sslmode=disable
runtime	Run corepack pnpm --filter @insignia/shopify test	2026-10-07T00:09:45.2762033Z   INSIGNIA_REQUIRE_POSTGRES_TEST: 1
runtime	Run corepack pnpm --filter @insignia/shopify test	2026-10-07T00:09:45.2762297Z ##[endgroup]
runtime	Run corepack pnpm --filter @insignia/shopify test	2026-10-07T00:09:45.3600618Z $ vitest run
runtime	Run corepack pnpm --filter @insignia/shopify test	2026-10-07T00:09:45.6521436Z
runtime	Run corepack pnpm --filter @insignia/shopify test	2026-10-07T00:09:45.6527039Z ^[[1m^[[30m^[[46m RUN ^[[49m^[[39m^[[22m ^[[36mv5.0.2 ^[[39m^[[90m/home/runner/work/insignia/insignia/packages/shopify^[[39m
runtime	Run corepack pnpm --filter @insignia/shopify test	2026-10-07T00:09:45.6527522Z
runtime	Run corepack pnpm --filter @insignia/shopify test	2026-10-07T00:09:46.0380641Z  ^[[32m✓^[[39m test/contextual-pricing.test.ts ^[[2m(^[[22m^[[2m26 tests^[[22m^[[2m)^[[22m^[[32m 95^[[2mms^[[22m^[[39m
runtime	Run corepack pnpm --filter @insignia/shopify test	2026-10-07T00:09:46.3830069Z  ^[[32m✓^[[39m test/publication-admin.test.ts ^[[2m(^[[22m^[[2m12 tests^[[22m^[[2m)^[[22m^[[32m 162^[[2mms^[[22m^[[39m
runtime	Run corepack pnpm --filter @insignia/shopify test	2026-10-07T00:09:46.5406476Z  ^[[32m✓^[[39m test/availability-hold-v2.test.ts ^[[2m(^[[22m^[[2m41 tests^[[22m^[[2m)^[[22m^[[32m 298^[[2mms^[[22m^[[39m
runtime	Run corepack pnpm --filter @insignia/shopify test	2026-10-07T00:09:46.6357745Z  ^[[32m✓^[[39m test/active-subscription.test.ts ^[[2m(^[[22m^[[2m21 tests^[[22m^[[2m)^[[22m^[[32m 73^[[2mms^[[22m^[[39m
runtime	Run corepack pnpm --filter @insignia/shopify test	2026-10-07T00:09:46.7292601Z  ^[[32m✓^[[39m test/function-ownership.test.ts ^[[2m(^[[22m^[[2m5 tests^[[22m^[[2m)^[[22m^[[32m 12^[[2mms^[[22m^[[39m
runtime	Run corepack pnpm --filter @insignia/shopify test	2026-10-07T00:09:46.8928680Z  ^[[32m✓^[[39m test/catalog.test.ts ^[[2m(^[[22m^[[2m5 tests^[[22m^[[2m)^[[22m^[[32m 14^[[2mms^[[22m^[[39m
runtime	Run corepack pnpm --filter @insignia/shopify test	2026-10-07T00:09:46.9437407Z ^[[90mstdout^[[2m | test/admin-online-identity.test.ts^[[2m > ^[[22m^[[2mproduction Shopify online staff adapter with synthetic transport^[[2m > ^[[22m^[[2muses the actual pinned SDK token exchange with a synthetic HTTP response
runtime	Run corepack pnpm --filter @insignia/shopify test	2026-10-07T00:09:46.9440328Z ^[[22m^[[39m[shopify-api/INFO] version 15.0.0, environment Node v24.21.0
runtime	Run corepack pnpm --filter @insignia/shopify test	2026-10-07T00:09:46.9447166Z [shopify-api/INFO] Future flag customerAddressDefaultFix is disabled.
runtime	Run corepack pnpm --filter @insignia/shopify test	2026-10-07T00:09:46.9448224Z
runtime	Run corepack pnpm --filter @insignia/shopify test	2026-10-07T00:09:46.9449245Z   Enable this flag to change the CustomerAddress classes to expose a 'is_default' property instead of 'default' when fetching data.
runtime	Run corepack pnpm --filter @insignia/shopify test	2026-10-07T00:09:46.9450932Z
runtime	Run corepack pnpm --filter @insignia/shopify test	2026-10-07T00:09:46.9451651Z [shopify-api/INFO] Future flag unstable_managedPricingSupport is disabled.
runtime	Run corepack pnpm --filter @insignia/shopify test	2026-10-07T00:09:46.9452426Z
runtime	Run corepack pnpm --filter @insignia/shopify test	2026-10-07T00:09:46.9453783Z   Enable this flag to support managed pricing, so apps can check for payments without needing a billing config. Learn more at https://shopify.dev/docs/apps/launch/billing/managed-pricing
runtime	Run corepack pnpm --filter @insignia/shopify test	2026-10-07T00:09:46.9455220Z
runtime	Run corepack pnpm --filter @insignia/shopify test	2026-10-07T00:09:46.9455917Z
runtime	Run corepack pnpm --filter @insignia/shopify test	2026-10-07T00:09:46.9497797Z ^[[90mstdout^[[2m | test/admin-online-identity.test.ts^[[2m > ^[[22m^[[2mproduction Shopify online staff adapter with synthetic transport^[[2m > ^[[22m^[[2muses the actual pinned SDK token exchange with a synthetic HTTP response
runtime	Run corepack pnpm --filter @insignia/shopify test	2026-10-07T00:09:46.9500402Z ^[[22m^[[39m[shopify-api/INFO] Creating new session | {shop: alpha.myshopify.com, isOnline: true}
runtime	Run corepack pnpm --filter @insignia/shopify test	2026-10-07T00:09:46.9501361Z
runtime	Run corepack pnpm --filter @insignia/shopify test	2026-10-07T00:09:46.9524279Z ^[[90mstdout^[[2m | test/admin-online-identity.test.ts^[[2m > ^[[22m^[[2mproduction Shopify online staff adapter with synthetic transport^[[2m > ^[[22m^[[2mchecks the signed ID token, online staff and exact installation read
runtime	Run corepack pnpm --filter @insignia/shopify test	2026-10-07T00:09:46.9528037Z ^[[22m^[[39m[shopify-api/INFO] version 15.0.0, environment Node v24.21.0
runtime	Run corepack pnpm --filter @insignia/shopify test	2026-10-07T00:09:46.9529558Z [shopify-api/INFO] Future flag customerAddressDefaultFix is disabled.
runtime	Run corepack pnpm --filter @insignia/shopify test	2026-10-07T00:09:46.9530266Z
runtime	Run corepack pnpm --filter @insignia/shopify test	2026-10-07T00:09:46.9531268Z   Enable this flag to change the CustomerAddress classes to expose a 'is_default' property instead of 'default' when fetching data.
runtime	Run corepack pnpm --filter @insignia/shopify test	2026-10-07T00:09:46.9532349Z
runtime	Run corepack pnpm --filter @insignia/shopify test	2026-10-07T00:09:46.9533200Z [shopify-api/INFO] Future flag unstable_managedPricingSupport is disabled.
runtime	Run corepack pnpm --filter @insignia/shopify test	2026-10-07T00:09:46.9533985Z
runtime	Run corepack pnpm --filter @insignia/shopify test	2026-10-07T00:09:46.9535486Z   Enable this flag to support managed pricing, so apps can check for payments without needing a billing config. Learn more at https://shopify.dev/docs/apps/launch/billing/managed-pricing
runtime	Run corepack pnpm --filter @insignia/shopify test	2026-10-07T00:09:46.9537157Z
runtime	Run corepack pnpm --filter @insignia/shopify test	2026-10-07T00:09:46.9538443Z
runtime	Run corepack pnpm --filter @insignia/shopify test	2026-10-07T00:09:46.9616785Z ^[[90mstdout^[[2m | test/admin-online-identity.test.ts^[[2m > ^[[22m^[[2mproduction Shopify online staff adapter with synthetic transport^[[2m > ^[[22m^[[2mrejects expired identity and grant, malformed installation and large bodies
runtime	Run corepack pnpm --filter @insignia/shopify test	2026-10-07T00:09:46.9621167Z ^[[22m^[[39m[shopify-api/INFO] version 15.0.0, environment Node v24.21.0
runtime	Run corepack pnpm --filter @insignia/shopify test	2026-10-07T00:09:46.9622502Z [shopify-api/INFO] Future flag customerAddressDefaultFix is disabled.
runtime	Run corepack pnpm --filter @insignia/shopify test	2026-10-07T00:09:46.9623365Z
runtime	Run corepack pnpm --filter @insignia/shopify test	2026-10-07T00:09:46.9624385Z   Enable this flag to change the CustomerAddress classes to expose a 'is_default' property instead of 'default' when fetching data.
runtime	Run corepack pnpm --filter @insignia/shopify test	2026-10-07T00:09:46.9625449Z
runtime	Run corepack pnpm --filter @insignia/shopify test	2026-10-07T00:09:46.9626535Z [shopify-api/INFO] Future flag unstable_managedPricingSupport is disabled.
runtime	Run corepack pnpm --filter @insignia/shopify test	2026-10-07T00:09:46.9628137Z
runtime	Run corepack pnpm --filter @insignia/shopify test	2026-10-07T00:09:46.9629637Z   Enable this flag to support managed pricing, so apps can check for payments without needing a billing config. Learn more at https://shopify.dev/docs/apps/launch/billing/managed-pricing
runtime	Run corepack pnpm --filter @insignia/shopify test	2026-10-07T00:09:46.9630957Z
runtime	Run corepack pnpm --filter @insignia/shopify test	2026-10-07T00:09:46.9631272Z
runtime	Run corepack pnpm --filter @insignia/shopify test	2026-10-07T00:09:46.9634721Z ^[[90mstdout^[[2m | test/admin-online-identity.test.ts^[[2m > ^[[22m^[[2mproduction Shopify online staff adapter with synthetic transport^[[2m > ^[[22m^[[2mrejects expired identity and grant, malformed installation and large bodies
runtime	Run corepack pnpm --filter @insignia/shopify test	2026-10-07T00:09:46.9637296Z ^[[22m^[[39m[shopify-api/INFO] version 15.0.0, environment Node v24.21.0
runtime	Run corepack pnpm --filter @insignia/shopify test	2026-10-07T00:09:46.9638525Z [shopify-api/INFO] Future flag customerAddressDefaultFix is disabled.
runtime	Run corepack pnpm --filter @insignia/shopify test	2026-10-07T00:09:46.9639312Z
runtime	Run corepack pnpm --filter @insignia/shopify test	2026-10-07T00:09:46.9640325Z   Enable this flag to change the CustomerAddress classes to expose a 'is_default' property instead of 'default' when fetching data.
runtime	Run corepack pnpm --filter @insignia/shopify test	2026-10-07T00:09:46.9641380Z
runtime	Run corepack pnpm --filter @insignia/shopify test	2026-10-07T00:09:46.9642157Z [shopify-api/INFO] Future flag unstable_managedPricingSupport is disabled.
runtime	Run corepack pnpm --filter @insignia/shopify test	2026-10-07T00:09:46.9642900Z
runtime	Run corepack pnpm --filter @insignia/shopify test	2026-10-07T00:09:46.9644377Z   Enable this flag to support managed pricing, so apps can check for payments without needing a billing config. Learn more at https://shopify.dev/docs/apps/launch/billing/managed-pricing
runtime	Run corepack pnpm --filter @insignia/shopify test	2026-10-07T00:09:46.9645833Z
runtime	Run corepack pnpm --filter @insignia/shopify test	2026-10-07T00:09:46.9646413Z
runtime	Run corepack pnpm --filter @insignia/shopify test	2026-10-07T00:09:46.9655151Z  ^[[32m✓^[[39m test/admin-online-identity.test.ts ^[[2m(^[[22m^[[2m3 tests^[[22m^[[2m)^[[22m^[[32m 32^[[2mms^[[22m^[[39m
runtime	Run corepack pnpm --filter @insignia/shopify test	2026-10-07T00:09:47.0548242Z  ^[[32m✓^[[39m test/availability-hold.test.ts ^[[2m(^[[22m^[[2m129 tests^[[22m^[[2m)^[[22m^[[33m 1042^[[2mms^[[22m^[[39m
runtime	Run corepack pnpm --filter @insignia/shopify test	2026-10-07T00:09:47.1291908Z  ^[[32m✓^[[39m test/open-exchange-rates.test.ts ^[[2m(^[[22m^[[2m6 tests^[[22m^[[2m)^[[22m^[[32m 61^[[2mms^[[22m^[[39m
runtime	Run corepack pnpm --filter @insignia/shopify test	2026-10-07T00:09:47.1952611Z  ^[[32m✓^[[39m test/refresh.test.ts ^[[2m(^[[22m^[[2m11 tests^[[22m^[[2m)^[[22m^[[32m 55^[[2mms^[[22m^[[39m
runtime	Run corepack pnpm --filter @insignia/shopify test	2026-10-07T00:09:47.2948584Z  ^[[32m✓^[[39m test/webhook.test.ts ^[[2m(^[[22m^[[2m5 tests^[[22m^[[2m)^[[22m^[[32m 50^[[2mms^[[22m^[[39m
runtime	Run corepack pnpm --filter @insignia/shopify test	2026-10-07T00:09:47.3647234Z  ^[[32m✓^[[39m test/shop-context.test.ts ^[[2m(^[[22m^[[2m2 tests^[[22m^[[2m)^[[22m^[[32m 65^[[2mms^[[22m^[[39m
runtime	Run corepack pnpm --filter @insignia/shopify test	2026-10-07T00:09:47.3689658Z  ^[[32m✓^[[39m test/live-subscription-shape.test.ts ^[[2m(^[[22m^[[2m1 test^[[22m^[[2m)^[[22m^[[32m 7^[[2mms^[[22m^[[39m
runtime	Run corepack pnpm --filter @insignia/shopify test	2026-10-07T00:09:47.3745177Z
runtime	Run corepack pnpm --filter @insignia/shopify test	2026-10-07T00:09:47.3751229Z ^[[2m Test Files ^[[22m ^[[1m^[[32m13 passed^[[39m^[[22m^[[90m (13)^[[39m
runtime	Run corepack pnpm --filter @insignia/shopify test	2026-10-07T00:09:47.3752646Z ^[[2m      Tests ^[[22m ^[[1m^[[32m267 passed^[[39m^[[22m^[[90m (267)^[[39m
runtime	Run corepack pnpm --filter @insignia/shopify test	2026-10-07T00:09:47.3753581Z ^[[2m   Start at ^[[22m 00:09:45
runtime	Run corepack pnpm --filter @insignia/shopify test	2026-10-07T00:09:47.3758397Z ^[[2m   Duration ^[[22m 1.71s^[[2m (tests 61%, transform 20%, import 16%, worker 2%)^[[22m
runtime	Run corepack pnpm --filter @insignia/shopify test	2026-10-07T00:09:47.3774491Z
runtime	Run corepack pnpm --filter @insignia/shopify test	2026-10-07T00:09:47.3775496Z ^[[2m    Isolate ^[[22m ^[[33m13 workers spawned^[[39m^[[2m · ~128ms startup each (spawn + environment, per file)^[[22m
runtime	Run corepack pnpm --filter @insignia/shopify test	2026-10-07T00:09:47.3777039Z ^[[2m            ^[[22m ^[[2mat least ~426ms faster with ^[[22m^[[33misolate: false^[[39m^[[2m — reuses workers across files instead of one per file^[[22m
runtime	Run corepack pnpm --filter @insignia/shopify test	2026-10-07T00:09:47.3777564Z
runtime	Run corepack pnpm --filter @insignia/application test	﻿2026-10-07T00:09:47.4256300Z ##[group]Run corepack pnpm --filter @insignia/application test
runtime	Run corepack pnpm --filter @insignia/application test	2026-10-07T00:09:47.4256811Z ^[[36;1mcorepack pnpm --filter @insignia/application test^[[0m
runtime	Run corepack pnpm --filter @insignia/application test	2026-10-07T00:09:47.4323122Z shell: /usr/bin/bash -e {0}
runtime	Run corepack pnpm --filter @insignia/application test	2026-10-07T00:09:47.4323386Z env:
runtime	Run corepack pnpm --filter @insignia/application test	2026-10-07T00:09:47.4323953Z   DATABASE_URL: ***localhost:5432/insignia_test?sslmode=disable
runtime	Run corepack pnpm --filter @insignia/application test	2026-10-07T00:09:47.4324354Z   INSIGNIA_REQUIRE_POSTGRES_TEST: 1
runtime	Run corepack pnpm --filter @insignia/application test	2026-10-07T00:09:47.4324612Z ##[endgroup]
runtime	Run corepack pnpm --filter @insignia/application test	2026-10-07T00:09:47.5199304Z $ vitest run
runtime	Run corepack pnpm --filter @insignia/application test	2026-10-07T00:09:47.7950538Z
runtime	Run corepack pnpm --filter @insignia/application test	2026-10-07T00:09:47.7955218Z ^[[1m^[[30m^[[46m RUN ^[[49m^[[39m^[[22m ^[[36mv5.0.2 ^[[39m^[[90m/home/runner/work/insignia/insignia/packages/application^[[39m
runtime	Run corepack pnpm --filter @insignia/application test	2026-10-07T00:09:47.7956483Z
runtime	Run corepack pnpm --filter @insignia/application test	2026-10-07T00:09:48.2705959Z  ^[[32m✓^[[39m src/quote/accept-quote.test.ts ^[[2m(^[[22m^[[2m21 tests^[[22m^[[2m)^[[22m^[[32m 79^[[2mms^[[22m^[[39m
runtime	Run corepack pnpm --filter @insignia/application test	2026-10-07T00:09:48.4072895Z  ^[[32m✓^[[39m src/publication/activation.test.ts ^[[2m(^[[22m^[[2m47 tests^[[22m^[[2m)^[[22m^[[32m 215^[[2mms^[[22m^[[39m
runtime	Run corepack pnpm --filter @insignia/application test	2026-10-07T00:09:48.4770762Z  ^[[32m✓^[[39m test/provider-policy.test.ts ^[[2m(^[[22m^[[2m8 tests^[[22m^[[2m)^[[22m^[[32m 18^[[2mms^[[22m^[[39m
runtime	Run corepack pnpm --filter @insignia/application test	2026-10-07T00:09:48.6417788Z  ^[[32m✓^[[39m test/offline-credentials.test.ts ^[[2m(^[[22m^[[2m5 tests^[[22m^[[2m)^[[22m^[[32m 13^[[2mms^[[22m^[[39m
runtime	Run corepack pnpm --filter @insignia/application test	2026-10-07T00:09:48.7662125Z  ^[[32m✓^[[39m test/artifact-attestation.test.ts ^[[2m(^[[22m^[[2m58 tests^[[22m^[[2m)^[[22m^[[32m 53^[[2mms^[[22m^[[39m
runtime	Run corepack pnpm --filter @insignia/application test	2026-10-07T00:09:48.8787935Z  ^[[32m✓^[[39m src/publication/availability-v2-recovery.test.ts ^[[2m(^[[22m^[[2m3 tests^[[22m^[[2m)^[[22m^[[32m 15^[[2mms^[[22m^[[39m
runtime	Run corepack pnpm --filter @insignia/application test	2026-10-07T00:09:49.0134940Z  ^[[32m✓^[[39m test/keys/key-lifecycle.test.ts ^[[2m(^[[22m^[[2m4 tests^[[22m^[[2m)^[[22m^[[32m 18^[[2mms^[[22m^[[39m
runtime	Run corepack pnpm --filter @insignia/application test	2026-10-07T00:09:49.0607394Z  ^[[32m✓^[[39m test/shopify-ingress.test.ts ^[[2m(^[[22m^[[2m3 tests^[[22m^[[2m)^[[22m^[[32m 11^[[2mms^[[22m^[[39m
runtime	Run corepack pnpm --filter @insignia/application test	2026-10-07T00:09:49.1079142Z  ^[[32m✓^[[39m test/provider-composition.test.ts ^[[2m(^[[22m^[[2m2 tests^[[22m^[[2m)^[[22m^[[32m 14^[[2mms^[[22m^[[39m
runtime	Run corepack pnpm --filter @insignia/application test	2026-10-07T00:09:49.2338338Z  ^[[32m✓^[[39m test/admin-credential-bridge.test.ts ^[[2m(^[[22m^[[2m2 tests^[[22m^[[2m)^[[22m^[[32m 8^[[2mms^[[22m^[[39m
runtime	Run corepack pnpm --filter @insignia/application test	2026-10-07T00:09:49.2453747Z  ^[[32m✓^[[39m src/publication/availability-recovery.test.ts ^[[2m(^[[22m^[[2m17 tests^[[22m^[[2m)^[[22m^[[32m 17^[[2mms^[[22m^[[39m
runtime	Run corepack pnpm --filter @insignia/application test	2026-10-07T00:09:49.3167650Z  ^[[32m✓^[[39m src/keys/trusted-release.test.ts ^[[2m(^[[22m^[[2m3 tests^[[22m^[[2m)^[[22m^[[32m 13^[[2mms^[[22m^[[39m
runtime	Run corepack pnpm --filter @insignia/application test	2026-10-07T00:09:49.3943303Z  ^[[32m✓^[[39m test/catalog-context.test.ts ^[[2m(^[[22m^[[2m2 tests^[[22m^[[2m)^[[22m^[[32m 7^[[2mms^[[22m^[[39m
runtime	Run corepack pnpm --filter @insignia/application test	2026-10-07T00:09:49.4120560Z  ^[[32m✓^[[39m test/customization-fx.test.ts ^[[2m(^[[22m^[[2m3 tests^[[22m^[[2m)^[[22m^[[32m 8^[[2mms^[[22m^[[39m
runtime	Run corepack pnpm --filter @insignia/application test	2026-10-07T00:09:49.4787648Z  ^[[32m✓^[[39m src/publication/projection.test.ts ^[[2m(^[[22m^[[2m2 tests^[[22m^[[2m)^[[22m^[[32m 5^[[2mms^[[22m^[[39m
runtime	Run corepack pnpm --filter @insignia/application test	2026-10-07T00:09:49.4829437Z
runtime	Run corepack pnpm --filter @insignia/application test	2026-10-07T00:09:49.4834624Z ^[[2m Test Files ^[[22m ^[[1m^[[32m15 passed^[[39m^[[22m^[[90m (15)^[[39m
runtime	Run corepack pnpm --filter @insignia/application test	2026-10-07T00:09:49.4835994Z ^[[2m      Tests ^[[22m ^[[1m^[[32m180 passed^[[39m^[[22m^[[90m (180)^[[39m
runtime	Run corepack pnpm --filter @insignia/application test	2026-10-07T00:09:49.4837090Z ^[[2m   Start at ^[[22m 00:09:47
runtime	Run corepack pnpm --filter @insignia/application test	2026-10-07T00:09:49.4841376Z ^[[2m   Duration ^[[22m 1.67s^[[2m (transform 44%, import 34%, tests 18%, worker 3%)^[[22m
runtime	Run corepack pnpm --filter @insignia/application test	2026-10-07T00:09:49.4860899Z
runtime	Run corepack pnpm --filter @insignia/application test	2026-10-07T00:09:49.4861965Z ^[[2m    Isolate ^[[22m ^[[33m15 workers spawned^[[39m^[[2m · ~133ms startup each (spawn + environment, per file)^[[22m
runtime	Run corepack pnpm --filter @insignia/application test	2026-10-07T00:09:49.4863127Z ^[[2m            ^[[22m ^[[2mat least ~530ms faster with ^[[22m^[[33misolate: false^[[39m^[[2m — reuses workers across files instead of one per file^[[22m
runtime	Run corepack pnpm --filter @insignia/application test	2026-10-07T00:09:49.4863661Z
runtime	Run corepack pnpm --filter @insignia/observability test	﻿2026-10-07T00:09:49.5538190Z ##[group]Run corepack pnpm --filter @insignia/observability test
runtime	Run corepack pnpm --filter @insignia/observability test	2026-10-07T00:09:49.5539022Z ^[[36;1mcorepack pnpm --filter @insignia/observability test^[[0m
runtime	Run corepack pnpm --filter @insignia/observability test	2026-10-07T00:09:49.5608930Z shell: /usr/bin/bash -e {0}
runtime	Run corepack pnpm --filter @insignia/observability test	2026-10-07T00:09:49.5609216Z env:
runtime	Run corepack pnpm --filter @insignia/observability test	2026-10-07T00:09:49.5609786Z   DATABASE_URL: ***localhost:5432/insignia_test?sslmode=disable
runtime	Run corepack pnpm --filter @insignia/observability test	2026-10-07T00:09:49.5610161Z   INSIGNIA_REQUIRE_POSTGRES_TEST: 1
runtime	Run corepack pnpm --filter @insignia/observability test	2026-10-07T00:09:49.5610422Z ##[endgroup]
runtime	Run corepack pnpm --filter @insignia/observability test	2026-10-07T00:09:49.6469408Z $ node --test test/*.test.mjs
runtime	Run corepack pnpm --filter @insignia/observability test	2026-10-07T00:09:49.7799703Z ✔ structured runtime events cannot emit arbitrary payload or credential fields (4.380686ms)
runtime	Run corepack pnpm --filter @insignia/observability test	2026-10-07T00:09:49.7806866Z ✔ metric labels are fixed outcomes and never contain tenant or delivery IDs (2.400673ms)
runtime	Run corepack pnpm --filter @insignia/observability test	2026-10-07T00:09:49.7916806Z ℹ tests 2
runtime	Run corepack pnpm --filter @insignia/observability test	2026-10-07T00:09:49.7917317Z ℹ suites 0
runtime	Run corepack pnpm --filter @insignia/observability test	2026-10-07T00:09:49.7917773Z ℹ pass 2
runtime	Run corepack pnpm --filter @insignia/observability test	2026-10-07T00:09:49.7918174Z ℹ fail 0
runtime	Run corepack pnpm --filter @insignia/observability test	2026-10-07T00:09:49.7918593Z ℹ cancelled 0
runtime	Run corepack pnpm --filter @insignia/observability test	2026-10-07T00:09:49.7919035Z ℹ skipped 0
runtime	Run corepack pnpm --filter @insignia/observability test	2026-10-07T00:09:49.7919446Z ℹ todo 0
runtime	Run corepack pnpm --filter @insignia/observability test	2026-10-07T00:09:49.7919995Z ℹ duration_ms 114.165252
runtime	Run corepack pnpm --filter @insignia/worker test	﻿2026-10-07T00:09:49.8099175Z ##[group]Run corepack pnpm --filter @insignia/worker test
runtime	Run corepack pnpm --filter @insignia/worker test	2026-10-07T00:09:49.8099637Z ^[[36;1mcorepack pnpm --filter @insignia/worker test^[[0m
runtime	Run corepack pnpm --filter @insignia/worker test	2026-10-07T00:09:49.8163853Z shell: /usr/bin/bash -e {0}
runtime	Run corepack pnpm --filter @insignia/worker test	2026-10-07T00:09:49.8164123Z env:
runtime	Run corepack pnpm --filter @insignia/worker test	2026-10-07T00:09:49.8164699Z   DATABASE_URL: ***localhost:5432/insignia_test?sslmode=disable
runtime	Run corepack pnpm --filter @insignia/worker test	2026-10-07T00:09:49.8165061Z   INSIGNIA_REQUIRE_POSTGRES_TEST: 1
runtime	Run corepack pnpm --filter @insignia/worker test	2026-10-07T00:09:49.8165320Z ##[endgroup]
runtime	Run corepack pnpm --filter @insignia/worker test	2026-10-07T00:09:49.9029604Z $ node --test test/*.test.mjs
runtime	Run corepack pnpm --filter @insignia/worker test	2026-10-07T00:09:50.0043767Z ✔ current and previous synthetic wrapping keys remain available by ID (3.007022ms)
runtime	Run corepack pnpm --filter @insignia/worker test	2026-10-07T00:09:50.4688089Z ✔ PostgreSQL claim retries the old refresh token after a lost response and fences stale replacement (133.918796ms)
runtime	Run corepack pnpm --filter @insignia/worker test	2026-10-07T00:09:50.4904634Z ✔ diagnostic decodes and derives synthetic pixels without claiming durable readiness (14.652016ms)
runtime	Run corepack pnpm --filter @insignia/worker test	2026-10-07T00:09:50.4907097Z ✔ liveness stays separate from durable readiness; loopback metrics expose bounded outcomes (99.270162ms)
runtime	Run corepack pnpm --filter @insignia/worker test	2026-10-07T00:09:50.7937125Z {"level":30,"time":1791331790791,"event":"worker_started"}
runtime	Run corepack pnpm --filter @insignia/worker test	2026-10-07T00:09:50.8006973Z {"level":30,"time":1791331790797,"event":"webhook_enqueued","inboxId":"e4f9cd27-cd8f-4198-b279-917bb41854a4"}
runtime	Run corepack pnpm --filter @insignia/worker test	2026-10-07T00:09:50.8055934Z {"level":50,"time":1791331790805,"event":"webhook_process_failed","inboxId":"e4f9cd27-cd8f-4198-b279-917bb41854a4","errorClass":"ProcessingError","attempt":0}
runtime	Run corepack pnpm --filter @insignia/worker test	2026-10-07T00:09:54.8047585Z {"level":30,"time":1791331794804,"event":"webhook_process_ok","inboxId":"e4f9cd27-cd8f-4198-b279-917bb41854a4","attempt":1}
runtime	Run corepack pnpm --filter @insignia/worker test	2026-10-07T00:09:54.8548506Z {"level":30,"time":1791331794854,"event":"worker_stopped"}
runtime	Run corepack pnpm --filter @insignia/worker test	2026-10-07T00:09:54.8813786Z {"level":30,"time":1791331794880,"event":"worker_started"}
runtime	Run corepack pnpm --filter @insignia/worker test	2026-10-07T00:09:54.8968508Z {"level":30,"time":1791331794896,"event":"worker_stopped"}
runtime	Run corepack pnpm --filter @insignia/worker test	2026-10-07T00:09:54.9015073Z ✔ PostgreSQL pg-boss starts, retries, settles and replays after restart (4230.459896ms)
runtime	Run corepack pnpm --filter @insignia/worker test	2026-10-07T00:09:54.9513030Z {"level":30,"time":1791331794950,"event":"worker_started"}
runtime	Run corepack pnpm --filter @insignia/worker test	2026-10-07T00:09:54.9552098Z {"level":30,"time":1791331794954,"event":"webhook_enqueued","inboxId":"47ec17b8-046f-4c9e-b190-600551e9ebfb"}
runtime	Run corepack pnpm --filter @insignia/worker test	2026-10-07T00:09:54.9693998Z {"level":50,"time":1791331794968,"event":"webhook_process_failed","inboxId":"47ec17b8-046f-4c9e-b190-600551e9ebfb","errorClass":"ProcessingError","attempt":0}
runtime	Run corepack pnpm --filter @insignia/worker test	2026-10-07T00:09:58.9605636Z {"level":30,"time":1791331798959,"event":"webhook_process_ok","inboxId":"47ec17b8-046f-4c9e-b190-600551e9ebfb","attempt":1}
runtime	Run corepack pnpm --filter @insignia/worker test	2026-10-07T00:09:59.0138009Z {"level":30,"time":1791331799013,"event":"worker_stopped"}
runtime	Run corepack pnpm --filter @insignia/worker test	2026-10-07T00:09:59.0169871Z ✔ pg-boss retry after committed uninstall retains one deactivation and one inbox fact (4116.171313ms)
runtime	Run corepack pnpm --filter @insignia/worker test	2026-10-07T00:09:59.0329453Z ✔ process starts queues and workers before readiness; stop makes readiness unavailable (52.709975ms)
runtime	Run corepack pnpm --filter @insignia/worker test	2026-10-07T00:09:59.0330929Z ✔ startup failure closes a started queue without reporting readiness (2.068509ms)
runtime	Run corepack pnpm --filter @insignia/worker test	2026-10-07T00:09:59.0331845Z {"level":30,"time":1791331790711,"event":"worker_started"}
runtime	Run corepack pnpm --filter @insignia/worker test	2026-10-07T00:09:59.0332584Z {"level":30,"time":1791331790717,"event":"worker_started"}
runtime	Run corepack pnpm --filter @insignia/worker test	2026-10-07T00:09:59.0333293Z {"level":30,"time":1791331790719,"event":"worker_started"}
runtime	Run corepack pnpm --filter @insignia/worker test	2026-10-07T00:09:59.0333993Z {"level":30,"time":1791331790723,"event":"worker_started"}
runtime	Run corepack pnpm --filter @insignia/worker test	2026-10-07T00:09:59.0334681Z {"level":30,"time":1791331790725,"event":"worker_started"}
runtime	Run corepack pnpm --filter @insignia/worker test	2026-10-07T00:09:59.0335373Z {"level":30,"time":1791331790727,"event":"worker_started"}
runtime	Run corepack pnpm --filter @insignia/worker test	2026-10-07T00:09:59.0337320Z ✔ enqueue confirms exact inbox identity, including completed job replay (9.858352ms)
runtime	Run corepack pnpm --filter @insignia/worker test	2026-10-07T00:09:59.0338644Z ✔ null send without same persisted job is retryable, never an acknowledgement (2.317296ms)
runtime	Run corepack pnpm --filter @insignia/worker test	2026-10-07T00:09:59.0340282Z ✔ workers pass IDs only to injected durable handlers; failed attempt retries safely (4.144811ms)
runtime	Run corepack pnpm --filter @insignia/worker test	2026-10-07T00:09:59.0341752Z ✔ invalid job body and identity fail closed without invoking application (1.307598ms)
runtime	Run corepack pnpm --filter @insignia/worker test	2026-10-07T00:09:59.0343178Z ✔ enabled worker refuses missing credential-key configuration and stays not ready (1.191369ms)
runtime	Run corepack pnpm --filter @insignia/worker test	2026-10-07T00:09:59.0345157Z ✔ refresh claim contention is retried rather than silently completing its job (2.071655ms)
runtime	Run corepack pnpm --filter @insignia/worker test	2026-10-07T00:09:59.0346466Z {"level":30,"time":1791331790713,"event":"webhook_enqueued","inboxId":"fc001131-f5f9-478a-9b8d-a60895603e71"}
runtime	Run corepack pnpm --filter @insignia/worker test	2026-10-07T00:09:59.0347280Z {"level":30,"time":1791331790714,"event":"worker_stopped"}
runtime	Run corepack pnpm --filter @insignia/worker test	2026-10-07T00:09:59.0348263Z {"level":50,"time":1791331790720,"event":"webhook_process_failed","inboxId":"041ab469-9999-4d0f-9efa-742e71103c13","errorClass":"ProcessingError","attempt":0}
runtime	Run corepack pnpm --filter @insignia/worker test	2026-10-07T00:09:59.0349398Z {"level":30,"time":1791331790721,"event":"webhook_process_ok","inboxId":"041ab469-9999-4d0f-9efa-742e71103c13","attempt":1}
runtime	Run corepack pnpm --filter @insignia/worker test	2026-10-07T00:09:59.0350444Z {"level":30,"time":1791331790721,"event":"refresh_process_ok","shopId":"d2a64753-f47f-4ab7-bfeb-b244590364ba","attempt":0}
runtime	Run corepack pnpm --filter @insignia/worker test	2026-10-07T00:09:59.0351207Z {"level":30,"time":1791331790723,"event":"worker_stopped"}
runtime	Run corepack pnpm --filter @insignia/worker test	2026-10-07T00:09:59.0352185Z {"level":50,"time":1791331790724,"event":"webhook_process_failed","inboxId":"2251c60b-9d4b-4d8f-9191-7cd820183a15","errorClass":"ProcessingError","attempt":0}
runtime	Run corepack pnpm --filter @insignia/worker test	2026-10-07T00:09:59.0353029Z {"level":30,"time":1791331790725,"event":"worker_stopped"}
runtime	Run corepack pnpm --filter @insignia/worker test	2026-10-07T00:09:59.0353763Z {"level":50,"time":1791331790728,"event":"refresh_process_failed","errorClass":"RefreshError","attempt":0}
runtime	Run corepack pnpm --filter @insignia/worker test	2026-10-07T00:09:59.0355077Z {"level":30,"time":1791331790728,"event":"worker_stopped"}
runtime	Run corepack pnpm --filter @insignia/worker test	2026-10-07T00:09:59.0356685Z ✔ configured worker serves liveness and durable readiness, then closes on SIGTERM (806.283178ms)
runtime	Run corepack pnpm --filter @insignia/worker test	2026-10-07T00:09:59.0357430Z ℹ tests 15
runtime	Run corepack pnpm --filter @insignia/worker test	2026-10-07T00:09:59.0357746Z ℹ suites 0
runtime	Run corepack pnpm --filter @insignia/worker test	2026-10-07T00:09:59.0358060Z ℹ pass 15
runtime	Run corepack pnpm --filter @insignia/worker test	2026-10-07T00:09:59.0358458Z ℹ fail 0
runtime	Run corepack pnpm --filter @insignia/worker test	2026-10-07T00:09:59.0358756Z ℹ cancelled 0
runtime	Run corepack pnpm --filter @insignia/worker test	2026-10-07T00:09:59.0359671Z ℹ skipped 0
runtime	Run corepack pnpm --filter @insignia/worker test	2026-10-07T00:09:59.0360272Z ℹ todo 0
runtime	Run corepack pnpm --filter @insignia/worker test	2026-10-07T00:09:59.0360864Z ℹ duration_ms 9098.636478
runtime	Built HTTP ingress with PostgreSQL and queue handoff	﻿2026-10-07T00:09:59.0537288Z ##[group]Run node --test test/shopify-webhook.test.mjs
runtime	Built HTTP ingress with PostgreSQL and queue handoff	2026-10-07T00:09:59.0537936Z ^[[36;1mnode --test test/shopify-webhook.test.mjs^[[0m
runtime	Built HTTP ingress with PostgreSQL and queue handoff	2026-10-07T00:09:59.0601497Z shell: /usr/bin/bash -e {0}
runtime	Built HTTP ingress with PostgreSQL and queue handoff	2026-10-07T00:09:59.0601864Z env:
runtime	Built HTTP ingress with PostgreSQL and queue handoff	2026-10-07T00:09:59.0602649Z   DATABASE_URL: ***localhost:5432/insignia_test?sslmode=disable
runtime	Built HTTP ingress with PostgreSQL and queue handoff	2026-10-07T00:09:59.0603142Z   INSIGNIA_REQUIRE_POSTGRES_TEST: 1
runtime	Built HTTP ingress with PostgreSQL and queue handoff	2026-10-07T00:09:59.0603536Z ##[endgroup]
runtime	Built HTTP ingress with PostgreSQL and queue handoff	2026-10-07T00:10:02.5299075Z ✔ built HTTP ingress authenticates raw bytes and durably deduplicates through PostgreSQL and queue (3134.274929ms)
runtime	Built HTTP ingress with PostgreSQL and queue handoff	2026-10-07T00:10:07.5295447Z ℹ tests 1
runtime	Built HTTP ingress with PostgreSQL and queue handoff	2026-10-07T00:10:07.5296655Z ℹ suites 0
runtime	Built HTTP ingress with PostgreSQL and queue handoff	2026-10-07T00:10:07.5297375Z ℹ pass 1
runtime	Built HTTP ingress with PostgreSQL and queue handoff	2026-10-07T00:10:07.5298015Z ℹ fail 0
runtime	Built HTTP ingress with PostgreSQL and queue handoff	2026-10-07T00:10:07.5298665Z ℹ cancelled 0
runtime	Built HTTP ingress with PostgreSQL and queue handoff	2026-10-07T00:10:07.5299235Z ℹ skipped 0
runtime	Built HTTP ingress with PostgreSQL and queue handoff	2026-10-07T00:10:07.5299908Z ℹ todo 0
runtime	Built HTTP ingress with PostgreSQL and queue handoff	2026-10-07T00:10:07.5300650Z ℹ duration_ms 8425.621992
runtime	M5 Admin editor and publication with PostgreSQL	﻿2026-10-07T00:10:07.5392739Z ##[group]Run node --test test/admin/merchant-config.test.mjs test/admin/merchant-publication.test.mjs test/admin/production-composition.test.mjs test/admin/preview-composition.test.mjs test/admin/activation-integration.test.mjs test/admin/activation-state.test.mjs test/admin/release-evidence.test.mjs
runtime	M5 Admin editor and publication with PostgreSQL	2026-10-07T00:10:07.5394945Z ^[[36;1mnode --test test/admin/merchant-config.test.mjs test/admin/merchant-publication.test.mjs test/admin/production-composition.test.mjs test/admin/preview-composition.test.mjs test/admin/activation-integration.test.mjs test/admin/activation-state.test.mjs test/admin/release-evidence.test.mjs^[[0m
runtime	M5 Admin editor and publication with PostgreSQL	2026-10-07T00:10:07.5459312Z shell: /usr/bin/bash -e {0}
runtime	M5 Admin editor and publication with PostgreSQL	2026-10-07T00:10:07.5459570Z env:
runtime	M5 Admin editor and publication with PostgreSQL	2026-10-07T00:10:07.5460111Z   DATABASE_URL: ***localhost:5432/insignia_test?sslmode=disable
runtime	M5 Admin editor and publication with PostgreSQL	2026-10-07T00:10:07.5460477Z   INSIGNIA_REQUIRE_POSTGRES_TEST: 1
runtime	M5 Admin editor and publication with PostgreSQL	2026-10-07T00:10:07.5460728Z ##[endgroup]
runtime	M5 Admin editor and publication with PostgreSQL	2026-10-07T00:10:08.7880176Z ✔ real PG activation composes trusted release, synthetic Shopify hold and immutable evidence (602.935973ms)
runtime	M5 Admin editor and publication with PostgreSQL	2026-10-07T00:10:08.8158727Z ✔ admin distinguishes activation waiting, held, restoration and conflict without manufacturing ACTIVE (1.385695ms)
runtime	M5 Admin editor and publication with PostgreSQL	2026-10-07T00:10:08.8163990Z ✔ publication conflict outranks a retained held/pending activation state (0.189596ms)
runtime	M5 Admin editor and publication with PostgreSQL	2026-10-07T00:10:08.8170716Z ✔ terminal operator hold outranks stale held activation (0.190859ms)
runtime	M5 Admin editor and publication with PostgreSQL	2026-10-07T00:10:09.1709359Z ✔ overlapping distinct-key M5 creates serialize before the command FK lock upgrade (218.840821ms)
runtime	M5 Admin editor and publication with PostgreSQL	2026-10-07T00:10:09.1712530Z ✔ currency precision rejects invalid saved and legacy publication amounts without rounding or durable intent (239.896374ms)
runtime	M5 Admin editor and publication with PostgreSQL	2026-10-07T00:10:09.1715377Z ✔ durable editor CAS, exact-key replay, independent copy, immutable geometry, and reinstall fence (531.197081ms)
runtime	M5 Admin editor and publication with PostgreSQL	2026-10-07T00:10:09.3242197Z ✔ actual M4 prepare/advance over immutable M5 revision reports ready, conflict and hold truthfully (1033.248891ms)
runtime	M5 Admin editor and publication with PostgreSQL	2026-10-07T00:10:09.4665316Z ✔ diagnostic preview requires accounting and HTTPS before any provider access (523.878025ms)
runtime	M5 Admin editor and publication with PostgreSQL	2026-10-07T00:10:09.8014053Z [shopify-api/INFO] version 15.0.0, environment Node v24.21.0
runtime	M5 Admin editor and publication with PostgreSQL	2026-10-07T00:10:09.8015254Z [shopify-api/INFO] Future flag customerAddressDefaultFix is disabled.
runtime	M5 Admin editor and publication with PostgreSQL	2026-10-07T00:10:09.8016982Z
runtime	M5 Admin editor and publication with PostgreSQL	2026-10-07T00:10:09.8018475Z   Enable this flag to change the CustomerAddress classes to expose a 'is_default' property instead of 'default' when fetching data.
runtime	M5 Admin editor and publication with PostgreSQL	2026-10-07T00:10:09.8019080Z
runtime	M5 Admin editor and publication with PostgreSQL	2026-10-07T00:10:09.8019409Z [shopify-api/INFO] Future flag unstable_managedPricingSupport is disabled.
runtime	M5 Admin editor and publication with PostgreSQL	2026-10-07T00:10:09.8019746Z
runtime	M5 Admin editor and publication with PostgreSQL	2026-10-07T00:10:09.8020446Z   Enable this flag to support managed pricing, so apps can check for payments without needing a billing config. Learn more at https://shopify.dev/docs/apps/launch/billing/managed-pricing
runtime	M5 Admin editor and publication with PostgreSQL	2026-10-07T00:10:09.8021133Z
runtime	M5 Admin editor and publication with PostgreSQL	2026-10-07T00:10:09.8110482Z [shopify-api/INFO] Creating new session | {shop: synthetic-preview.myshopify.com, isOnline: true}
runtime	M5 Admin editor and publication with PostgreSQL	2026-10-07T00:10:10.0090968Z ✔ live-style SDK identity, local PG create/save/reload/CAS/exact ambiguous replay and mutation refusal (543.348693ms)
runtime	M5 Admin editor and publication with PostgreSQL	2026-10-07T00:10:10.0775070Z [shopify-api/INFO] version 15.0.0, environment Node v24.21.0
runtime	M5 Admin editor and publication with PostgreSQL	2026-10-07T00:10:10.0776670Z [shopify-api/INFO] Future flag customerAddressDefaultFix is disabled.
runtime	M5 Admin editor and publication with PostgreSQL	2026-10-07T00:10:10.0777543Z
runtime	M5 Admin editor and publication with PostgreSQL	2026-10-07T00:10:10.0778709Z   Enable this flag to change the CustomerAddress classes to expose a 'is_default' property instead of 'default' when fetching data.
runtime	M5 Admin editor and publication with PostgreSQL	2026-10-07T00:10:10.0779776Z
runtime	M5 Admin editor and publication with PostgreSQL	2026-10-07T00:10:10.0780585Z [shopify-api/INFO] Future flag unstable_managedPricingSupport is disabled.
runtime	M5 Admin editor and publication with PostgreSQL	2026-10-07T00:10:10.0781293Z
runtime	M5 Admin editor and publication with PostgreSQL	2026-10-07T00:10:10.0782597Z   Enable this flag to support managed pricing, so apps can check for payments without needing a billing config. Learn more at https://shopify.dev/docs/apps/launch/billing/managed-pricing
runtime	M5 Admin editor and publication with PostgreSQL	2026-10-07T00:10:10.0784063Z
runtime	M5 Admin editor and publication with PostgreSQL	2026-10-07T00:10:10.0785065Z [shopify-api/INFO] Creating new session | {shop: m9c11e23fdb964cb0a6aeb7afd406a6e2.myshopify.com, isOnline: true}
runtime	M5 Admin editor and publication with PostgreSQL	2026-10-07T00:10:10.0788340Z ▶ production composition uses signed staff SDK, current feature policy and real M4 prepare with admission hold
runtime	M5 Admin editor and publication with PostgreSQL	2026-10-07T00:10:10.0790119Z   ✔ scheduled cancellation boundary 2026-09-30T23:59:59.999Z: allowed=true (14.991947ms)
runtime	M5 Admin editor and publication with PostgreSQL	2026-10-07T00:10:10.0791714Z   ✔ scheduled cancellation boundary 2026-10-01T00:00:00.000Z: allowed=false (11.803873ms)
runtime	M5 Admin editor and publication with PostgreSQL	2026-10-07T00:10:10.0793312Z   ✔ scheduled cancellation boundary 2026-10-01T00:00:00.001Z: allowed=false (11.370635ms)
runtime	M5 Admin editor and publication with PostgreSQL	2026-10-07T00:10:10.0795344Z ✔ production composition uses signed staff SDK, current feature policy and real M4 prepare with admission hold (447.619241ms)
runtime	M5 Admin editor and publication with PostgreSQL	2026-10-07T00:10:10.0971054Z ✔ server activation composition cannot promote a diagnostic observation without trusted release source (4.727737ms)
runtime	M5 Admin editor and publication with PostgreSQL	2026-10-07T00:10:10.0974227Z ℹ tests 15
runtime	M5 Admin editor and publication with PostgreSQL	2026-10-07T00:10:10.0974668Z ℹ suites 0
runtime	M5 Admin editor and publication with PostgreSQL	2026-10-07T00:10:10.0975118Z ℹ pass 15
runtime	M5 Admin editor and publication with PostgreSQL	2026-10-07T00:10:10.0975367Z ℹ fail 0
runtime	M5 Admin editor and publication with PostgreSQL	2026-10-07T00:10:10.0975917Z ℹ cancelled 0
runtime	M5 Admin editor and publication with PostgreSQL	2026-10-07T00:10:10.0976224Z ℹ skipped 0
runtime	M5 Admin editor and publication with PostgreSQL	2026-10-07T00:10:10.0976438Z ℹ todo 0
runtime	M5 Admin editor and publication with PostgreSQL	2026-10-07T00:10:10.0976685Z ℹ duration_ms 2513.605828
runtime	Rehearse disposable migration down and up	﻿2026-10-07T00:10:10.1072212Z ##[group]Run corepack pnpm exec dbmate create
runtime	Rehearse disposable migration down and up	2026-10-07T00:10:10.1072614Z ^[[36;1mcorepack pnpm exec dbmate create^[[0m
runtime	Rehearse disposable migration down and up	2026-10-07T00:10:10.1072910Z ^[[36;1mcorepack pnpm db:migrate^[[0m
runtime	Rehearse disposable migration down and up	2026-10-07T00:10:10.1073402Z ^[[36;1mcorepack pnpm exec dbmate --no-dump-schema --migrations-dir packages/database/migrations rollback^[[0m
runtime	Rehearse disposable migration down and up	2026-10-07T00:10:10.1073898Z ^[[36;1mcorepack pnpm db:migrate^[[0m
runtime	Rehearse disposable migration down and up	2026-10-07T00:10:10.1136247Z shell: /usr/bin/bash -e {0}
runtime	Rehearse disposable migration down and up	2026-10-07T00:10:10.1136490Z env:
runtime	Rehearse disposable migration down and up	2026-10-07T00:10:10.1137125Z   DATABASE_URL: ***localhost:5432/insignia_migration_rehearsal?sslmode=disable
runtime	Rehearse disposable migration down and up	2026-10-07T00:10:10.1137538Z   INSIGNIA_REQUIRE_POSTGRES_TEST: 1
runtime	Rehearse disposable migration down and up	2026-10-07T00:10:10.1137795Z ##[endgroup]
runtime	Rehearse disposable migration down and up	2026-10-07T00:10:10.2378083Z Creating: insignia_migration_rehearsal
runtime	Rehearse disposable migration down and up	2026-10-07T00:10:10.3620386Z $ dbmate --no-dump-schema --migrations-dir packages/database/migrations up
runtime	Rehearse disposable migration down and up	2026-10-07T00:10:10.4267917Z Applying: 20260929000100_durable_core.sql
runtime	Rehearse disposable migration down and up	2026-10-07T00:10:10.4538880Z Applied: 20260929000100_durable_core.sql in 27.083792ms
runtime	Rehearse disposable migration down and up	2026-10-07T00:10:10.4539491Z Applying: 20260929000200_runtime_ingress_credentials.sql
runtime	Rehearse disposable migration down and up	2026-10-07T00:10:10.4619080Z Applied: 20260929000200_runtime_ingress_credentials.sql in 8.000539ms
runtime	Rehearse disposable migration down and up	2026-10-07T00:10:10.4619667Z Applying: 20260929000300_authorization_generation.sql
runtime	Rehearse disposable migration down and up	2026-10-07T00:10:10.4665369Z Applied: 20260929000300_authorization_generation.sql in 4.626637ms
runtime	Rehearse disposable migration down and up	2026-10-07T00:10:10.4666529Z Applying: 20260929000400_accepted_quote.sql
runtime	Rehearse disposable migration down and up	2026-10-07T00:10:10.4759487Z Applied: 20260929000400_accepted_quote.sql in 9.379602ms
runtime	Rehearse disposable migration down and up	2026-10-07T00:10:10.4760259Z Applying: 20260930000100_m4_key_lifecycle.sql
runtime	Rehearse disposable migration down and up	2026-10-07T00:10:10.4849569Z Applied: 20260930000100_m4_key_lifecycle.sql in 8.994378ms
runtime	Rehearse disposable migration down and up	2026-10-07T00:10:10.4850382Z Applying: 20260930000200_publication_progress.sql
runtime	Rehearse disposable migration down and up	2026-10-07T00:10:10.4894544Z Applied: 20260930000200_publication_progress.sql in 4.504925ms
runtime	Rehearse disposable migration down and up	2026-10-07T00:10:10.4895813Z Applying: 20260930000300_m5_revision_geometry.sql
runtime	Rehearse disposable migration down and up	2026-10-07T00:10:10.4931618Z Applied: 20260930000300_m5_revision_geometry.sql in 3.729725ms
runtime	Rehearse disposable migration down and up	2026-10-07T00:10:10.4932545Z Applying: 20260930000400_m5_revision_presentation.sql
runtime	Rehearse disposable migration down and up	2026-10-07T00:10:10.4965681Z Applied: 20260930000400_m5_revision_presentation.sql in 3.386002ms
runtime	Rehearse disposable migration down and up	2026-10-07T00:10:10.4966860Z Applying: 20260930000500_m5_publication_source_version.sql
runtime	Rehearse disposable migration down and up	2026-10-07T00:10:10.4984468Z Applied: 20260930000500_m5_publication_source_version.sql in 1.869257ms
runtime	Rehearse disposable migration down and up	2026-10-07T00:10:10.4985441Z Applying: 20260930000600_m5_publication_intent_generation.sql
runtime	Rehearse disposable migration down and up	2026-10-07T00:10:10.5004275Z Applied: 20260930000600_m5_publication_intent_generation.sql in 1.979949ms
runtime	Rehearse disposable migration down and up	2026-10-07T00:10:10.5005358Z Applying: 20260930000700_m5_publication_intent_lookup.sql
runtime	Rehearse disposable migration down and up	2026-10-07T00:10:10.5026058Z Applied: 20260930000700_m5_publication_intent_lookup.sql in 2.15008ms
runtime	Rehearse disposable migration down and up	2026-10-07T00:10:10.5027716Z Applying: 20260930000800_m5_current_publication_pointer.sql
runtime	Rehearse disposable migration down and up	2026-10-07T00:10:10.5065731Z Applied: 20260930000800_m5_current_publication_pointer.sql in 3.939646ms
runtime	Rehearse disposable migration down and up	2026-10-07T00:10:10.5066998Z Applying: 20260930000900_m5_activation.sql
runtime	Rehearse disposable migration down and up	2026-10-07T00:10:10.5214607Z Applied: 20260930000900_m5_activation.sql in 14.826712ms
runtime	Rehearse disposable migration down and up	2026-10-07T00:10:10.5215335Z Applying: 20261006000100_m5_availability_v2.sql
runtime	Rehearse disposable migration down and up	2026-10-07T00:10:10.5324122Z Applied: 20261006000100_m5_availability_v2.sql in 10.950424ms
runtime	Rehearse disposable migration down and up	2026-10-07T00:10:10.6697770Z Rolling back: 20261006000100_m5_availability_v2.sql
runtime	Rehearse disposable migration down and up	2026-10-07T00:10:10.6781704Z Rolled back: 20261006000100_m5_availability_v2.sql in 8.457421ms
runtime	Rehearse disposable migration down and up	2026-10-07T00:10:10.7665893Z $ dbmate --no-dump-schema --migrations-dir packages/database/migrations up
runtime	Rehearse disposable migration down and up	2026-10-07T00:10:10.8282295Z Applying: 20261006000100_m5_availability_v2.sql
runtime	Rehearse disposable migration down and up	2026-10-07T00:10:10.8417049Z Applied: 20261006000100_m5_availability_v2.sql in 13.406531ms
runtime	Post Run actions/setup-node@49933ea5288caeca8642d1e84afbd3f7d6820020	﻿2026-10-07T00:10:10.8614959Z Post job cleanup.
runtime	Post Run actions/setup-node@49933ea5288caeca8642d1e84afbd3f7d6820020	2026-10-07T00:10:10.9900383Z (node:6275) [DEP0040] DeprecationWarning: The `punycode` module is deprecated. Please use a userland alternative instead.
runtime	Post Run actions/setup-node@49933ea5288caeca8642d1e84afbd3f7d6820020	2026-10-07T00:10:10.9901346Z (Use `node --trace-deprecation ...` to show where the warning was created)
runtime	Post Run actions/checkout@11bd71901bbe5b1630ceea73d27597364c9af683	﻿2026-10-07T00:10:11.0073548Z Post job cleanup.
runtime	Post Run actions/checkout@11bd71901bbe5b1630ceea73d27597364c9af683	2026-10-07T00:10:11.1019209Z [command]/usr/bin/git version
runtime	Post Run actions/checkout@11bd71901bbe5b1630ceea73d27597364c9af683	2026-10-07T00:10:11.1068093Z git version 2.55.0
runtime	Post Run actions/checkout@11bd71901bbe5b1630ceea73d27597364c9af683	2026-10-07T00:10:11.1114155Z Temporarily overriding HOME='/home/runner/work/_temp/1c1e7c7b-afd7-4977-a62a-97c96a113d77' before making global git config changes
runtime	Post Run actions/checkout@11bd71901bbe5b1630ceea73d27597364c9af683	2026-10-07T00:10:11.1115972Z Adding repository directory to the temporary git global config as a safe directory
runtime	Post Run actions/checkout@11bd71901bbe5b1630ceea73d27597364c9af683	2026-10-07T00:10:11.1120744Z [command]/usr/bin/git config --global --add safe.directory /home/runner/work/insignia/insignia
runtime	Post Run actions/checkout@11bd71901bbe5b1630ceea73d27597364c9af683	2026-10-07T00:10:11.1164610Z [command]/usr/bin/git config --local --name-only --get-regexp core\.sshCommand
runtime	Post Run actions/checkout@11bd71901bbe5b1630ceea73d27597364c9af683	2026-10-07T00:10:11.1203004Z [command]/usr/bin/git submodule foreach --recursive sh -c "git config --local --name-only --get-regexp 'core\.sshCommand' && git config --local --unset-all 'core.sshCommand' || :"
runtime	Post Run actions/checkout@11bd71901bbe5b1630ceea73d27597364c9af683	2026-10-07T00:10:11.1468867Z [command]/usr/bin/git config --local --name-only --get-regexp http\.https\:\/\/github\.com\/\.extraheader
runtime	Post Run actions/checkout@11bd71901bbe5b1630ceea73d27597364c9af683	2026-10-07T00:10:11.1515007Z http.https://github.com/.extraheader
runtime	Post Run actions/checkout@11bd71901bbe5b1630ceea73d27597364c9af683	2026-10-07T00:10:11.1520604Z [command]/usr/bin/git config --local --unset-all http.https://github.com/.extraheader
runtime	Post Run actions/checkout@11bd71901bbe5b1630ceea73d27597364c9af683	2026-10-07T00:10:11.1566437Z [command]/usr/bin/git submodule foreach --recursive sh -c "git config --local --name-only --get-regexp 'http\.https\:\/\/github\.com\/\.extraheader' && git config --local --unset-all 'http.https://github.com/.extraheader' || :"
runtime	Stop containers	﻿2026-10-07T00:10:11.2140522Z Print service container logs: 1076d5d3087148ee94b2444684da5904_postgres18_b1a51c
runtime	Stop containers	2026-10-07T00:10:11.2145287Z ##[command]/usr/bin/docker logs --details b64c896fe43151fc8c90982363628560f4c784f542e153a2091d58f582f46db2
runtime	Stop containers	2026-10-07T00:10:11.2279625Z  The files belonging to this database system will be owned by user "postgres".
runtime	Stop containers	2026-10-07T00:10:11.2282455Z  initdb: warning: enabling "trust" authentication for local connections
runtime	Stop containers	2026-10-07T00:10:11.2284509Z  initdb: hint: You can change this by editing pg_hba.conf or using the option -A, or --auth-local and --auth-host, the next time you run initdb.
runtime	Stop containers	2026-10-07T00:10:11.2286454Z  2026-10-07 00:08:23.150 UTC [1] LOG:  starting PostgreSQL 18.6 (Debian 18.6-1.pgdg13+2) on x86_64-pc-linux-gnu, compiled by gcc (Debian 14.2.0-19) 14.2.0, 64-bit
runtime	Stop containers	2026-10-07T00:10:11.2287584Z  2026-10-07 00:08:23.150 UTC [1] LOG:  listening on IPv4 address "0.0.0.0", port 5432
runtime	Stop containers	2026-10-07T00:10:11.2288457Z  2026-10-07 00:08:23.150 UTC [1] LOG:  listening on IPv6 address "::", port 5432
runtime	Stop containers	2026-10-07T00:10:11.2289363Z  2026-10-07 00:08:23.151 UTC [1] LOG:  listening on Unix socket "/var/run/postgresql/.s.PGSQL.5432"
runtime	Stop containers	2026-10-07T00:10:11.2289937Z  2026-10-07 00:08:23.155 UTC [75] LOG:  database system was shut down at 2026-10-07 00:08:23 UTC
runtime	Stop containers	2026-10-07T00:10:11.2290440Z  2026-10-07 00:08:23.159 UTC [1] LOG:  database system is ready to accept connections
runtime	Stop containers	2026-10-07T00:10:11.2290950Z  2026-10-07 00:09:33.994 UTC [214] ERROR:  canceling statement due to lock timeout
runtime	Stop containers	2026-10-07T00:10:11.2291539Z  2026-10-07 00:09:33.994 UTC [214] CONTEXT:  while locking tuple (0,1) in relation "installation_generations"
runtime	Stop containers	2026-10-07T00:10:11.2292184Z  2026-10-07 00:09:33.994 UTC [214] STATEMENT:  UPDATE installation_generations SET authorization_epoch = $1
runtime	Stop containers	2026-10-07T00:10:11.2292699Z  	              WHERE shop_id = $2 AND generation = $3::bigint
runtime	Stop containers	2026-10-07T00:10:11.2293134Z  2026-10-07 00:09:34.039 UTC [213] ERROR:  v2 availability audit is immutable or out of phase
runtime	Stop containers	2026-10-07T00:10:11.2293720Z  2026-10-07 00:09:34.039 UTC [213] CONTEXT:  PL/pgSQL function enforce_activation_v2_audit() line 8 at RAISE
runtime	Stop containers	2026-10-07T00:10:11.2294743Z  2026-10-07 00:09:34.039 UTC [213] STATEMENT:  UPDATE m5_activation_state SET hold=jsonb_set(hold,'{acquisitionAcknowledgement,providerUpdatedAt}','"2026-10-01T11:59:00.000Z"'::jsonb),version=version+1 WHERE shop_id=$1
runtime	Stop containers	2026-10-07T00:10:11.2296092Z  2026-10-07 00:09:34.074 UTC [212] ERROR:  accepted quote and authorization rows are immutable
runtime	Stop containers	2026-10-07T00:10:11.2296886Z  2026-10-07 00:09:34.074 UTC [212] CONTEXT:  PL/pgSQL function reject_quote_mutation() line 3 at RAISE
runtime	Stop containers	2026-10-07T00:10:11.2297921Z  2026-10-07 00:09:34.074 UTC [212] STATEMENT:  UPDATE accepted_quotes SET total_minor = 1 WHERE quote_id = $1::uuid
runtime	Stop containers	2026-10-07T00:10:11.2298535Z  2026-10-07 00:09:34.077 UTC [212] ERROR:  accepted quote and authorization rows are immutable
runtime	Stop containers	2026-10-07T00:10:11.2299128Z  2026-10-07 00:09:34.077 UTC [212] CONTEXT:  PL/pgSQL function reject_quote_mutation() line 3 at RAISE
runtime	Stop containers	2026-10-07T00:10:11.2299704Z  2026-10-07 00:09:34.077 UTC [212] STATEMENT:  DELETE FROM accepted_quotes WHERE quote_id = $1::uuid
runtime	Stop containers	2026-10-07T00:10:11.2300301Z  2026-10-07 00:09:34.078 UTC [212] ERROR:  invalid input syntax for type integer: "other" at character 46
runtime	Stop containers	2026-10-07T00:10:11.2300964Z  2026-10-07 00:09:34.078 UTC [212] STATEMENT:  UPDATE quote_authorization_sets SET key_id = 'other' WHERE set_id = $1::uuid
runtime	Stop containers	2026-10-07T00:10:11.2302689Z  2026-10-07 00:09:34.081 UTC [212] ERROR:  accepted quote and authorization rows are immutable
runtime	Stop containers	2026-10-07T00:10:11.2303464Z  2026-10-07 00:09:34.081 UTC [212] CONTEXT:  PL/pgSQL function reject_quote_mutation() line 3 at RAISE
runtime	Stop containers	2026-10-07T00:10:11.2304106Z  2026-10-07 00:09:34.081 UTC [212] STATEMENT:  DELETE FROM quote_authorization_sets WHERE set_id = $1::uuid
runtime	Stop containers	2026-10-07T00:10:11.2304684Z  2026-10-07 00:09:34.107 UTC [199] ERROR:  accepted quote installation fence failed
runtime	Stop containers	2026-10-07T00:10:11.2305267Z  2026-10-07 00:09:34.107 UTC [199] CONTEXT:  PL/pgSQL function enforce_accepted_quote_insert() line 15 at RAISE
runtime	Stop containers	2026-10-07T00:10:11.2306345Z  2026-10-07 00:09:34.107 UTC [199] STATEMENT:
runtime	Stop containers	2026-10-07T00:10:11.2306637Z  	        /* m4_002_direct_guard_race */
runtime	Stop containers	2026-10-07T00:10:11.2307105Z  	        INSERT INTO accepted_quotes (quote_id, shop_id, installation_generation, authorization_generation,
runtime	Stop containers	2026-10-07T00:10:11.2307787Z  	          authorization_epoch, idempotency_key, request_digest, schema_version, accepted_at, accepted_date,
runtime	Stop containers	2026-10-07T00:10:11.2308557Z  	          accepted_day, valid_through_day, country, market_id, shop_currency, shop_timezone,
runtime	Stop containers	2026-10-07T00:10:11.2309124Z  	          presentment_currency, presentment_exponent, policy_version, recognized_policy_id,
runtime	Stop containers	2026-10-07T00:10:11.2309695Z  	          trial, qualifying_usage_disposition, customized_quantity, total_minor, quote_value)
runtime	Stop containers	2026-10-07T00:10:11.2310123Z  	        VALUES ($1::uuid, $2, $3::bigint,
runtime	Stop containers	2026-10-07T00:10:11.2310384Z  	          $4::uuid, $5::bigint,
runtime	Stop containers	2026-10-07T00:10:11.2310642Z  	          'direct-race', $6, $7, $8::timestamptz,
runtime	Stop containers	2026-10-07T00:10:11.2310934Z  	          $9::date, $10, $11,
runtime	Stop containers	2026-10-07T00:10:11.2311163Z  	          $12, $13::numeric, $14,
runtime	Stop containers	2026-10-07T00:10:11.2311399Z  	          $15, $16, $17,
runtime	Stop containers	2026-10-07T00:10:11.2311605Z  	          $18, $19, $20,
runtime	Stop containers	2026-10-07T00:10:11.2311805Z  	          $21, $22,
runtime	Stop containers	2026-10-07T00:10:11.2312009Z  	          $23::numeric, $24::jsonb)
runtime	Stop containers	2026-10-07T00:10:11.2312372Z  2026-10-07 00:09:34.109 UTC [214] ERROR:  authorization set installation fence failed
runtime	Stop containers	2026-10-07T00:10:11.2312978Z  2026-10-07 00:09:34.109 UTC [214] CONTEXT:  PL/pgSQL function enforce_quote_authorization_insert() line 16 at RAISE
runtime	Stop containers	2026-10-07T00:10:11.2313476Z  2026-10-07 00:09:34.109 UTC [214] STATEMENT:
runtime	Stop containers	2026-10-07T00:10:11.2313752Z  	        /* m4_002_set_guard_race */
runtime	Stop containers	2026-10-07T00:10:11.2314169Z  	        INSERT INTO quote_authorization_sets (set_id, quote_id, shop_id, installation_generation,
runtime	Stop containers	2026-10-07T00:10:11.2314748Z  	          authorization_generation, authorization_epoch, key_id, public_key_fingerprint,
runtime	Stop containers	2026-10-07T00:10:11.2315329Z  	          first_valid_day, last_valid_day, valid_through_day, envelope_carrier, member_carriers)
runtime	Stop containers	2026-10-07T00:10:11.2316019Z  	        VALUES ($1::uuid, $2::uuid, $3, $4::bigint,
runtime	Stop containers	2026-10-07T00:10:11.2316298Z  	          $5::uuid, $6::bigint,
runtime	Stop containers	2026-10-07T00:10:11.2316525Z  	          $7, $8, $9,
runtime	Stop containers	2026-10-07T00:10:11.2316721Z  	          $10, $11, $12,
runtime	Stop containers	2026-10-07T00:10:11.2316926Z  	          $13::jsonb)
runtime	Stop containers	2026-10-07T00:10:11.2317261Z  2026-10-07 00:09:34.111 UTC [227] WARNING:  there is no transaction in progress
runtime	Stop containers	2026-10-07T00:10:11.2317731Z  2026-10-07 00:09:34.120 UTC [212] ERROR:  authorization set installation fence failed
runtime	Stop containers	2026-10-07T00:10:11.2318309Z  2026-10-07 00:09:34.120 UTC [212] CONTEXT:  PL/pgSQL function enforce_quote_authorization_insert() line 16 at RAISE
runtime	Stop containers	2026-10-07T00:10:11.2319052Z  2026-10-07 00:09:34.120 UTC [212] STATEMENT:  INSERT INTO quote_authorization_sets (set_id, quote_id, shop_id, installation_generation,
runtime	Stop containers	2026-10-07T00:10:11.2319766Z  	        authorization_generation, authorization_epoch, key_id, public_key_fingerprint,
runtime	Stop containers	2026-10-07T00:10:11.2320336Z  	        first_valid_day, last_valid_day, valid_through_day, envelope_carrier, member_carriers)
runtime	Stop containers	2026-10-07T00:10:11.2320771Z  	      VALUES ($1::uuid, $2::uuid, $3, $4::bigint,
runtime	Stop containers	2026-10-07T00:10:11.2321054Z  	        $5::uuid, $6::bigint,
runtime	Stop containers	2026-10-07T00:10:11.2321275Z  	        $7, $8, $9,
runtime	Stop containers	2026-10-07T00:10:11.2321468Z  	        $10, $11, $12,
runtime	Stop containers	2026-10-07T00:10:11.2321670Z  	        $13::jsonb)
runtime	Stop containers	2026-10-07T00:10:11.2321942Z  2026-10-07 00:09:34.179 UTC [232] ERROR:  synthetic inbox failure
runtime	Stop containers	2026-10-07T00:10:11.2322459Z  2026-10-07 00:09:34.179 UTC [232] CONTEXT:  PL/pgSQL function test_uninstall_34be886c9a4140e0() line 1 at RAISE
runtime	Stop containers	2026-10-07T00:10:11.2323232Z  2026-10-07 00:09:34.179 UTC [232] STATEMENT:  update "inbox_messages" set "state" = $1, "last_error_class" = $2, "attempts" = "attempts" + $3 where "id" = $4
runtime	Stop containers	2026-10-07T00:10:11.2323946Z  2026-10-07 00:09:34.217 UTC [213] ERROR:  v2 availability audit is immutable or out of phase
runtime	Stop containers	2026-10-07T00:10:11.2324676Z  2026-10-07 00:09:34.217 UTC [213] CONTEXT:  PL/pgSQL function enforce_activation_v2_audit() line 8 at RAISE
runtime	Stop containers	2026-10-07T00:10:11.2325749Z  2026-10-07 00:09:34.217 UTC [213] STATEMENT:  UPDATE m5_activation_state SET hold=jsonb_set(hold,'{restorationReceipt,kind}','"CONFLICT"'::jsonb),version=version+1 WHERE shop_id=$1
runtime	Stop containers	2026-10-07T00:10:11.2326784Z  2026-10-07 00:09:34.247 UTC [213] ERROR:  new row for relation "m5_activation_evidence" violates check constraint "m5_014_evidence_identity"
runtime	Stop containers	2026-10-07T00:10:11.2328747Z  2026-10-07 00:09:34.247 UTC [213] DETAIL:  Failing row contains (b6bd0d7f-1169-4a54-9e03-18f32bdfae0d, a57a737d-b4a0-4d75-9b33-dcc86e476d6f, 5abd2f0c-f7a2-4500-b0ee-6270fb9eb724, ca85d309-d54a-43e2-a87f-c70313d1e877, 1, 1, b1a87af8-74a9-40fd-b8fb-f7c2cfeb0f80, 0, 7, 9ccf6ca316d89664615e2e50addb701c4f4cfc61afb623032a3b7c1ae94bdc26, {"hold": null, "shopId": "b6bd0d7f-1169-4a54-9e03-18f32bdfae0d",..., 2026-10-07 00:09:34.24673+00).
runtime	Stop containers	2026-10-07T00:10:11.2331168Z  2026-10-07 00:09:34.247 UTC [213] STATEMENT:  INSERT INTO m5_activation_evidence(shop_id,config_id,operation_id,revision_id,installation_generation,operation_sequence,authorization_generation,authorization_epoch,selected_key_id,evidence_digest,evidence) VALUES ($1,$2,$3,$4,1,1,$5::uuid,$6,7,$7,$8::jsonb)
runtime	Stop containers	2026-10-07T00:10:11.2332592Z  2026-10-07 00:09:34.251 UTC [213] ERROR:  new row for relation "m5_activation_evidence" violates check constraint "m5_014_evidence_v2_hold"
runtime	Stop containers	2026-10-07T00:10:11.2334395Z  2026-10-07 00:09:34.251 UTC [213] DETAIL:  Failing row contains (b6bd0d7f-1169-4a54-9e03-18f32bdfae0d, a57a737d-b4a0-4d75-9b33-dcc86e476d6f, 5abd2f0c-f7a2-4500-b0ee-6270fb9eb724, ca85d309-d54a-43e2-a87f-c70313d1e877, 1, 1, b1a87af8-74a9-40fd-b8fb-f7c2cfeb0f80, 0, 7, 41fad7bab99f29c4c5e4baaa32e9ed593300ccf2fae05c2aea332d9019d25ee4, {"hold": {"held": {"scope": {"shopId": "b6bd0d7f-1169-4a54-9e03-..., 2026-10-07 00:09:34.250036+00).
runtime	Stop containers	2026-10-07T00:10:11.2337094Z  2026-10-07 00:09:34.251 UTC [213] STATEMENT:  INSERT INTO m5_activation_evidence(shop_id,config_id,operation_id,revision_id,installation_generation,operation_sequence,authorization_generation,authorization_epoch,selected_key_id,evidence_digest,evidence) VALUES ($1,$2,$3,$4,1,1,$5::uuid,$6,7,$7,$8::jsonb)
runtime	Stop containers	2026-10-07T00:10:11.2338534Z  2026-10-07 00:09:34.254 UTC [213] ERROR:  new row for relation "m5_activation_evidence" violates check constraint "m5_014_evidence_v2_hold"
runtime	Stop containers	2026-10-07T00:10:11.2340344Z  2026-10-07 00:09:34.254 UTC [213] DETAIL:  Failing row contains (b6bd0d7f-1169-4a54-9e03-18f32bdfae0d, a57a737d-b4a0-4d75-9b33-dcc86e476d6f, 5abd2f0c-f7a2-4500-b0ee-6270fb9eb724, ca85d309-d54a-43e2-a87f-c70313d1e877, 1, 1, b1a87af8-74a9-40fd-b8fb-f7c2cfeb0f80, 0, 7, 6b5391e64ff747cd91e7ac31d18f61e41b6abcec564d0998fb43f76f35c484b4, {"hold": {"held": {"scope": {"shopId": "b6bd0d7f-1169-4a54-9e03-..., 2026-10-07 00:09:34.253289+00).
runtime	Stop containers	2026-10-07T00:10:11.2342703Z  2026-10-07 00:09:34.254 UTC [213] STATEMENT:  INSERT INTO m5_activation_evidence(shop_id,config_id,operation_id,revision_id,installation_generation,operation_sequence,authorization_generation,authorization_epoch,selected_key_id,evidence_digest,evidence) VALUES ($1,$2,$3,$4,1,1,$5::uuid,$6,7,$7,$8::jsonb)
runtime	Stop containers	2026-10-07T00:10:11.2344102Z  2026-10-07 00:09:34.256 UTC [213] ERROR:  new row for relation "m5_activation_evidence" violates check constraint "m5_014_evidence_v2_hold"
runtime	Stop containers	2026-10-07T00:10:11.2346060Z  2026-10-07 00:09:34.256 UTC [213] DETAIL:  Failing row contains (b6bd0d7f-1169-4a54-9e03-18f32bdfae0d, a57a737d-b4a0-4d75-9b33-dcc86e476d6f, 5abd2f0c-f7a2-4500-b0ee-6270fb9eb724, ca85d309-d54a-43e2-a87f-c70313d1e877, 1, 1, b1a87af8-74a9-40fd-b8fb-f7c2cfeb0f80, 0, 7, 421cf0e7f47866c6e3fc4d21f59fe06b8b53db6b81da60663f518848a176768b, {"hold": {"held": {"scope": {"shopId": "b6bd0d7f-1169-4a54-9e03-..., 2026-10-07 00:09:34.256407+00).
runtime	Stop containers	2026-10-07T00:10:11.2348412Z  2026-10-07 00:09:34.256 UTC [213] STATEMENT:  INSERT INTO m5_activation_evidence(shop_id,config_id,operation_id,revision_id,installation_generation,operation_sequence,authorization_generation,authorization_epoch,selected_key_id,evidence_digest,evidence) VALUES ($1,$2,$3,$4,1,1,$5::uuid,$6,7,$7,$8::jsonb)
runtime	Stop containers	2026-10-07T00:10:11.2349960Z  2026-10-07 00:09:34.259 UTC [213] ERROR:  new row for relation "m5_activation_evidence" violates check constraint "m5_014_evidence_v2_hold"
runtime	Stop containers	2026-10-07T00:10:11.2351737Z  2026-10-07 00:09:34.259 UTC [213] DETAIL:  Failing row contains (b6bd0d7f-1169-4a54-9e03-18f32bdfae0d, a57a737d-b4a0-4d75-9b33-dcc86e476d6f, 5abd2f0c-f7a2-4500-b0ee-6270fb9eb724, ca85d309-d54a-43e2-a87f-c70313d1e877, 1, 1, b1a87af8-74a9-40fd-b8fb-f7c2cfeb0f80, 0, 7, 4c181080669cfae184b5b4b80eb51ff71fb69ac3611bab8401ca2960d1b14937, {"hold": {"held": {"scope": {"shopId": "b6bd0d7f-1169-4a54-9e03-..., 2026-10-07 00:09:34.25891+00).
runtime	Stop containers	2026-10-07T00:10:11.2354274Z  2026-10-07 00:09:34.259 UTC [213] STATEMENT:  INSERT INTO m5_activation_evidence(shop_id,config_id,operation_id,revision_id,installation_generation,operation_sequence,authorization_generation,authorization_epoch,selected_key_id,evidence_digest,evidence) VALUES ($1,$2,$3,$4,1,1,$5::uuid,$6,7,$7,$8::jsonb)
runtime	Stop containers	2026-10-07T00:10:11.2355964Z  2026-10-07 00:09:34.267 UTC [213] ERROR:  new row for relation "m5_activation_evidence" violates check constraint "m5_014_evidence_v2_audit"
runtime	Stop containers	2026-10-07T00:10:11.2357780Z  2026-10-07 00:09:34.267 UTC [213] DETAIL:  Failing row contains (b6bd0d7f-1169-4a54-9e03-18f32bdfae0d, a57a737d-b4a0-4d75-9b33-dcc86e476d6f, 5abd2f0c-f7a2-4500-b0ee-6270fb9eb724, ca85d309-d54a-43e2-a87f-c70313d1e877, 1, 1, b1a87af8-74a9-40fd-b8fb-f7c2cfeb0f80, 0, 7, 749afd4b131568e441b602ce95bdb3a1e844606a66056dfd0815bcfa96d698a7, {"hold": {"held": {"scope": {"shopId": "b6bd0d7f-1169-4a54-9e03-..., 2026-10-07 00:09:34.267129+00).
runtime	Stop containers	2026-10-07T00:10:11.2360147Z  2026-10-07 00:09:34.267 UTC [213] STATEMENT:  INSERT INTO m5_activation_evidence(shop_id,config_id,operation_id,revision_id,installation_generation,operation_sequence,authorization_generation,authorization_epoch,selected_key_id,evidence_digest,evidence) VALUES ($1,$2,$3,$4,1,1,$5::uuid,$6,7,$7,$8::jsonb)
runtime	Stop containers	2026-10-07T00:10:11.2361541Z  2026-10-07 00:09:34.271 UTC [213] ERROR:  new row for relation "m5_activation_evidence" violates check constraint "m5_014_evidence_v2_audit"
runtime	Stop containers	2026-10-07T00:10:11.2363317Z  2026-10-07 00:09:34.271 UTC [213] DETAIL:  Failing row contains (b6bd0d7f-1169-4a54-9e03-18f32bdfae0d, a57a737d-b4a0-4d75-9b33-dcc86e476d6f, 5abd2f0c-f7a2-4500-b0ee-6270fb9eb724, ca85d309-d54a-43e2-a87f-c70313d1e877, 1, 1, b1a87af8-74a9-40fd-b8fb-f7c2cfeb0f80, 0, 7, 558382a2e30c8f702430c8166382bc6b92805f05c101d8f67214b6c2c77685ec, {"hold": {"held": {"scope": {"shopId": "b6bd0d7f-1169-4a54-9e03-..., 2026-10-07 00:09:34.270327+00).
runtime	Stop containers	2026-10-07T00:10:11.2365930Z  2026-10-07 00:09:34.271 UTC [213] STATEMENT:  INSERT INTO m5_activation_evidence(shop_id,config_id,operation_id,revision_id,installation_generation,operation_sequence,authorization_generation,authorization_epoch,selected_key_id,evidence_digest,evidence) VALUES ($1,$2,$3,$4,1,1,$5::uuid,$6,7,$7,$8::jsonb)
runtime	Stop containers	2026-10-07T00:10:11.2367345Z  2026-10-07 00:09:34.274 UTC [213] ERROR:  new row for relation "m5_activation_evidence" violates check constraint "m5_014_evidence_v2_audit"
runtime	Stop containers	2026-10-07T00:10:11.2369124Z  2026-10-07 00:09:34.274 UTC [213] DETAIL:  Failing row contains (b6bd0d7f-1169-4a54-9e03-18f32bdfae0d, a57a737d-b4a0-4d75-9b33-dcc86e476d6f, 5abd2f0c-f7a2-4500-b0ee-6270fb9eb724, ca85d309-d54a-43e2-a87f-c70313d1e877, 1, 1, b1a87af8-74a9-40fd-b8fb-f7c2cfeb0f80, 0, 7, 4505f68fb0432d00b43c9e2c834e2f39af344acf2b3dc2da9249b08f4b56e17c, {"hold": {"held": {"scope": {"shopId": "b6bd0d7f-1169-4a54-9e03-..., 2026-10-07 00:09:34.273961+00).
runtime	Stop containers	2026-10-07T00:10:11.2371473Z  2026-10-07 00:09:34.274 UTC [213] STATEMENT:  INSERT INTO m5_activation_evidence(shop_id,config_id,operation_id,revision_id,installation_generation,operation_sequence,authorization_generation,authorization_epoch,selected_key_id,evidence_digest,evidence) VALUES ($1,$2,$3,$4,1,1,$5::uuid,$6,7,$7,$8::jsonb)
runtime	Stop containers	2026-10-07T00:10:11.2372864Z  2026-10-07 00:09:34.277 UTC [213] ERROR:  new row for relation "m5_activation_evidence" violates check constraint "m5_014_evidence_v2_audit"
runtime	Stop containers	2026-10-07T00:10:11.2374773Z  2026-10-07 00:09:34.277 UTC [213] DETAIL:  Failing row contains (b6bd0d7f-1169-4a54-9e03-18f32bdfae0d, a57a737d-b4a0-4d75-9b33-dcc86e476d6f, 5abd2f0c-f7a2-4500-b0ee-6270fb9eb724, ca85d309-d54a-43e2-a87f-c70313d1e877, 1, 1, b1a87af8-74a9-40fd-b8fb-f7c2cfeb0f80, 0, 7, d581d49c551a6fe89e640cc0b06c88eb7d4bdbd29b2c8eb1a572cc69bc6b2e74, {"hold": {"held": {"scope": {"shopId": "b6bd0d7f-1169-4a54-9e03-..., 2026-10-07 00:09:34.276293+00).
runtime	Stop containers	2026-10-07T00:10:11.2377460Z  2026-10-07 00:09:34.277 UTC [213] STATEMENT:  INSERT INTO m5_activation_evidence(shop_id,config_id,operation_id,revision_id,installation_generation,operation_sequence,authorization_generation,authorization_epoch,selected_key_id,evidence_digest,evidence) VALUES ($1,$2,$3,$4,1,1,$5::uuid,$6,7,$7,$8::jsonb)
runtime	Stop containers	2026-10-07T00:10:11.2378857Z  2026-10-07 00:09:34.281 UTC [213] ERROR:  new row for relation "m5_activation_evidence" violates check constraint "m5_014_evidence_v2_audit"
runtime	Stop containers	2026-10-07T00:10:11.2380642Z  2026-10-07 00:09:34.281 UTC [213] DETAIL:  Failing row contains (b6bd0d7f-1169-4a54-9e03-18f32bdfae0d, a57a737d-b4a0-4d75-9b33-dcc86e476d6f, 5abd2f0c-f7a2-4500-b0ee-6270fb9eb724, ca85d309-d54a-43e2-a87f-c70313d1e877, 1, 1, b1a87af8-74a9-40fd-b8fb-f7c2cfeb0f80, 0, 7, f05d015ec07721973f0b2e2e2aba8b3317f12a3e271e9ff856089334e1d10c94, {"hold": {"held": {"scope": {"shopId": "b6bd0d7f-1169-4a54-9e03-..., 2026-10-07 00:09:34.280594+00).
runtime	Stop containers	2026-10-07T00:10:11.2382998Z  2026-10-07 00:09:34.281 UTC [213] STATEMENT:  INSERT INTO m5_activation_evidence(shop_id,config_id,operation_id,revision_id,installation_generation,operation_sequence,authorization_generation,authorization_epoch,selected_key_id,evidence_digest,evidence) VALUES ($1,$2,$3,$4,1,1,$5::uuid,$6,7,$7,$8::jsonb)
runtime	Stop containers	2026-10-07T00:10:11.2384372Z  2026-10-07 00:09:34.288 UTC [213] ERROR:  new row for relation "m5_activation_evidence" violates check constraint "m5_014_evidence_v2_audit"
runtime	Stop containers	2026-10-07T00:10:11.2386402Z  2026-10-07 00:09:34.288 UTC [213] DETAIL:  Failing row contains (b6bd0d7f-1169-4a54-9e03-18f32bdfae0d, a57a737d-b4a0-4d75-9b33-dcc86e476d6f, 5abd2f0c-f7a2-4500-b0ee-6270fb9eb724, ca85d309-d54a-43e2-a87f-c70313d1e877, 1, 1, b1a87af8-74a9-40fd-b8fb-f7c2cfeb0f80, 0, 7, c6a643f2d7220a10225bb76122c64fbb817fda5f57eabdd92a4754475daab131, {"hold": {"held": {"scope": {"shopId": "b6bd0d7f-1169-4a54-9e03-..., 2026-10-07 00:09:34.287337+00).
runtime	Stop containers	2026-10-07T00:10:11.2388783Z  2026-10-07 00:09:34.288 UTC [213] STATEMENT:  INSERT INTO m5_activation_evidence(shop_id,config_id,operation_id,revision_id,installation_generation,operation_sequence,authorization_generation,authorization_epoch,selected_key_id,evidence_digest,evidence) VALUES ($1,$2,$3,$4,1,1,$5::uuid,$6,7,$7,$8::jsonb)
runtime	Stop containers	2026-10-07T00:10:11.2390162Z  2026-10-07 00:09:34.292 UTC [213] ERROR:  new row for relation "m5_activation_evidence" violates check constraint "m5_014_evidence_v2_audit"
runtime	Stop containers	2026-10-07T00:10:11.2391922Z  2026-10-07 00:09:34.292 UTC [213] DETAIL:  Failing row contains (b6bd0d7f-1169-4a54-9e03-18f32bdfae0d, a57a737d-b4a0-4d75-9b33-dcc86e476d6f, 5abd2f0c-f7a2-4500-b0ee-6270fb9eb724, ca85d309-d54a-43e2-a87f-c70313d1e877, 1, 1, b1a87af8-74a9-40fd-b8fb-f7c2cfeb0f80, 0, 7, 9942b5b24cf115113b32ff902ed02b6d13fbee07289a18407e01b6d7c5b498b3, {"hold": {"held": {"scope": {"shopId": "b6bd0d7f-1169-4a54-9e03-..., 2026-10-07 00:09:34.291086+00).
runtime	Stop containers	2026-10-07T00:10:11.2394272Z  2026-10-07 00:09:34.292 UTC [213] STATEMENT:  INSERT INTO m5_activation_evidence(shop_id,config_id,operation_id,revision_id,installation_generation,operation_sequence,authorization_generation,authorization_epoch,selected_key_id,evidence_digest,evidence) VALUES ($1,$2,$3,$4,1,1,$5::uuid,$6,7,$7,$8::jsonb)
runtime	Stop containers	2026-10-07T00:10:11.2395930Z  2026-10-07 00:09:34.294 UTC [213] ERROR:  new row for relation "m5_activation_evidence" violates check constraint "m5_014_evidence_v2_audit"
runtime	Stop containers	2026-10-07T00:10:11.2397768Z  2026-10-07 00:09:34.294 UTC [213] DETAIL:  Failing row contains (b6bd0d7f-1169-4a54-9e03-18f32bdfae0d, a57a737d-b4a0-4d75-9b33-dcc86e476d6f, 5abd2f0c-f7a2-4500-b0ee-6270fb9eb724, ca85d309-d54a-43e2-a87f-c70313d1e877, 1, 1, b1a87af8-74a9-40fd-b8fb-f7c2cfeb0f80, 0, 7, 02e584dc3842283a3624df49806efac40dbbebe631519b6a0655b7e5307c5657, {"hold": {"held": {"scope": {"shopId": "b6bd0d7f-1169-4a54-9e03-..., 2026-10-07 00:09:34.293794+00).
runtime	Stop containers	2026-10-07T00:10:11.2400301Z  2026-10-07 00:09:34.294 UTC [213] STATEMENT:  INSERT INTO m5_activation_evidence(shop_id,config_id,operation_id,revision_id,installation_generation,operation_sequence,authorization_generation,authorization_epoch,selected_key_id,evidence_digest,evidence) VALUES ($1,$2,$3,$4,1,1,$5::uuid,$6,7,$7,$8::jsonb)
runtime	Stop containers	2026-10-07T00:10:11.2401849Z  2026-10-07 00:09:34.911 UTC [242] ERROR:  duplicate key value violates unique constraint "product_configs_shop_id_external_product_id_key"
runtime	Stop containers	2026-10-07T00:10:11.2402784Z  2026-10-07 00:09:34.911 UTC [242] DETAIL:  Key (shop_id, external_product_id)=(03e3d5a7-f039-4ac6-95fc-56e44566ea0b, 69071e06-2077-4b99-b454-82e7967f83a8) already exists.
runtime	Stop containers	2026-10-07T00:10:11.2404092Z  2026-10-07 00:09:34.911 UTC [242] STATEMENT:  insert into "product_configs" ("shop_id", "config_id", "external_product_id", "draft_schema_version", "draft_value", "effective_revision_id", "effective_operation_id") values ($1, $2, $3, $4, $5, $6, $7) returning *
runtime	Stop containers	2026-10-07T00:10:11.2405447Z  2026-10-07 00:09:34.940 UTC [242] ERROR:  insert or update on table "publication_operations" violates foreign key constraint "publication_operations_shop_id_config_id_revision_id_fkey"
runtime	Stop containers	2026-10-07T00:10:11.2407075Z  2026-10-07 00:09:34.940 UTC [242] DETAIL:  Key (shop_id, config_id, revision_id)=(03e3d5a7-f039-4ac6-95fc-56e44566ea0b, 927ade13-66c5-4a83-9c44-7fe946f889c2, 39f43f2a-e5bc-42d1-8d9b-939f7774b3d0) is not present in table "config_revisions".
runtime	Stop containers	2026-10-07T00:10:11.2408060Z  2026-10-07 00:09:34.940 UTC [242] STATEMENT:  INSERT INTO publication_operations (
runtime	Stop containers	2026-10-07T00:10:11.2408611Z  	      shop_id, config_id, operation_id, revision_id, installation_generation, operation_sequence,
runtime	Stop containers	2026-10-07T00:10:11.2409112Z  	      expected_projection, expected_projection_digest
runtime	Stop containers	2026-10-07T00:10:11.2409431Z  	    ) VALUES ($1, $2, $3, $4, 1, 1, '{}'::jsonb, $5)
runtime	Stop containers	2026-10-07T00:10:11.2409781Z  2026-10-07 00:09:35.005 UTC [242] ERROR:  config revisions are immutable
runtime	Stop containers	2026-10-07T00:10:11.2410286Z  2026-10-07 00:09:35.005 UTC [242] CONTEXT:  PL/pgSQL function reject_revision_mutation() line 3 at RAISE
runtime	Stop containers	2026-10-07T00:10:11.2410989Z  2026-10-07 00:09:35.005 UTC [242] STATEMENT:  UPDATE config_revisions SET content_hash = $1 WHERE shop_id = $2 AND revision_id = $3
runtime	Stop containers	2026-10-07T00:10:11.2411579Z  2026-10-07 00:09:35.006 UTC [242] ERROR:  config revisions are immutable
runtime	Stop containers	2026-10-07T00:10:11.2412068Z  2026-10-07 00:09:35.006 UTC [242] CONTEXT:  PL/pgSQL function reject_revision_mutation() line 3 at RAISE
runtime	Stop containers	2026-10-07T00:10:11.2412697Z  2026-10-07 00:09:35.006 UTC [242] STATEMENT:  DELETE FROM config_revisions WHERE shop_id = $1 AND revision_id = $2
runtime	Stop containers	2026-10-07T00:10:11.2413284Z  2026-10-07 00:09:35.109 UTC [242] ERROR:  publication activation preconditions not met
runtime	Stop containers	2026-10-07T00:10:11.2413861Z  2026-10-07 00:09:35.109 UTC [242] CONTEXT:  PL/pgSQL function enforce_effective_activation() line 31 at RAISE
runtime	Stop containers	2026-10-07T00:10:11.2414671Z  2026-10-07 00:09:35.109 UTC [242] STATEMENT:  UPDATE product_configs SET effective_revision_id = $1, effective_operation_id = $2 WHERE shop_id = $3 AND config_id = $4
runtime	Stop containers	2026-10-07T00:10:11.2415394Z  2026-10-07 00:09:35.170 UTC [242] ERROR:  publication sequence cannot decrease
runtime	Stop containers	2026-10-07T00:10:11.2416099Z  2026-10-07 00:09:35.170 UTC [242] CONTEXT:  PL/pgSQL function enforce_effective_activation() line 6 at RAISE
runtime	Stop containers	2026-10-07T00:10:11.2417000Z  2026-10-07 00:09:35.170 UTC [242] STATEMENT:  UPDATE product_configs SET publication_sequence = 1, effective_revision_id = $1, effective_operation_id = $2 WHERE shop_id = $3 AND config_id = $4
runtime	Stop containers	2026-10-07T00:10:11.2417958Z  2026-10-07 00:09:35.933 UTC [251] ERROR:  new row for relation "inbox_messages" violates check constraint "inbox_messages_check2"
runtime	Stop containers	2026-10-07T00:10:11.2419807Z  2026-10-07 00:09:35.933 UTC [251] DETAIL:  Failing row contains (735a15d5-4a27-4d94-9e27-3620f884e96e, synthetic.provider, 854147a4-4ed7-4f07-8e4a-4727b041c37e, 19d8d196-e415-48e6-abf2-fa178e87064b, null, \x7b7d, 44136fa355b3678a1146ad16f7e8649e94fb4fc21fe77e8310c060f61caaff8a, 2099-01-01 00:00:00+00, 2026-10-07 00:09:35.933329+00, pending, 0, null, null, null, test-transient, 2099-06-29 00:00:00+00, retained).
runtime	Stop containers	2026-10-07T00:10:11.2422412Z  2026-10-07 00:09:35.933 UTC [251] STATEMENT:  insert into "inbox_messages" ("id", "source", "external_delivery_id", "shop_id", "installation_generation", "payload", "payload_sha256", "received_at", "state", "attempts", "last_error_class", "retention_class", "purge_after", "lease_owner", "lease_until", "erasure_state") values ($1, $2, $3, $4, $5, $6, $7, $8, $9, $10, $11, $12, $13, $14, $15, $16) on conflict do nothing returning "id"
runtime	Stop containers	2026-10-07T00:10:11.2423847Z  2026-10-07 00:09:35.951 UTC [251] ERROR:  payload collection time is immutable
runtime	Stop containers	2026-10-07T00:10:11.2424404Z  2026-10-07 00:09:35.951 UTC [251] CONTEXT:  PL/pgSQL function enforce_payload_collection_time() line 6 at RAISE
runtime	Stop containers	2026-10-07T00:10:11.2425121Z  2026-10-07 00:09:35.951 UTC [251] STATEMENT:  UPDATE inbox_messages SET collected_at = '2099-01-01'::timestamptz WHERE id = $1::uuid
runtime	Stop containers	2026-10-07T00:10:11.2426133Z  2026-10-07 00:09:35.954 UTC [251] ERROR:  new row for relation "inbox_messages" violates check constraint "inbox_messages_check2"
runtime	Stop containers	2026-10-07T00:10:11.2427864Z  2026-10-07 00:09:35.954 UTC [251] DETAIL:  Failing row contains (971a514b-5354-4b8b-b2c4-d4a5425f6735, synthetic.provider, 074c4550-a437-40ab-82d1-4959d218da0e, 19d8d196-e415-48e6-abf2-fa178e87064b, null, \x7b7d, 44136fa355b3678a1146ad16f7e8649e94fb4fc21fe77e8310c060f61caaff8a, 2026-10-07 00:09:35.931+00, 2026-10-07 00:09:35.947184+00, pending, 0, null, null, null, test-transient, 2027-04-06 00:09:35.947184+00, retained).
runtime	Stop containers	2026-10-07T00:10:11.2429603Z  2026-10-07 00:09:35.954 UTC [251] STATEMENT:  UPDATE inbox_messages SET purge_after = collected_at + interval '181 days' WHERE id = $1::uuid
runtime	Stop containers	2026-10-07T00:10:11.2430397Z  2026-10-07 00:09:35.992 UTC [251] ERROR:  new row for relation "outbox_events" violates check constraint "outbox_events_check1"
runtime	Stop containers	2026-10-07T00:10:11.2432243Z  2026-10-07 00:09:35.992 UTC [251] DETAIL:  Failing row contains (8afd09ac-f0a5-4f24-86de-33317b20d445, 19d8d196-e415-48e6-abf2-fa178e87064b, null, synthetic.processed, 1, b02a9484-1351-44f7-8248-97d3e2778b6d, {"businessKey": "b02a9484-1351-44f7-8248-97d3e2778b6d"}, b02a9484-1351-44f7-8248-97d3e2778b6d, 2099-01-01 00:00:00+00, 2026-10-07 00:09:35.992415+00, 2099-01-01 00:00:00+00, pending, 0, null, null, null, test-transient, 2099-06-29 00:00:00+00, retained, 2026-10-07 00:09:35.991+00).
runtime	Stop containers	2026-10-07T00:10:11.2435055Z  2026-10-07 00:09:35.992 UTC [251] STATEMENT:  insert into "outbox_events" ("id", "shop_id", "installation_generation", "event_type", "schema_version", "aggregate_ref", "payload", "business_key", "occurred_at", "available_at", "state", "attempts", "last_error_class", "lease_owner", "lease_until", "retention_class", "purge_after", "erasure_state", "created_at") values ($1, $2, $3, $4, $5, $6, $7, $8, $9, $10, $11, $12, $13, $14, $15, $16, $17, $18, $19) on conflict do nothing returning "id"
runtime	Stop containers	2026-10-07T00:10:11.2437067Z  2026-10-07 00:09:36.003 UTC [251] ERROR:  new row for relation "outbox_events" violates check constraint "outbox_events_check1"
runtime	Stop containers	2026-10-07T00:10:11.2438982Z  2026-10-07 00:09:36.003 UTC [251] DETAIL:  Failing row contains (465861f4-3ac7-4c04-b038-3c3b87d0d1e4, 19d8d196-e415-48e6-abf2-fa178e87064b, null, synthetic.processed, 1, f4085994-5547-4cce-9204-2b6e5ef93400, {"businessKey": "f4085994-5547-4cce-9204-2b6e5ef93400"}, f4085994-5547-4cce-9204-2b6e5ef93400, 2026-10-07 00:09:35.995+00, 2026-10-07 00:09:35.997435+00, 2026-10-07 00:09:35.995+00, pending, 0, null, null, null, test-transient, 2027-04-06 00:09:35.997435+00, retained, 2026-10-07 00:09:35.996+00).
runtime	Stop containers	2026-10-07T00:10:11.2440953Z  2026-10-07 00:09:36.003 UTC [251] STATEMENT:  UPDATE outbox_events SET purge_after = collected_at + interval '181 days' WHERE id = $1::uuid
runtime	Stop containers	2026-10-07T00:10:11.2441795Z  2026-10-07 00:09:37.696 UTC [279] ERROR:  installation authorization generation is immutable
runtime	Stop containers	2026-10-07T00:10:11.2442389Z  2026-10-07 00:09:37.696 UTC [279] CONTEXT:  PL/pgSQL function enforce_authorization_identity() line 4 at RAISE
runtime	Stop containers	2026-10-07T00:10:11.2443206Z  2026-10-07 00:09:37.696 UTC [279] STATEMENT:  update "installation_generations" set "authorization_generation" = $1 where "shop_id" = $2 and "generation" = $3
runtime	Stop containers	2026-10-07T00:10:11.2444321Z  2026-10-07 00:09:37.712 UTC [279] ERROR:  new row for relation "installation_generations" violates check constraint "installation_generations_authorization_epoch_check"
runtime	Stop containers	2026-10-07T00:10:11.2445728Z  2026-10-07 00:09:37.712 UTC [279] DETAIL:  Failing row contains (e6c10ea2-4c73-467b-8801-162d904d4873, 2, null, 2026-10-07 00:09:37.702763+00, 2026-10-07 00:09:37.702763+00, null, 22a17002-0005-4608-bd1c-f39621747cd1, 4294967296).
runtime	Stop containers	2026-10-07T00:10:11.2446902Z  2026-10-07 00:09:37.712 UTC [279] STATEMENT:  update "installation_generations" set "authorization_epoch" = $1 where "shop_id" = $2 and "generation" = $3
runtime	Stop containers	2026-10-07T00:10:11.2447587Z  2026-10-07 00:09:41.492 UTC [213] ERROR:  activation evidence is immutable
runtime	Stop containers	2026-10-07T00:10:11.2448149Z  2026-10-07 00:09:41.492 UTC [213] CONTEXT:  PL/pgSQL function reject_activation_evidence_mutation() line 3 at RAISE
runtime	Stop containers	2026-10-07T00:10:11.2448864Z  2026-10-07 00:09:41.492 UTC [213] STATEMENT:  UPDATE m5_activation_evidence SET evidence='{}'::jsonb WHERE shop_id=$1
runtime	Stop containers	2026-10-07T00:10:11.2449418Z  2026-10-07 00:09:41.493 UTC [213] ERROR:  activation evidence is immutable
runtime	Stop containers	2026-10-07T00:10:11.2449961Z  2026-10-07 00:09:41.493 UTC [213] CONTEXT:  PL/pgSQL function reject_activation_evidence_mutation() line 3 at RAISE
runtime	Stop containers	2026-10-07T00:10:11.2450576Z  2026-10-07 00:09:41.493 UTC [213] STATEMENT:  DELETE FROM m5_activation_evidence WHERE shop_id=$1
runtime	Stop containers	2026-10-07T00:10:11.2451064Z  2026-10-07 00:09:42.368 UTC [290] ERROR:  synthetic activation crash
runtime	Stop containers	2026-10-07T00:10:11.2451573Z  2026-10-07 00:09:42.368 UTC [290] CONTEXT:  PL/pgSQL function m5_test_activation_fail() line 3 at RAISE
runtime	Stop containers	2026-10-07T00:10:11.2452368Z  2026-10-07 00:09:42.368 UTC [290] STATEMENT:  update "publication_operations" set "status" = $1, "activated_at" = $2 where "shop_id" = $3 and "operation_id" = $4
runtime	Stop containers	2026-10-07T00:10:11.2453303Z  2026-10-07 00:09:42.999 UTC [213] ERROR:  new row for relation "m5_availability_resolutions" violates check constraint "m5_014_resolution_v2_hold_audit"
runtime	Stop containers	2026-10-07T00:10:11.2454987Z  2026-10-07 00:09:42.999 UTC [213] DETAIL:  Failing row contains (37e89f50-b971-40bb-bc40-b766675e2e3a, 5d9a6add-dcc3-46ca-9b0a-4b05263dcb3e, efda7aa7-9dcd-439e-91bc-8a64a9843117, resolution-json-guard, 41c866bc28fb93ac934c590101abd5f651c2be7e6948b1f6b52bc0fa07d889b9, {"shopId": "37e89f50-b971-40bb-bc40-b766675e2e3a", "outcome": "O..., 2026-10-07 00:09:42.998732+00).
runtime	Stop containers	2026-10-07T00:10:11.2457068Z  2026-10-07 00:09:42.999 UTC [213] STATEMENT:  INSERT INTO m5_availability_resolutions(shop_id,config_id,operation_id,command_key,resolution_digest,resolution) VALUES ($1,$2,$3,$4,$5,$6::jsonb)
runtime	Stop containers	2026-10-07T00:10:11.2458126Z  2026-10-07 00:09:43.000 UTC [213] ERROR:  new row for relation "m5_availability_resolutions" violates check constraint "m5_014_resolution_v2_hold_audit"
runtime	Stop containers	2026-10-07T00:10:11.2459776Z  2026-10-07 00:09:43.000 UTC [213] DETAIL:  Failing row contains (37e89f50-b971-40bb-bc40-b766675e2e3a, 5d9a6add-dcc3-46ca-9b0a-4b05263dcb3e, efda7aa7-9dcd-439e-91bc-8a64a9843117, resolution-json-guard, 19060cdbc9b58e52619f346b308b3e95739ff168f3ccce647b0a2a352159a5bc, {"shopId": "37e89f50-b971-40bb-bc40-b766675e2e3a", "outcome": "O..., 2026-10-07 00:09:43.00016+00).
runtime	Stop containers	2026-10-07T00:10:11.2461577Z  2026-10-07 00:09:43.000 UTC [213] STATEMENT:  INSERT INTO m5_availability_resolutions(shop_id,config_id,operation_id,command_key,resolution_digest,resolution) VALUES ($1,$2,$3,$4,$5,$6::jsonb)
runtime	Stop containers	2026-10-07T00:10:11.2462619Z  2026-10-07 00:09:43.001 UTC [213] ERROR:  new row for relation "m5_availability_resolutions" violates check constraint "m5_014_resolution_v2_hold_audit"
runtime	Stop containers	2026-10-07T00:10:11.2464423Z  2026-10-07 00:09:43.001 UTC [213] DETAIL:  Failing row contains (37e89f50-b971-40bb-bc40-b766675e2e3a, 5d9a6add-dcc3-46ca-9b0a-4b05263dcb3e, efda7aa7-9dcd-439e-91bc-8a64a9843117, resolution-json-guard, b98cba6ab49ea4cb67ecc293c7fc148be9716d2dd91668f017186d3453ddcfa4, {"shopId": "37e89f50-b971-40bb-bc40-b766675e2e3a", "outcome": "O..., 2026-10-07 00:09:43.001509+00).
runtime	Stop containers	2026-10-07T00:10:11.2466608Z  2026-10-07 00:09:43.001 UTC [213] STATEMENT:  INSERT INTO m5_availability_resolutions(shop_id,config_id,operation_id,command_key,resolution_digest,resolution) VALUES ($1,$2,$3,$4,$5,$6::jsonb)
runtime	Stop containers	2026-10-07T00:10:11.2467650Z  2026-10-07 00:09:43.003 UTC [213] ERROR:  new row for relation "m5_availability_resolutions" violates check constraint "m5_014_resolution_v2_hold_audit"
runtime	Stop containers	2026-10-07T00:10:11.2469313Z  2026-10-07 00:09:43.003 UTC [213] DETAIL:  Failing row contains (37e89f50-b971-40bb-bc40-b766675e2e3a, 5d9a6add-dcc3-46ca-9b0a-4b05263dcb3e, efda7aa7-9dcd-439e-91bc-8a64a9843117, resolution-json-guard, b13d5a30d78f1f4b8c29530ecce0af106fd3bc65bdb54772332d4bb9faf28d47, {"shopId": "37e89f50-b971-40bb-bc40-b766675e2e3a", "outcome": "O..., 2026-10-07 00:09:43.002836+00).
runtime	Stop containers	2026-10-07T00:10:11.2471128Z  2026-10-07 00:09:43.003 UTC [213] STATEMENT:  INSERT INTO m5_availability_resolutions(shop_id,config_id,operation_id,command_key,resolution_digest,resolution) VALUES ($1,$2,$3,$4,$5,$6::jsonb)
runtime	Stop containers	2026-10-07T00:10:11.2472170Z  2026-10-07 00:09:43.004 UTC [213] ERROR:  new row for relation "m5_availability_resolutions" violates check constraint "m5_014_resolution_v2_hold_audit"
runtime	Stop containers	2026-10-07T00:10:11.2473810Z  2026-10-07 00:09:43.004 UTC [213] DETAIL:  Failing row contains (37e89f50-b971-40bb-bc40-b766675e2e3a, 5d9a6add-dcc3-46ca-9b0a-4b05263dcb3e, efda7aa7-9dcd-439e-91bc-8a64a9843117, resolution-json-guard, 26244021c88fb63416560590f92b9087b23bd55781251406f8d4e45ad4e9ccc4, {"shopId": "37e89f50-b971-40bb-bc40-b766675e2e3a", "outcome": "O..., 2026-10-07 00:09:43.004109+00).
runtime	Stop containers	2026-10-07T00:10:11.2475847Z  2026-10-07 00:09:43.004 UTC [213] STATEMENT:  INSERT INTO m5_availability_resolutions(shop_id,config_id,operation_id,command_key,resolution_digest,resolution) VALUES ($1,$2,$3,$4,$5,$6::jsonb)
runtime	Stop containers	2026-10-07T00:10:11.2477046Z  2026-10-07 00:09:43.005 UTC [213] ERROR:  new row for relation "m5_availability_resolutions" violates check constraint "m5_014_resolution_v2_hold_audit"
runtime	Stop containers	2026-10-07T00:10:11.2478709Z  2026-10-07 00:09:43.005 UTC [213] DETAIL:  Failing row contains (37e89f50-b971-40bb-bc40-b766675e2e3a, 5d9a6add-dcc3-46ca-9b0a-4b05263dcb3e, efda7aa7-9dcd-439e-91bc-8a64a9843117, resolution-json-guard, 499137f8b9fb1bcea6dbd94e51c8491bbacef06073285e6fb475b5199d4e6467, {"shopId": "37e89f50-b971-40bb-bc40-b766675e2e3a", "outcome": "O..., 2026-10-07 00:09:43.005359+00).
runtime	Stop containers	2026-10-07T00:10:11.2480506Z  2026-10-07 00:09:43.005 UTC [213] STATEMENT:  INSERT INTO m5_availability_resolutions(shop_id,config_id,operation_id,command_key,resolution_digest,resolution) VALUES ($1,$2,$3,$4,$5,$6::jsonb)
runtime	Stop containers	2026-10-07T00:10:11.2481410Z  2026-10-07 00:09:44.866 UTC [213] ERROR:  availability disposition requires immutable resolved evidence
runtime	Stop containers	2026-10-07T00:10:11.2482076Z  2026-10-07 00:09:44.866 UTC [213] CONTEXT:  PL/pgSQL function enforce_availability_resolution_marker() line 16 at RAISE
runtime	Stop containers	2026-10-07T00:10:11.2482889Z  2026-10-07 00:09:44.866 UTC [213] STATEMENT:  UPDATE publication_operations SET availability_resolved_at=NULL WHERE shop_id=$1 AND operation_id=$2
runtime	Stop containers	2026-10-07T00:10:11.2483594Z  2026-10-07 00:09:44.867 UTC [213] ERROR:  terminal publication operation is immutable
runtime	Stop containers	2026-10-07T00:10:11.2484166Z  2026-10-07 00:09:44.867 UTC [213] CONTEXT:  PL/pgSQL function enforce_publication_transition() line 13 at RAISE
runtime	Stop containers	2026-10-07T00:10:11.2484956Z  2026-10-07 00:09:44.867 UTC [213] STATEMENT:  UPDATE publication_operations SET failure_class='rewrite-history' WHERE shop_id=$1 AND operation_id=$2
runtime	Stop containers	2026-10-07T00:10:11.2485864Z  2026-10-07 00:09:44.868 UTC [213] ERROR:  activation evidence is immutable
runtime	Stop containers	2026-10-07T00:10:11.2486598Z  2026-10-07 00:09:44.868 UTC [213] CONTEXT:  PL/pgSQL function reject_activation_evidence_mutation() line 3 at RAISE
runtime	Stop containers	2026-10-07T00:10:11.2487386Z  2026-10-07 00:09:44.868 UTC [213] STATEMENT:  UPDATE m5_availability_resolutions SET resolution=resolution WHERE shop_id=$1 AND operation_id=$2
runtime	Stop containers	2026-10-07T00:10:11.2488037Z  2026-10-07 00:09:44.869 UTC [213] ERROR:  activation evidence is immutable
runtime	Stop containers	2026-10-07T00:10:11.2488737Z  2026-10-07 00:09:44.869 UTC [213] CONTEXT:  PL/pgSQL function reject_activation_evidence_mutation() line 3 at RAISE
runtime	Stop containers	2026-10-07T00:10:11.2489438Z  2026-10-07 00:09:44.869 UTC [213] STATEMENT:  DELETE FROM m5_availability_resolutions WHERE shop_id=$1 AND operation_id=$2
runtime	Stop containers	2026-10-07T00:10:11.2490014Z  2026-10-07 00:10:09.040 UTC [397] ERROR:  config revisions are immutable
runtime	Stop containers	2026-10-07T00:10:11.2490515Z  2026-10-07 00:10:09.040 UTC [397] CONTEXT:  PL/pgSQL function reject_revision_mutation() line 3 at RAISE
runtime	Stop containers	2026-10-07T00:10:11.2491250Z  2026-10-07 00:10:09.040 UTC [397] STATEMENT:  UPDATE config_revision_presentation SET presentation_value=$1 WHERE shop_id=$2 AND revision_id=$3
runtime	Stop containers	2026-10-07T00:10:11.2491922Z  2026-10-07 00:10:09.950 UTC [73] LOG:  checkpoint starting: immediate force wait
runtime	Stop containers	2026-10-07T00:10:11.2493087Z  2026-10-07 00:10:09.996 UTC [73] LOG:  checkpoint complete: wrote 904 buffers (5.5%), wrote 4 SLRU buffers; 0 WAL file(s) added, 0 removed, 1 recycled; write=0.015 s, sync=0.029 s, total=0.046 s; sync files=332, longest=0.005 s, average=0.001 s; distance=14258 kB, estimate=14258 kB; lsn=0/298E6E0, redo lsn=0/298E688
runtime	Stop containers	2026-10-07T00:10:11.2494177Z  This user must also own the server process.
runtime	Stop containers	2026-10-07T00:10:11.2494440Z
runtime	Stop containers	2026-10-07T00:10:11.2494705Z  The database cluster will be initialized with locale "en_US.utf8".
runtime	Stop containers	2026-10-07T00:10:11.2495134Z  The default database encoding has accordingly been set to "UTF8".
runtime	Stop containers	2026-10-07T00:10:11.2495793Z  The default text search configuration will be set to "english".
runtime	Stop containers	2026-10-07T00:10:11.2496130Z
runtime	Stop containers	2026-10-07T00:10:11.2496319Z  Data page checksums are enabled.
runtime	Stop containers	2026-10-07T00:10:11.2496549Z
runtime	Stop containers	2026-10-07T00:10:11.2496847Z  fixing permissions on existing directory /var/lib/postgresql/18/docker ... ok
runtime	Stop containers	2026-10-07T00:10:11.2497247Z  creating subdirectories ... ok
runtime	Stop containers	2026-10-07T00:10:11.2497550Z  selecting dynamic shared memory implementation ... posix
runtime	Stop containers	2026-10-07T00:10:11.2497892Z  selecting default "max_connections" ... 100
runtime	Stop containers	2026-10-07T00:10:11.2498196Z  selecting default "shared_buffers" ... 128MB
runtime	Stop containers	2026-10-07T00:10:11.2498479Z  selecting default time zone ... Etc/UTC
runtime	Stop containers	2026-10-07T00:10:11.2498752Z  creating configuration files ... ok
runtime	Stop containers	2026-10-07T00:10:11.2499016Z  running bootstrap script ... ok
runtime	Stop containers	2026-10-07T00:10:11.2499300Z  performing post-bootstrap initialization ... ok
runtime	Stop containers	2026-10-07T00:10:11.2499594Z  syncing data to disk ... ok
runtime	Stop containers	2026-10-07T00:10:11.2499815Z
runtime	Stop containers	2026-10-07T00:10:11.2499971Z
runtime	Stop containers	2026-10-07T00:10:11.2500188Z  Success. You can now start the database server using:
runtime	Stop containers	2026-10-07T00:10:11.2500473Z
runtime	Stop containers	2026-10-07T00:10:11.2500713Z      pg_ctl -D /var/lib/postgresql/18/docker -l logfile start
runtime	Stop containers	2026-10-07T00:10:11.2501016Z
runtime	Stop containers	2026-10-07T00:10:11.2501634Z  waiting for server to start....2026-10-07 00:08:22.825 UTC [53] LOG:  starting PostgreSQL 18.6 (Debian 18.6-1.pgdg13+2) on x86_64-pc-linux-gnu, compiled by gcc (Debian 14.2.0-19) 14.2.0, 64-bit
runtime	Stop containers	2026-10-07T00:10:11.2502509Z  2026-10-07 00:08:22.826 UTC [53] LOG:  listening on Unix socket "/var/run/postgresql/.s.PGSQL.5432"
runtime	Stop containers	2026-10-07T00:10:11.2503068Z  2026-10-07 00:08:22.829 UTC [59] LOG:  database system was shut down at 2026-10-07 00:08:22 UTC
runtime	Stop containers	2026-10-07T00:10:11.2503571Z  2026-10-07 00:08:22.832 UTC [53] LOG:  database system is ready to accept connections
runtime	Stop containers	2026-10-07T00:10:11.2503933Z   done
runtime	Stop containers	2026-10-07T00:10:11.2504105Z  server started
runtime	Stop containers	2026-10-07T00:10:11.2504300Z  CREATE DATABASE
runtime	Stop containers	2026-10-07T00:10:11.2504480Z
runtime	Stop containers	2026-10-07T00:10:11.2504640Z
runtime	Stop containers	2026-10-07T00:10:11.2504944Z  /usr/local/bin/docker-entrypoint.sh: ignoring /docker-entrypoint-initdb.d/*
runtime	Stop containers	2026-10-07T00:10:11.2505478Z
runtime	Stop containers	2026-10-07T00:10:11.2505871Z  2026-10-07 00:08:23.028 UTC [53] LOG:  received fast shutdown request
runtime	Stop containers	2026-10-07T00:10:11.2506391Z  waiting for server to shut down....2026-10-07 00:08:23.028 UTC [53] LOG:  aborting any active transactions
runtime	Stop containers	2026-10-07T00:10:11.2507076Z  2026-10-07 00:08:23.031 UTC [53] LOG:  background worker "logical replication launcher" (PID 62) exited with exit code 1
runtime	Stop containers	2026-10-07T00:10:11.2507734Z  2026-10-07 00:08:23.031 UTC [57] LOG:  shutting down
runtime	Stop containers	2026-10-07T00:10:11.2508114Z  2026-10-07 00:08:23.031 UTC [57] LOG:  checkpoint starting: shutdown immediate
runtime	Stop containers	2026-10-07T00:10:11.2509254Z  2026-10-07 00:08:23.046 UTC [57] LOG:  checkpoint complete: wrote 943 buffers (5.8%), wrote 3 SLRU buffers; 0 WAL file(s) added, 0 removed, 0 recycled; write=0.013 s, sync=0.002 s, total=0.016 s; sync files=303, longest=0.001 s, average=0.001 s; distance=4352 kB, estimate=4352 kB; lsn=0/1BA1BE8, redo lsn=0/1BA1BE8
runtime	Stop containers	2026-10-07T00:10:11.2510384Z  2026-10-07 00:08:23.057 UTC [53] LOG:  database system is shut down
runtime	Stop containers	2026-10-07T00:10:11.2510711Z   done
runtime	Stop containers	2026-10-07T00:10:11.2510886Z  server stopped
runtime	Stop containers	2026-10-07T00:10:11.2511076Z
runtime	Stop containers	2026-10-07T00:10:11.2511340Z  PostgreSQL init process complete; ready for start up.
runtime	Stop containers	2026-10-07T00:10:11.2511641Z
runtime	Stop containers	2026-10-07T00:10:11.2518879Z Stop and remove container: 1076d5d3087148ee94b2444684da5904_postgres18_b1a51c
runtime	Stop containers	2026-10-07T00:10:11.2524786Z ##[command]/usr/bin/docker rm --force b64c896fe43151fc8c90982363628560f4c784f542e153a2091d58f582f46db2
runtime	Stop containers	2026-10-07T00:10:11.4105438Z b64c896fe43151fc8c90982363628560f4c784f542e153a2091d58f582f46db2
runtime	Stop containers	2026-10-07T00:10:11.4132675Z Remove container network: github_network_5ec6395d14434e08bed3d287470c8f7b
runtime	Stop containers	2026-10-07T00:10:11.4137739Z ##[command]/usr/bin/docker network rm github_network_5ec6395d14434e08bed3d287470c8f7b
runtime	Stop containers	2026-10-07T00:10:11.5250977Z github_network_5ec6395d14434e08bed3d287470c8f7b
runtime	Complete job	﻿2026-10-07T00:10:11.5328955Z Cleaning up orphan processes
runtime	Complete job	2026-10-07T00:10:11.5698178Z ##[warning]Node.js 20 is deprecated. The following actions target Node.js 20 but are being forced to run on Node.js 24: actions/checkout@11bd71901bbe5b1630ceea73d27597364c9af683, actions/setup-node@49933ea5288caeca8642d1e84afbd3f7d6820020. For more information see: https://github.blog/changelog/2025-09-19-deprecation-of-node-20-on-github-actions-runners/
