runtime	Set up job	﻿2026-10-06T23:57:47.3536772Z Current runner version: '2.337.0'
runtime	Set up job	2026-10-06T23:57:47.3561798Z ##[group]Runner Image Provisioner
runtime	Set up job	2026-10-06T23:57:47.3562706Z Hosted Compute Agent
runtime	Set up job	2026-10-06T23:57:47.3563367Z Version: 20260901.588
runtime	Set up job	2026-10-06T23:57:47.3564062Z Commit: f88ec8081b781fac6c440065ac7ff9e710ce3d0b
runtime	Set up job	2026-10-06T23:57:47.3565290Z Build Date: 2026-09-01T19:56:44Z
runtime	Set up job	2026-10-06T23:57:47.3566123Z Worker ID: {0cd86a8b-a6e9-4297-8aff-4b76c4e7dc4b}
runtime	Set up job	2026-10-06T23:57:47.3566844Z Azure Region: westus
runtime	Set up job	2026-10-06T23:57:47.3567389Z ##[endgroup]
runtime	Set up job	2026-10-06T23:57:47.3568960Z ##[group]Operating System
runtime	Set up job	2026-10-06T23:57:47.3569637Z Ubuntu
runtime	Set up job	2026-10-06T23:57:47.3570273Z 24.04.5
runtime	Set up job	2026-10-06T23:57:47.3570833Z LTS
runtime	Set up job	2026-10-06T23:57:47.3571329Z ##[endgroup]
runtime	Set up job	2026-10-06T23:57:47.3571982Z ##[group]Runner Image
runtime	Set up job	2026-10-06T23:57:47.3572595Z Image: ubuntu-24.04
runtime	Set up job	2026-10-06T23:57:47.3573201Z Version: 20260927.320.1
runtime	Set up job	2026-10-06T23:57:47.3574281Z Included Software: https://github.com/actions/runner-images/blob/ubuntu24/20260927.320/images/ubuntu/Ubuntu2404-Readme.md
runtime	Set up job	2026-10-06T23:57:47.3576333Z Image Release: https://github.com/actions/runner-images/releases/tag/ubuntu24%2F20260927.320
runtime	Set up job	2026-10-06T23:57:47.3577337Z ##[endgroup]
runtime	Set up job	2026-10-06T23:57:47.3578487Z ##[group]GITHUB_TOKEN Permissions
runtime	Set up job	2026-10-06T23:57:47.3580360Z Contents: read
runtime	Set up job	2026-10-06T23:57:47.3581069Z Metadata: read
runtime	Set up job	2026-10-06T23:57:47.3581697Z ##[endgroup]
runtime	Set up job	2026-10-06T23:57:47.3583723Z Secret source: Actions
runtime	Set up job	2026-10-06T23:57:47.3584991Z Cache mode: write
runtime	Set up job	2026-10-06T23:57:47.3585718Z Prepare workflow directory
runtime	Set up job	2026-10-06T23:57:47.4086387Z Prepare all required actions
runtime	Set up job	2026-10-06T23:57:47.4133692Z Getting action download info
runtime	Set up job	2026-10-06T23:57:47.7500205Z Download action repository 'actions/checkout@11bd71901bbe5b1630ceea73d27597364c9af683' (SHA:11bd71901bbe5b1630ceea73d27597364c9af683)
runtime	Set up job	2026-10-06T23:57:47.8792827Z Download action repository 'actions/setup-node@49933ea5288caeca8642d1e84afbd3f7d6820020' (SHA:49933ea5288caeca8642d1e84afbd3f7d6820020)
runtime	Set up job	2026-10-06T23:57:48.0732606Z Complete job name: runtime
runtime	Initialize containers	﻿2026-10-06T23:57:48.1293177Z ##[group]Checking docker version
runtime	Initialize containers	2026-10-06T23:57:48.1307075Z ##[command]/usr/bin/docker version --format '{{.Server.APIVersion}}'
runtime	Initialize containers	2026-10-06T23:57:48.2333447Z '1.48'
runtime	Initialize containers	2026-10-06T23:57:48.2346887Z Docker daemon API version: '1.48'
runtime	Initialize containers	2026-10-06T23:57:48.2347899Z ##[command]/usr/bin/docker version --format '{{.Client.APIVersion}}'
runtime	Initialize containers	2026-10-06T23:57:48.2511722Z '1.48'
runtime	Initialize containers	2026-10-06T23:57:48.2525511Z Docker client API version: '1.48'
runtime	Initialize containers	2026-10-06T23:57:48.2531650Z ##[endgroup]
runtime	Initialize containers	2026-10-06T23:57:48.2535938Z ##[group]Clean up resources from previous jobs
runtime	Initialize containers	2026-10-06T23:57:48.2542017Z ##[command]/usr/bin/docker ps --all --quiet --no-trunc --filter "label=b0df91"
runtime	Initialize containers	2026-10-06T23:57:48.2686000Z ##[command]/usr/bin/docker network prune --force --filter "label=b0df91"
runtime	Initialize containers	2026-10-06T23:57:48.2817237Z ##[endgroup]
runtime	Initialize containers	2026-10-06T23:57:48.2817811Z ##[group]Create local container network
runtime	Initialize containers	2026-10-06T23:57:48.2827681Z ##[command]/usr/bin/docker network create --label b0df91 github_network_568e373672584d5e8c65f5daf1720d83
runtime	Initialize containers	2026-10-06T23:57:48.3356352Z 8444cc9dfe7c9a6b9b97540396c6baa95f6ef69a653ff4564355a38d3d39c39e
runtime	Initialize containers	2026-10-06T23:57:48.3375854Z ##[endgroup]
runtime	Initialize containers	2026-10-06T23:57:48.3401039Z ##[group]Starting postgres service container
runtime	Initialize containers	2026-10-06T23:57:48.3422807Z ##[command]/usr/bin/docker pull postgres:18
runtime	Initialize containers	2026-10-06T23:57:49.2681358Z 18: Pulling from library/postgres
runtime	Initialize containers	2026-10-06T23:57:49.5356803Z ecc510c1e359: Pulling fs layer
runtime	Initialize containers	2026-10-06T23:57:49.5358694Z 4a3cafbebf6d: Pulling fs layer
runtime	Initialize containers	2026-10-06T23:57:49.5360055Z 28ced28a309b: Pulling fs layer
runtime	Initialize containers	2026-10-06T23:57:49.5362669Z ab69e2551985: Pulling fs layer
runtime	Initialize containers	2026-10-06T23:57:49.5363532Z 1f04dfa92b9f: Pulling fs layer
runtime	Initialize containers	2026-10-06T23:57:49.5364534Z 5a487c9461a5: Pulling fs layer
runtime	Initialize containers	2026-10-06T23:57:49.5365769Z e0d4a6e58470: Pulling fs layer
runtime	Initialize containers	2026-10-06T23:57:49.5366754Z 496ce2ef5b2f: Pulling fs layer
runtime	Initialize containers	2026-10-06T23:57:49.5367715Z c8145e79cc2b: Pulling fs layer
runtime	Initialize containers	2026-10-06T23:57:49.5368523Z 06ea90d3bcc9: Pulling fs layer
runtime	Initialize containers	2026-10-06T23:57:49.5369481Z dc25540d793f: Pulling fs layer
runtime	Initialize containers	2026-10-06T23:57:49.5370447Z 7967f593457f: Pulling fs layer
runtime	Initialize containers	2026-10-06T23:57:49.5371849Z d23c975c4693: Pulling fs layer
runtime	Initialize containers	2026-10-06T23:57:49.5372919Z 1f04dfa92b9f: Waiting
runtime	Initialize containers	2026-10-06T23:57:49.5373850Z 5a487c9461a5: Waiting
runtime	Initialize containers	2026-10-06T23:57:49.5374891Z e0d4a6e58470: Waiting
runtime	Initialize containers	2026-10-06T23:57:49.5375784Z 496ce2ef5b2f: Waiting
runtime	Initialize containers	2026-10-06T23:57:49.5376707Z c8145e79cc2b: Waiting
runtime	Initialize containers	2026-10-06T23:57:49.5377672Z 06ea90d3bcc9: Waiting
runtime	Initialize containers	2026-10-06T23:57:49.5378480Z dc25540d793f: Waiting
runtime	Initialize containers	2026-10-06T23:57:49.5379414Z 7967f593457f: Waiting
runtime	Initialize containers	2026-10-06T23:57:49.5380484Z d23c975c4693: Waiting
runtime	Initialize containers	2026-10-06T23:57:49.5381604Z ab69e2551985: Waiting
runtime	Initialize containers	2026-10-06T23:57:49.7672299Z 4a3cafbebf6d: Verifying Checksum
runtime	Initialize containers	2026-10-06T23:57:49.7678557Z 4a3cafbebf6d: Download complete
runtime	Initialize containers	2026-10-06T23:57:49.7967667Z 28ced28a309b: Verifying Checksum
runtime	Initialize containers	2026-10-06T23:57:49.7968702Z 28ced28a309b: Download complete
runtime	Initialize containers	2026-10-06T23:57:49.8691525Z ecc510c1e359: Verifying Checksum
runtime	Initialize containers	2026-10-06T23:57:49.8693013Z ecc510c1e359: Download complete
runtime	Initialize containers	2026-10-06T23:57:49.9875111Z ab69e2551985: Verifying Checksum
runtime	Initialize containers	2026-10-06T23:57:49.9878973Z ab69e2551985: Download complete
runtime	Initialize containers	2026-10-06T23:57:50.0586822Z 1f04dfa92b9f: Verifying Checksum
runtime	Initialize containers	2026-10-06T23:57:50.0587392Z 1f04dfa92b9f: Download complete
runtime	Initialize containers	2026-10-06T23:57:50.1032650Z 5a487c9461a5: Verifying Checksum
runtime	Initialize containers	2026-10-06T23:57:50.1033616Z 5a487c9461a5: Download complete
runtime	Initialize containers	2026-10-06T23:57:50.2119561Z e0d4a6e58470: Verifying Checksum
runtime	Initialize containers	2026-10-06T23:57:50.2120426Z e0d4a6e58470: Download complete
runtime	Initialize containers	2026-10-06T23:57:50.2814071Z 496ce2ef5b2f: Verifying Checksum
runtime	Initialize containers	2026-10-06T23:57:50.2816784Z 496ce2ef5b2f: Download complete
runtime	Initialize containers	2026-10-06T23:57:50.4210388Z 06ea90d3bcc9: Verifying Checksum
runtime	Initialize containers	2026-10-06T23:57:50.4210878Z 06ea90d3bcc9: Download complete
runtime	Initialize containers	2026-10-06T23:57:50.4995990Z dc25540d793f: Verifying Checksum
runtime	Initialize containers	2026-10-06T23:57:50.4997002Z dc25540d793f: Download complete
runtime	Initialize containers	2026-10-06T23:57:50.6467304Z 7967f593457f: Verifying Checksum
runtime	Initialize containers	2026-10-06T23:57:50.6468884Z 7967f593457f: Download complete
runtime	Initialize containers	2026-10-06T23:57:50.7221416Z c8145e79cc2b: Verifying Checksum
runtime	Initialize containers	2026-10-06T23:57:50.7222078Z c8145e79cc2b: Download complete
runtime	Initialize containers	2026-10-06T23:57:50.7246456Z d23c975c4693: Verifying Checksum
runtime	Initialize containers	2026-10-06T23:57:50.7247052Z d23c975c4693: Download complete
runtime	Initialize containers	2026-10-06T23:57:51.0091380Z ecc510c1e359: Pull complete
runtime	Initialize containers	2026-10-06T23:57:54.1363190Z 4a3cafbebf6d: Pull complete
runtime	Initialize containers	2026-10-06T23:57:54.3336727Z 28ced28a309b: Pull complete
runtime	Initialize containers	2026-10-06T23:57:54.3726618Z ab69e2551985: Pull complete
runtime	Initialize containers	2026-10-06T23:57:54.6746708Z 1f04dfa92b9f: Pull complete
runtime	Initialize containers	2026-10-06T23:57:54.7543669Z 5a487c9461a5: Pull complete
runtime	Initialize containers	2026-10-06T23:57:54.7620233Z e0d4a6e58470: Pull complete
runtime	Initialize containers	2026-10-06T23:57:54.7729769Z 496ce2ef5b2f: Pull complete
runtime	Initialize containers	2026-10-06T23:57:57.8548674Z c8145e79cc2b: Pull complete
runtime	Initialize containers	2026-10-06T23:57:57.8855299Z 06ea90d3bcc9: Pull complete
runtime	Initialize containers	2026-10-06T23:57:57.8972824Z dc25540d793f: Pull complete
runtime	Initialize containers	2026-10-06T23:57:57.9069342Z 7967f593457f: Pull complete
runtime	Initialize containers	2026-10-06T23:57:57.9150093Z d23c975c4693: Pull complete
runtime	Initialize containers	2026-10-06T23:57:57.9186490Z Digest: sha256:fc973eb97c9fd04bfa1840e0f510719a584ccb3be8debfe6a4144637a9dfe8cf
runtime	Initialize containers	2026-10-06T23:57:57.9197800Z Status: Downloaded newer image for postgres:18
runtime	Initialize containers	2026-10-06T23:57:57.9206762Z docker.io/library/postgres:18
runtime	Initialize containers	2026-10-06T23:57:57.9265273Z ##[command]/usr/bin/docker create --name 876e213e0b02428c9759d5dab0dd7293_postgres18_0591af --label b0df91 --network github_network_568e373672584d5e8c65f5daf1720d83 --network-alias postgres -p 5432:5432 --health-cmd "pg_isready -U insignia_test -d insignia_test" --health-interval 5s --health-timeout 5s --health-retries 10 -e "POSTGRES_USER=insignia_test" -e "POSTGRES_PASSWORD=insignia_test" -e "POSTGRES_DB=insignia_test" -e GITHUB_ACTIONS=true -e CI=true postgres:18
runtime	Initialize containers	2026-10-06T23:57:57.9525771Z edc7be773c432992f1e90cb0339572e7ce3184abaa3fdacb1c543e6dd62ee1ff
runtime	Initialize containers	2026-10-06T23:57:57.9546337Z ##[command]/usr/bin/docker start edc7be773c432992f1e90cb0339572e7ce3184abaa3fdacb1c543e6dd62ee1ff
runtime	Initialize containers	2026-10-06T23:57:58.1747974Z edc7be773c432992f1e90cb0339572e7ce3184abaa3fdacb1c543e6dd62ee1ff
runtime	Initialize containers	2026-10-06T23:57:58.1767910Z ##[command]/usr/bin/docker ps --all --filter id=edc7be773c432992f1e90cb0339572e7ce3184abaa3fdacb1c543e6dd62ee1ff --filter status=running --no-trunc --format "{{.ID}} {{.Status}}"
runtime	Initialize containers	2026-10-06T23:57:58.1901099Z edc7be773c432992f1e90cb0339572e7ce3184abaa3fdacb1c543e6dd62ee1ff Up Less than a second (health: starting)
runtime	Initialize containers	2026-10-06T23:57:58.1922173Z ##[command]/usr/bin/docker port edc7be773c432992f1e90cb0339572e7ce3184abaa3fdacb1c543e6dd62ee1ff
runtime	Initialize containers	2026-10-06T23:57:58.2059695Z 5432/tcp -> 0.0.0.0:5432
runtime	Initialize containers	2026-10-06T23:57:58.2060431Z 5432/tcp -> [::]:5432
runtime	Initialize containers	2026-10-06T23:57:58.2118523Z ##[endgroup]
runtime	Initialize containers	2026-10-06T23:57:58.2127551Z ##[group]Waiting for all services to be ready
runtime	Initialize containers	2026-10-06T23:57:58.2141185Z ##[command]/usr/bin/docker inspect --format="{{if .Config.Healthcheck}}{{print .State.Health.Status}}{{end}}" edc7be773c432992f1e90cb0339572e7ce3184abaa3fdacb1c543e6dd62ee1ff
runtime	Initialize containers	2026-10-06T23:57:58.2293577Z starting
runtime	Initialize containers	2026-10-06T23:57:58.2314172Z postgres service is starting, waiting 2 seconds before checking again.
runtime	Initialize containers	2026-10-06T23:58:00.2323979Z ##[command]/usr/bin/docker inspect --format="{{if .Config.Healthcheck}}{{print .State.Health.Status}}{{end}}" edc7be773c432992f1e90cb0339572e7ce3184abaa3fdacb1c543e6dd62ee1ff
runtime	Initialize containers	2026-10-06T23:58:00.2447282Z starting
runtime	Initialize containers	2026-10-06T23:58:00.2459194Z postgres service is starting, waiting 3 seconds before checking again.
runtime	Initialize containers	2026-10-06T23:58:04.0201484Z ##[command]/usr/bin/docker inspect --format="{{if .Config.Healthcheck}}{{print .State.Health.Status}}{{end}}" edc7be773c432992f1e90cb0339572e7ce3184abaa3fdacb1c543e6dd62ee1ff
runtime	Initialize containers	2026-10-06T23:58:04.0338911Z healthy
runtime	Initialize containers	2026-10-06T23:58:04.0355914Z postgres service is healthy.
runtime	Initialize containers	2026-10-06T23:58:04.0356308Z ##[endgroup]
runtime	Run actions/checkout@11bd71901bbe5b1630ceea73d27597364c9af683	﻿2026-10-06T23:58:04.0653973Z ##[group]Run actions/checkout@11bd71901bbe5b1630ceea73d27597364c9af683
runtime	Run actions/checkout@11bd71901bbe5b1630ceea73d27597364c9af683	2026-10-06T23:58:04.0654970Z with:
runtime	Run actions/checkout@11bd71901bbe5b1630ceea73d27597364c9af683	2026-10-06T23:58:04.0655183Z   fetch-depth: 0
runtime	Run actions/checkout@11bd71901bbe5b1630ceea73d27597364c9af683	2026-10-06T23:58:04.0655404Z   repository: Optidigi/insignia
runtime	Run actions/checkout@11bd71901bbe5b1630ceea73d27597364c9af683	2026-10-06T23:58:04.0657863Z   token: ***
runtime	Run actions/checkout@11bd71901bbe5b1630ceea73d27597364c9af683	2026-10-06T23:58:04.0658063Z   ssh-strict: true
runtime	Run actions/checkout@11bd71901bbe5b1630ceea73d27597364c9af683	2026-10-06T23:58:04.0658260Z   ssh-user: git
runtime	Run actions/checkout@11bd71901bbe5b1630ceea73d27597364c9af683	2026-10-06T23:58:04.0658470Z   persist-credentials: true
runtime	Run actions/checkout@11bd71901bbe5b1630ceea73d27597364c9af683	2026-10-06T23:58:04.0658715Z   clean: true
runtime	Run actions/checkout@11bd71901bbe5b1630ceea73d27597364c9af683	2026-10-06T23:58:04.0658920Z   sparse-checkout-cone-mode: true
runtime	Run actions/checkout@11bd71901bbe5b1630ceea73d27597364c9af683	2026-10-06T23:58:04.0659170Z   fetch-tags: false
runtime	Run actions/checkout@11bd71901bbe5b1630ceea73d27597364c9af683	2026-10-06T23:58:04.0659369Z   show-progress: true
runtime	Run actions/checkout@11bd71901bbe5b1630ceea73d27597364c9af683	2026-10-06T23:58:04.0659568Z   lfs: false
runtime	Run actions/checkout@11bd71901bbe5b1630ceea73d27597364c9af683	2026-10-06T23:58:04.0659747Z   submodules: false
runtime	Run actions/checkout@11bd71901bbe5b1630ceea73d27597364c9af683	2026-10-06T23:58:04.0659951Z   set-safe-directory: true
runtime	Run actions/checkout@11bd71901bbe5b1630ceea73d27597364c9af683	2026-10-06T23:58:04.0660429Z env:
runtime	Run actions/checkout@11bd71901bbe5b1630ceea73d27597364c9af683	2026-10-06T23:58:04.0660936Z   DATABASE_URL: ***localhost:5432/insignia_test?sslmode=disable
runtime	Run actions/checkout@11bd71901bbe5b1630ceea73d27597364c9af683	2026-10-06T23:58:04.0661283Z   INSIGNIA_REQUIRE_POSTGRES_TEST: 1
runtime	Run actions/checkout@11bd71901bbe5b1630ceea73d27597364c9af683	2026-10-06T23:58:04.0661532Z ##[endgroup]
runtime	Run actions/checkout@11bd71901bbe5b1630ceea73d27597364c9af683	2026-10-06T23:58:04.1646459Z Syncing repository: Optidigi/insignia
runtime	Run actions/checkout@11bd71901bbe5b1630ceea73d27597364c9af683	2026-10-06T23:58:04.1648390Z ##[group]Getting Git version info
runtime	Run actions/checkout@11bd71901bbe5b1630ceea73d27597364c9af683	2026-10-06T23:58:04.1648827Z Working directory is '/home/runner/work/insignia/insignia'
runtime	Run actions/checkout@11bd71901bbe5b1630ceea73d27597364c9af683	2026-10-06T23:58:04.1649557Z [command]/usr/bin/git version
runtime	Run actions/checkout@11bd71901bbe5b1630ceea73d27597364c9af683	2026-10-06T23:58:04.1753980Z git version 2.55.0
runtime	Run actions/checkout@11bd71901bbe5b1630ceea73d27597364c9af683	2026-10-06T23:58:04.1777891Z ##[endgroup]
runtime	Run actions/checkout@11bd71901bbe5b1630ceea73d27597364c9af683	2026-10-06T23:58:04.1792976Z Temporarily overriding HOME='/home/runner/work/_temp/f17c3861-3b9b-4ae7-a18c-23a2087ae367' before making global git config changes
runtime	Run actions/checkout@11bd71901bbe5b1630ceea73d27597364c9af683	2026-10-06T23:58:04.1794451Z Adding repository directory to the temporary git global config as a safe directory
runtime	Run actions/checkout@11bd71901bbe5b1630ceea73d27597364c9af683	2026-10-06T23:58:04.1799038Z [command]/usr/bin/git config --global --add safe.directory /home/runner/work/insignia/insignia
runtime	Run actions/checkout@11bd71901bbe5b1630ceea73d27597364c9af683	2026-10-06T23:58:04.1855107Z Deleting the contents of '/home/runner/work/insignia/insignia'
runtime	Run actions/checkout@11bd71901bbe5b1630ceea73d27597364c9af683	2026-10-06T23:58:04.1859138Z ##[group]Initializing the repository
runtime	Run actions/checkout@11bd71901bbe5b1630ceea73d27597364c9af683	2026-10-06T23:58:04.1864555Z [command]/usr/bin/git init /home/runner/work/insignia/insignia
runtime	Run actions/checkout@11bd71901bbe5b1630ceea73d27597364c9af683	2026-10-06T23:58:04.1988223Z hint: Using 'master' as the name for the initial branch. This default branch name
runtime	Run actions/checkout@11bd71901bbe5b1630ceea73d27597364c9af683	2026-10-06T23:58:04.1989457Z hint: will change to "main" in Git 3.0. To configure the initial branch name
runtime	Run actions/checkout@11bd71901bbe5b1630ceea73d27597364c9af683	2026-10-06T23:58:04.1990431Z hint: to use in all of your new repositories, which will suppress this warning,
runtime	Run actions/checkout@11bd71901bbe5b1630ceea73d27597364c9af683	2026-10-06T23:58:04.1991180Z hint: call:
runtime	Run actions/checkout@11bd71901bbe5b1630ceea73d27597364c9af683	2026-10-06T23:58:04.1991779Z hint:
runtime	Run actions/checkout@11bd71901bbe5b1630ceea73d27597364c9af683	2026-10-06T23:58:04.1992452Z hint: 	git config --global init.defaultBranch <name>
runtime	Run actions/checkout@11bd71901bbe5b1630ceea73d27597364c9af683	2026-10-06T23:58:04.1993533Z hint:
runtime	Run actions/checkout@11bd71901bbe5b1630ceea73d27597364c9af683	2026-10-06T23:58:04.1994301Z hint: Names commonly chosen instead of 'master' are 'main', 'trunk' and
runtime	Run actions/checkout@11bd71901bbe5b1630ceea73d27597364c9af683	2026-10-06T23:58:04.1995728Z hint: 'development'. The just-created branch can be renamed via this command:
runtime	Run actions/checkout@11bd71901bbe5b1630ceea73d27597364c9af683	2026-10-06T23:58:04.1996572Z hint:
runtime	Run actions/checkout@11bd71901bbe5b1630ceea73d27597364c9af683	2026-10-06T23:58:04.1997149Z hint: 	git branch -m <name>
runtime	Run actions/checkout@11bd71901bbe5b1630ceea73d27597364c9af683	2026-10-06T23:58:04.1997844Z hint:
runtime	Run actions/checkout@11bd71901bbe5b1630ceea73d27597364c9af683	2026-10-06T23:58:04.1998644Z hint: Disable this message with "git config set advice.defaultBranchName false"
runtime	Run actions/checkout@11bd71901bbe5b1630ceea73d27597364c9af683	2026-10-06T23:58:04.1999783Z Initialized empty Git repository in /home/runner/work/insignia/insignia/.git/
runtime	Run actions/checkout@11bd71901bbe5b1630ceea73d27597364c9af683	2026-10-06T23:58:04.2004585Z [command]/usr/bin/git remote add origin https://github.com/Optidigi/insignia
runtime	Run actions/checkout@11bd71901bbe5b1630ceea73d27597364c9af683	2026-10-06T23:58:04.2072955Z ##[endgroup]
runtime	Run actions/checkout@11bd71901bbe5b1630ceea73d27597364c9af683	2026-10-06T23:58:04.2073986Z ##[group]Disabling automatic garbage collection
runtime	Run actions/checkout@11bd71901bbe5b1630ceea73d27597364c9af683	2026-10-06T23:58:04.2075045Z [command]/usr/bin/git config --local gc.auto 0
runtime	Run actions/checkout@11bd71901bbe5b1630ceea73d27597364c9af683	2026-10-06T23:58:04.2111894Z ##[endgroup]
runtime	Run actions/checkout@11bd71901bbe5b1630ceea73d27597364c9af683	2026-10-06T23:58:04.2121140Z ##[group]Setting up auth
runtime	Run actions/checkout@11bd71901bbe5b1630ceea73d27597364c9af683	2026-10-06T23:58:04.2121842Z [command]/usr/bin/git config --local --name-only --get-regexp core\.sshCommand
runtime	Run actions/checkout@11bd71901bbe5b1630ceea73d27597364c9af683	2026-10-06T23:58:04.2157009Z [command]/usr/bin/git submodule foreach --recursive sh -c "git config --local --name-only --get-regexp 'core\.sshCommand' && git config --local --unset-all 'core.sshCommand' || :"
runtime	Run actions/checkout@11bd71901bbe5b1630ceea73d27597364c9af683	2026-10-06T23:58:04.2561429Z [command]/usr/bin/git config --local --name-only --get-regexp http\.https\:\/\/github\.com\/\.extraheader
runtime	Run actions/checkout@11bd71901bbe5b1630ceea73d27597364c9af683	2026-10-06T23:58:04.2617472Z [command]/usr/bin/git submodule foreach --recursive sh -c "git config --local --name-only --get-regexp 'http\.https\:\/\/github\.com\/\.extraheader' && git config --local --unset-all 'http.https://github.com/.extraheader' || :"
runtime	Run actions/checkout@11bd71901bbe5b1630ceea73d27597364c9af683	2026-10-06T23:58:04.2844902Z [command]/usr/bin/git config --local http.https://github.com/.extraheader AUTHORIZATION: basic ***
runtime	Run actions/checkout@11bd71901bbe5b1630ceea73d27597364c9af683	2026-10-06T23:58:04.2887438Z ##[endgroup]
runtime	Run actions/checkout@11bd71901bbe5b1630ceea73d27597364c9af683	2026-10-06T23:58:04.2887847Z ##[group]Fetching the repository
runtime	Run actions/checkout@11bd71901bbe5b1630ceea73d27597364c9af683	2026-10-06T23:58:04.2898374Z [command]/usr/bin/git -c protocol.version=2 fetch --prune --no-recurse-submodules origin +refs/heads/*:refs/remotes/origin/* +refs/tags/*:refs/tags/* +a6d7a19bc8d53278dbcb62a9107ac9c2e9c727e8:refs/remotes/pull/47/merge
runtime	Run actions/checkout@11bd71901bbe5b1630ceea73d27597364c9af683	2026-10-06T23:58:05.3967836Z From https://github.com/Optidigi/insignia
runtime	Run actions/checkout@11bd71901bbe5b1630ceea73d27597364c9af683	2026-10-06T23:58:05.3969013Z  * [new branch]      continuation/public-app-auth-provider    -> origin/continuation/public-app-auth-provider
runtime	Run actions/checkout@11bd71901bbe5b1630ceea73d27597364c9af683	2026-10-06T23:58:05.3970261Z  * [new branch]      docs/pf-001r-preflight-bootstrap         -> origin/docs/pf-001r-preflight-bootstrap
runtime	Run actions/checkout@11bd71901bbe5b1630ceea73d27597364c9af683	2026-10-06T23:58:05.3971393Z  * [new branch]      docs/pf-002-readiness-closure            -> origin/docs/pf-002-readiness-closure
runtime	Run actions/checkout@11bd71901bbe5b1630ceea73d27597364c9af683	2026-10-06T23:58:05.3972321Z  * [new branch]      feat/m1-001-foundation                   -> origin/feat/m1-001-foundation
runtime	Run actions/checkout@11bd71901bbe5b1630ceea73d27597364c9af683	2026-10-06T23:58:05.3972939Z  * [new branch]      feat/m2-001-domain-pricing               -> origin/feat/m2-001-domain-pricing
runtime	Run actions/checkout@11bd71901bbe5b1630ceea73d27597364c9af683	2026-10-06T23:58:05.3974033Z  * [new branch]      feat/m3-001-postgres-durable             -> origin/feat/m3-001-postgres-durable
runtime	Run actions/checkout@11bd71901bbe5b1630ceea73d27597364c9af683	2026-10-06T23:58:05.3975015Z  * [new branch]      feat/m3-002-runtime                      -> origin/feat/m3-002-runtime
runtime	Run actions/checkout@11bd71901bbe5b1630ceea73d27597364c9af683	2026-10-06T23:58:05.3975947Z  * [new branch]      feat/m4-001-context-entitlement          -> origin/feat/m4-001-context-entitlement
runtime	Run actions/checkout@11bd71901bbe5b1630ceea73d27597364c9af683	2026-10-06T23:58:05.3977034Z  * [new branch]      feat/m4-002-accepted-quote               -> origin/feat/m4-002-accepted-quote
runtime	Run actions/checkout@11bd71901bbe5b1630ceea73d27597364c9af683	2026-10-06T23:58:05.3978074Z  * [new branch]      feat/m4-003-keys-publication             -> origin/feat/m4-003-keys-publication
runtime	Run actions/checkout@11bd71901bbe5b1630ceea73d27597364c9af683	2026-10-06T23:58:05.3979290Z  * [new branch]      feat/m5-001-admin-visualizer-publication -> origin/feat/m5-001-admin-visualizer-publication
runtime	Run actions/checkout@11bd71901bbe5b1630ceea73d27597364c9af683	2026-10-06T23:58:05.3980790Z  * [new branch]      feat/m5-002-embedded-g7-artifact-attestation -> origin/feat/m5-002-embedded-g7-artifact-attestation
runtime	Run actions/checkout@11bd71901bbe5b1630ceea73d27597364c9af683	2026-10-06T23:58:05.3982330Z  * [new branch]      feat/m5-003-activation-admission         -> origin/feat/m5-003-activation-admission
runtime	Run actions/checkout@11bd71901bbe5b1630ceea73d27597364c9af683	2026-10-06T23:58:05.3983909Z  * [new branch]      feat/m5-004-availability-qualification   -> origin/feat/m5-004-availability-qualification
runtime	Run actions/checkout@11bd71901bbe5b1630ceea73d27597364c9af683	2026-10-06T23:58:05.3985807Z  * [new branch]      feat/m5-005-scope-provenance             -> origin/feat/m5-005-scope-provenance
runtime	Run actions/checkout@11bd71901bbe5b1630ceea73d27597364c9af683	2026-10-06T23:58:05.3987446Z  * [new branch]      feat/m5-006-released-configuration-checkpoint -> origin/feat/m5-006-released-configuration-checkpoint
runtime	Run actions/checkout@11bd71901bbe5b1630ceea73d27597364c9af683	2026-10-06T23:58:05.3989108Z  * [new branch]      feat/m5-007-readonly-configuration-capture -> origin/feat/m5-007-readonly-configuration-capture
runtime	Run actions/checkout@11bd71901bbe5b1630ceea73d27597364c9af683	2026-10-06T23:58:05.3990494Z  * [new branch]      feat/m5-007r-cli-launch-boundary         -> origin/feat/m5-007r-cli-launch-boundary
runtime	Run actions/checkout@11bd71901bbe5b1630ceea73d27597364c9af683	2026-10-06T23:58:05.3991690Z  * [new branch]      feat/m5-007r4-config-capture             -> origin/feat/m5-007r4-config-capture
runtime	Run actions/checkout@11bd71901bbe5b1630ceea73d27597364c9af683	2026-10-06T23:58:05.3992845Z  * [new branch]      feat/m5-008-product-access               -> origin/feat/m5-008-product-access
runtime	Run actions/checkout@11bd71901bbe5b1630ceea73d27597364c9af683	2026-10-06T23:58:05.3994058Z  * [new branch]      feat/m5-008r-combined-release            -> origin/feat/m5-008r-combined-release
runtime	Run actions/checkout@11bd71901bbe5b1630ceea73d27597364c9af683	2026-10-06T23:58:05.3995803Z  * [new branch]      feat/m5-008s-optional-product-grant      -> origin/feat/m5-008s-optional-product-grant
runtime	Run actions/checkout@11bd71901bbe5b1630ceea73d27597364c9af683	2026-10-06T23:58:05.3997166Z  * [new branch]      feat/m5-009-availability-qualification   -> origin/feat/m5-009-availability-qualification
runtime	Run actions/checkout@11bd71901bbe5b1630ceea73d27597364c9af683	2026-10-06T23:58:05.3998630Z  * [new branch]      feat/m5-010-publication-read-qualification -> origin/feat/m5-010-publication-read-qualification
runtime	Run actions/checkout@11bd71901bbe5b1630ceea73d27597364c9af683	2026-10-06T23:58:05.4000119Z  * [new branch]      feat/m5-011-published-state-adjudication -> origin/feat/m5-011-published-state-adjudication
runtime	Run actions/checkout@11bd71901bbe5b1630ceea73d27597364c9af683	2026-10-06T23:58:05.4001581Z  * [new branch]      feat/m5-012-publication-intent-cleanup   -> origin/feat/m5-012-publication-intent-cleanup
runtime	Run actions/checkout@11bd71901bbe5b1630ceea73d27597364c9af683	2026-10-06T23:58:05.4003237Z  * [new branch]      feat/m5-013-disposable-cleanup           -> origin/feat/m5-013-disposable-cleanup
runtime	Run actions/checkout@11bd71901bbe5b1630ceea73d27597364c9af683	2026-10-06T23:58:05.4004533Z  * [new branch]      feat/m5-014-availability-hold-v2         -> origin/feat/m5-014-availability-hold-v2
runtime	Run actions/checkout@11bd71901bbe5b1630ceea73d27597364c9af683	2026-10-06T23:58:05.4006160Z  * [new branch]      feat/m5-015-live-v2-qualification        -> origin/feat/m5-015-live-v2-qualification
runtime	Run actions/checkout@11bd71901bbe5b1630ceea73d27597364c9af683	2026-10-06T23:58:05.4007445Z  * [new branch]      feat/m5-015r-live-v2-qualification       -> origin/feat/m5-015r-live-v2-qualification
runtime	Run actions/checkout@11bd71901bbe5b1630ceea73d27597364c9af683	2026-10-06T23:58:05.4008699Z  * [new branch]      feat/m5-016-publication-coverage         -> origin/feat/m5-016-publication-coverage
runtime	Run actions/checkout@11bd71901bbe5b1630ceea73d27597364c9af683	2026-10-06T23:58:05.4009762Z  * [new branch]      main                                     -> origin/main
runtime	Run actions/checkout@11bd71901bbe5b1630ceea73d27597364c9af683	2026-10-06T23:58:05.4010682Z  * [new branch]      setup/new-public-app                     -> origin/setup/new-public-app
runtime	Run actions/checkout@11bd71901bbe5b1630ceea73d27597364c9af683	2026-10-06T23:58:05.4011751Z  * [new branch]      spike/m0-001-same-variant                -> origin/spike/m0-001-same-variant
runtime	Run actions/checkout@11bd71901bbe5b1630ceea73d27597364c9af683	2026-10-06T23:58:05.4012857Z  * [new branch]      spike/m0-002-real-lifecycle              -> origin/spike/m0-002-real-lifecycle
runtime	Run actions/checkout@11bd71901bbe5b1630ceea73d27597364c9af683	2026-10-06T23:58:05.4014059Z  * [new branch]      spike/m0-003-fulfillment-diagnosis       -> origin/spike/m0-003-fulfillment-diagnosis
runtime	Run actions/checkout@11bd71901bbe5b1630ceea73d27597364c9af683	2026-10-06T23:58:05.4015560Z  * [new branch]      spike/m0-003r-native-outcome             -> origin/spike/m0-003r-native-outcome
runtime	Run actions/checkout@11bd71901bbe5b1630ceea73d27597364c9af683	2026-10-06T23:58:05.4016777Z  * [new branch]      spike/m0-004-local-authorization         -> origin/spike/m0-004-local-authorization
runtime	Run actions/checkout@11bd71901bbe5b1630ceea73d27597364c9af683	2026-10-06T23:58:05.4017918Z  * [new branch]      spike/m0-005-whole-quote                 -> origin/spike/m0-005-whole-quote
runtime	Run actions/checkout@11bd71901bbe5b1630ceea73d27597364c9af683	2026-10-06T23:58:05.4019227Z  * [new branch]      spike/m0-006-live-carrier                -> origin/spike/m0-006-live-carrier
runtime	Run actions/checkout@11bd71901bbe5b1630ceea73d27597364c9af683	2026-10-06T23:58:05.4020389Z  * [new branch]      spike/m0-007-policy-boundary             -> origin/spike/m0-007-policy-boundary
runtime	Run actions/checkout@11bd71901bbe5b1630ceea73d27597364c9af683	2026-10-06T23:58:05.4021585Z  * [new branch]      spike/m0-008-publication-recovery        -> origin/spike/m0-008-publication-recovery
runtime	Run actions/checkout@11bd71901bbe5b1630ceea73d27597364c9af683	2026-10-06T23:58:05.4022955Z  * [new branch]      spike/m0-009-embedded-admin              -> origin/spike/m0-009-embedded-admin
runtime	Run actions/checkout@11bd71901bbe5b1630ceea73d27597364c9af683	2026-10-06T23:58:05.4024053Z  * [new branch]      spike/m0-010-hybrid-billing              -> origin/spike/m0-010-hybrid-billing
runtime	Run actions/checkout@11bd71901bbe5b1630ceea73d27597364c9af683	2026-10-06T23:58:05.4025716Z  * [new branch]      spike/m0-011-provider-transport          -> origin/spike/m0-011-provider-transport
runtime	Run actions/checkout@11bd71901bbe5b1630ceea73d27597364c9af683	2026-10-06T23:58:05.4027158Z  * [new branch]      spike/m0-012-real-contract               -> origin/spike/m0-012-real-contract
runtime	Run actions/checkout@11bd71901bbe5b1630ceea73d27597364c9af683	2026-10-06T23:58:05.4028624Z  * [new branch]      spike/m0-013-protocol-capacity           -> origin/spike/m0-013-protocol-capacity
runtime	Run actions/checkout@11bd71901bbe5b1630ceea73d27597364c9af683	2026-10-06T23:58:05.4029827Z  * [new branch]      spike/m0-014-public-app-checkout         -> origin/spike/m0-014-public-app-checkout
runtime	Run actions/checkout@11bd71901bbe5b1630ceea73d27597364c9af683	2026-10-06T23:58:05.4030880Z  * [new ref]         a6d7a19bc8d53278dbcb62a9107ac9c2e9c727e8 -> pull/47/merge
runtime	Run actions/checkout@11bd71901bbe5b1630ceea73d27597364c9af683	2026-10-06T23:58:05.4033049Z ##[endgroup]
runtime	Run actions/checkout@11bd71901bbe5b1630ceea73d27597364c9af683	2026-10-06T23:58:05.4033968Z ##[group]Determining the checkout info
runtime	Run actions/checkout@11bd71901bbe5b1630ceea73d27597364c9af683	2026-10-06T23:58:05.4034953Z ##[endgroup]
runtime	Run actions/checkout@11bd71901bbe5b1630ceea73d27597364c9af683	2026-10-06T23:58:05.4035381Z [command]/usr/bin/git sparse-checkout disable
runtime	Run actions/checkout@11bd71901bbe5b1630ceea73d27597364c9af683	2026-10-06T23:58:05.4046002Z [command]/usr/bin/git config --local --unset-all extensions.worktreeConfig
runtime	Run actions/checkout@11bd71901bbe5b1630ceea73d27597364c9af683	2026-10-06T23:58:05.4080183Z ##[group]Checking out the ref
runtime	Run actions/checkout@11bd71901bbe5b1630ceea73d27597364c9af683	2026-10-06T23:58:05.4085807Z [command]/usr/bin/git checkout --progress --force refs/remotes/pull/47/merge
runtime	Run actions/checkout@11bd71901bbe5b1630ceea73d27597364c9af683	2026-10-06T23:58:05.6140736Z Note: switching to 'refs/remotes/pull/47/merge'.
runtime	Run actions/checkout@11bd71901bbe5b1630ceea73d27597364c9af683	2026-10-06T23:58:05.6141204Z
runtime	Run actions/checkout@11bd71901bbe5b1630ceea73d27597364c9af683	2026-10-06T23:58:05.6141498Z You are in 'detached HEAD' state. You can look around, make experimental
runtime	Run actions/checkout@11bd71901bbe5b1630ceea73d27597364c9af683	2026-10-06T23:58:05.6142332Z changes and commit them, and you can discard any commits you make in this
runtime	Run actions/checkout@11bd71901bbe5b1630ceea73d27597364c9af683	2026-10-06T23:58:05.6143206Z state without impacting any branches by switching back to a branch.
runtime	Run actions/checkout@11bd71901bbe5b1630ceea73d27597364c9af683	2026-10-06T23:58:05.6143714Z
runtime	Run actions/checkout@11bd71901bbe5b1630ceea73d27597364c9af683	2026-10-06T23:58:05.6144046Z If you want to create a new branch to retain commits you create, you may
runtime	Run actions/checkout@11bd71901bbe5b1630ceea73d27597364c9af683	2026-10-06T23:58:05.6145053Z do so (now or later) by using -c with the switch command. Example:
runtime	Run actions/checkout@11bd71901bbe5b1630ceea73d27597364c9af683	2026-10-06T23:58:05.6145825Z
runtime	Run actions/checkout@11bd71901bbe5b1630ceea73d27597364c9af683	2026-10-06T23:58:05.6146005Z   git switch -c <new-branch-name>
runtime	Run actions/checkout@11bd71901bbe5b1630ceea73d27597364c9af683	2026-10-06T23:58:05.6146316Z
runtime	Run actions/checkout@11bd71901bbe5b1630ceea73d27597364c9af683	2026-10-06T23:58:05.6146483Z Or undo this operation with:
runtime	Run actions/checkout@11bd71901bbe5b1630ceea73d27597364c9af683	2026-10-06T23:58:05.6146733Z
runtime	Run actions/checkout@11bd71901bbe5b1630ceea73d27597364c9af683	2026-10-06T23:58:05.6146871Z   git switch -
runtime	Run actions/checkout@11bd71901bbe5b1630ceea73d27597364c9af683	2026-10-06T23:58:05.6147060Z
runtime	Run actions/checkout@11bd71901bbe5b1630ceea73d27597364c9af683	2026-10-06T23:58:05.6147411Z Turn off this advice by setting config variable advice.detachedHead to false
runtime	Run actions/checkout@11bd71901bbe5b1630ceea73d27597364c9af683	2026-10-06T23:58:05.6147923Z
runtime	Run actions/checkout@11bd71901bbe5b1630ceea73d27597364c9af683	2026-10-06T23:58:05.6148479Z HEAD is now at a6d7a19 Merge f5ce8cd1fc16ebf3ce505ea635d88cc1e844a2e5 into d0efd626222047a2047573f678b019cd7b1802a9
runtime	Run actions/checkout@11bd71901bbe5b1630ceea73d27597364c9af683	2026-10-06T23:58:05.6167822Z ##[endgroup]
runtime	Run actions/checkout@11bd71901bbe5b1630ceea73d27597364c9af683	2026-10-06T23:58:05.6229750Z [command]/usr/bin/git log -1 --format=%H
runtime	Run actions/checkout@11bd71901bbe5b1630ceea73d27597364c9af683	2026-10-06T23:58:05.6257894Z a6d7a19bc8d53278dbcb62a9107ac9c2e9c727e8
runtime	Run actions/setup-node@49933ea5288caeca8642d1e84afbd3f7d6820020	﻿2026-10-06T23:58:05.6532581Z ##[group]Run actions/setup-node@49933ea5288caeca8642d1e84afbd3f7d6820020
runtime	Run actions/setup-node@49933ea5288caeca8642d1e84afbd3f7d6820020	2026-10-06T23:58:05.6533000Z with:
runtime	Run actions/setup-node@49933ea5288caeca8642d1e84afbd3f7d6820020	2026-10-06T23:58:05.6533198Z   node-version: 24.21.0
runtime	Run actions/setup-node@49933ea5288caeca8642d1e84afbd3f7d6820020	2026-10-06T23:58:05.6533423Z   always-auth: false
runtime	Run actions/setup-node@49933ea5288caeca8642d1e84afbd3f7d6820020	2026-10-06T23:58:05.6533628Z   check-latest: false
runtime	Run actions/setup-node@49933ea5288caeca8642d1e84afbd3f7d6820020	2026-10-06T23:58:05.6536202Z   token: ***
runtime	Run actions/setup-node@49933ea5288caeca8642d1e84afbd3f7d6820020	2026-10-06T23:58:05.6536399Z env:
runtime	Run actions/setup-node@49933ea5288caeca8642d1e84afbd3f7d6820020	2026-10-06T23:58:05.6536863Z   DATABASE_URL: ***localhost:5432/insignia_test?sslmode=disable
runtime	Run actions/setup-node@49933ea5288caeca8642d1e84afbd3f7d6820020	2026-10-06T23:58:05.6537217Z   INSIGNIA_REQUIRE_POSTGRES_TEST: 1
runtime	Run actions/setup-node@49933ea5288caeca8642d1e84afbd3f7d6820020	2026-10-06T23:58:05.6537467Z ##[endgroup]
runtime	Run actions/setup-node@49933ea5288caeca8642d1e84afbd3f7d6820020	2026-10-06T23:58:05.7919223Z Found in cache @ /opt/hostedtoolcache/node/24.21.0/x64
runtime	Run actions/setup-node@49933ea5288caeca8642d1e84afbd3f7d6820020	2026-10-06T23:58:05.7923635Z (node:2694) [DEP0040] DeprecationWarning: The `punycode` module is deprecated. Please use a userland alternative instead.
runtime	Run actions/setup-node@49933ea5288caeca8642d1e84afbd3f7d6820020	2026-10-06T23:58:05.7925170Z (Use `node --trace-deprecation ...` to show where the warning was created)
runtime	Run actions/setup-node@49933ea5288caeca8642d1e84afbd3f7d6820020	2026-10-06T23:58:05.7927368Z ##[group]Environment details
runtime	Run actions/setup-node@49933ea5288caeca8642d1e84afbd3f7d6820020	2026-10-06T23:58:06.2321893Z node: v24.21.0
runtime	Run actions/setup-node@49933ea5288caeca8642d1e84afbd3f7d6820020	2026-10-06T23:58:06.2323096Z npm: 11.19.0
runtime	Run actions/setup-node@49933ea5288caeca8642d1e84afbd3f7d6820020	2026-10-06T23:58:06.2323796Z yarn: 1.22.22
runtime	Run actions/setup-node@49933ea5288caeca8642d1e84afbd3f7d6820020	2026-10-06T23:58:06.2327559Z ##[endgroup]
runtime	Run corepack pnpm install --frozen-lockfile	﻿2026-10-06T23:58:06.2467021Z ##[group]Run corepack pnpm install --frozen-lockfile
runtime	Run corepack pnpm install --frozen-lockfile	2026-10-06T23:58:06.2467491Z ^[[36;1mcorepack pnpm install --frozen-lockfile^[[0m
runtime	Run corepack pnpm install --frozen-lockfile	2026-10-06T23:58:06.2721410Z shell: /usr/bin/bash -e {0}
runtime	Run corepack pnpm install --frozen-lockfile	2026-10-06T23:58:06.2721747Z env:
runtime	Run corepack pnpm install --frozen-lockfile	2026-10-06T23:58:06.2722439Z   DATABASE_URL: ***localhost:5432/insignia_test?sslmode=disable
runtime	Run corepack pnpm install --frozen-lockfile	2026-10-06T23:58:06.2722912Z   INSIGNIA_REQUIRE_POSTGRES_TEST: 1
runtime	Run corepack pnpm install --frozen-lockfile	2026-10-06T23:58:06.2723244Z ##[endgroup]
runtime	Run corepack pnpm install --frozen-lockfile	2026-10-06T23:58:07.0003324Z Downloading the pnpm 12.6.0 binary for linux-x64...
runtime	Run corepack pnpm install --frozen-lockfile	2026-10-06T23:58:07.7906391Z Scope: all 12 workspace projects
runtime	Run corepack pnpm install --frozen-lockfile	2026-10-06T23:58:07.8132601Z ? Verifying lockfile against supply-chain policies (596 entries)...
runtime	Run corepack pnpm install --frozen-lockfile	2026-10-06T23:58:07.9978720Z Packages are hard linked from the content-addressable store to the virtual store.
runtime	Run corepack pnpm install --frozen-lockfile	2026-10-06T23:58:07.9979650Z   Content-addressable store is at: /home/runner/.local/share/pnpm/store/v11
runtime	Run corepack pnpm install --frozen-lockfile	2026-10-06T23:58:07.9980424Z   Virtual store is at:             node_modules/.pnpm
runtime	Run corepack pnpm install --frozen-lockfile	2026-10-06T23:58:08.0806623Z Downloading @img/sharp-libvips-linux-x64@1.3.3: 0.00 B/8.17 MB
runtime	Run corepack pnpm install --frozen-lockfile	2026-10-06T23:58:08.2549766Z Downloading @dbmate/linux-x64@2.36.0: 0.00 B/12.43 MB
runtime	Run corepack pnpm install --frozen-lockfile	2026-10-06T23:58:08.3547395Z Downloading @biomejs/cli-linux-x64@2.5.14: 0.00 B/24.14 MB
runtime	Run corepack pnpm install --frozen-lockfile	2026-10-06T23:58:08.8730910Z Downloading @rolldown/binding-linux-x64-gnu@1.2.11: 0.00 B/7.94 MB
runtime	Run corepack pnpm install --frozen-lockfile	2026-10-06T23:58:09.7239853Z ✓ Lockfile passes supply-chain policies (596 entries in 1.9s)
runtime	Run corepack pnpm install --frozen-lockfile	2026-10-06T23:58:09.7241121Z Lockfile is up to date, resolution step is skipped
runtime	Run corepack pnpm install --frozen-lockfile	2026-10-06T23:58:10.1334184Z Packages: +464
runtime	Run corepack pnpm install --frozen-lockfile	2026-10-06T23:58:10.1341592Z ++++++++++++++++++++++++++++++++++++++++++++++++++++++++++++++++++++++++++++++++
runtime	Run corepack pnpm install --frozen-lockfile	2026-10-06T23:58:10.1666276Z Progress: resolved 464, reused 0, downloaded 464, added 464, done
runtime	Run corepack pnpm install --frozen-lockfile	2026-10-06T23:58:10.1727025Z .../esbuild@0.25.12/node_modules/esbuild postinstall$ node install.js
runtime	Run corepack pnpm install --frozen-lockfile	2026-10-06T23:58:10.1728135Z .../esbuild@0.28.2/node_modules/esbuild postinstall$ node install.js
runtime	Run corepack pnpm install --frozen-lockfile	2026-10-06T23:58:10.2293015Z .../esbuild@0.28.2/node_modules/esbuild postinstall: Done
runtime	Run corepack pnpm install --frozen-lockfile	2026-10-06T23:58:10.2300552Z .../esbuild@0.25.12/node_modules/esbuild postinstall: Done
runtime	Run corepack pnpm install --frozen-lockfile	2026-10-06T23:58:10.3097641Z
runtime	Run corepack pnpm install --frozen-lockfile	2026-10-06T23:58:10.3098247Z devDependencies:
runtime	Run corepack pnpm install --frozen-lockfile	2026-10-06T23:58:10.3098706Z + @biomejs/biome 2.5.14
runtime	Run corepack pnpm install --frozen-lockfile	2026-10-06T23:58:10.3099033Z + @types/node 24.10.0
runtime	Run corepack pnpm install --frozen-lockfile	2026-10-06T23:58:10.3099272Z + dbmate 2.36.0
runtime	Run corepack pnpm install --frozen-lockfile	2026-10-06T23:58:10.3099521Z + dependency-cruiser 18.4.0
runtime	Run corepack pnpm install --frozen-lockfile	2026-10-06T23:58:10.3122093Z + esbuild 0.25.12
runtime	Run corepack pnpm install --frozen-lockfile	2026-10-06T23:58:10.3122602Z + typescript 5.9.3
runtime	Run corepack pnpm install --frozen-lockfile	2026-10-06T23:58:10.3122846Z
runtime	Run corepack pnpm install --frozen-lockfile	2026-10-06T23:58:10.3211821Z Done in 2.5s using pnpm v12.6.0
runtime	Run corepack pnpm build	﻿2026-10-06T23:58:10.3602116Z ##[group]Run corepack pnpm build
runtime	Run corepack pnpm build	2026-10-06T23:58:10.3602472Z ^[[36;1mcorepack pnpm build^[[0m
runtime	Run corepack pnpm build	2026-10-06T23:58:10.3667525Z shell: /usr/bin/bash -e {0}
runtime	Run corepack pnpm build	2026-10-06T23:58:10.3667793Z env:
runtime	Run corepack pnpm build	2026-10-06T23:58:10.3668358Z   DATABASE_URL: ***localhost:5432/insignia_test?sslmode=disable
runtime	Run corepack pnpm build	2026-10-06T23:58:10.3668741Z   INSIGNIA_REQUIRE_POSTGRES_TEST: 1
runtime	Run corepack pnpm build	2026-10-06T23:58:10.3669005Z ##[endgroup]
runtime	Run corepack pnpm build	2026-10-06T23:58:10.4464328Z $ corepack pnpm -r --filter './packages/**' build && corepack pnpm -r --filter './apps/**' build
runtime	Run corepack pnpm build	2026-10-06T23:58:10.5219192Z packages/cart-authorization build$ tsc -p tsconfig.json
runtime	Run corepack pnpm build	2026-10-06T23:58:10.5224992Z packages/contracts build$ tsc -p tsconfig.json
runtime	Run corepack pnpm build	2026-10-06T23:58:10.5226151Z packages/domain build$ tsc -p tsconfig.json
runtime	Run corepack pnpm build	2026-10-06T23:58:10.5227564Z packages/observability build$ tsc -p tsconfig.json
runtime	Run corepack pnpm build	2026-10-06T23:58:12.1532894Z packages/domain build: Done
runtime	Run corepack pnpm build	2026-10-06T23:58:12.1555875Z packages/visualizer build$ tsc -p tsconfig.json
runtime	Run corepack pnpm build	2026-10-06T23:58:12.3569852Z packages/contracts build: Done
runtime	Run corepack pnpm build	2026-10-06T23:58:12.3595861Z packages/application build$ tsc -p tsconfig.json
runtime	Run corepack pnpm build	2026-10-06T23:58:12.8949899Z packages/cart-authorization build: Done
runtime	Run corepack pnpm build	2026-10-06T23:58:13.0916943Z packages/observability build: Done
runtime	Run corepack pnpm build	2026-10-06T23:58:13.9859848Z packages/visualizer build: Done
runtime	Run corepack pnpm build	2026-10-06T23:58:14.6292460Z packages/application build: Done
runtime	Run corepack pnpm build	2026-10-06T23:58:14.6294004Z packages/shopify build$ tsc -p tsconfig.json
runtime	Run corepack pnpm build	2026-10-06T23:58:16.2335423Z packages/shopify build: Done
runtime	Run corepack pnpm build	2026-10-06T23:58:16.2337415Z packages/database build$ tsc -p tsconfig.json
runtime	Run corepack pnpm build	2026-10-06T23:58:18.8603866Z packages/database build: Done
runtime	Run corepack pnpm build	2026-10-06T23:58:18.9448992Z apps/storefront build$ tsc --noEmit && vite build && node scripts/copy-theme-asset.mjs
runtime	Run corepack pnpm build	2026-10-06T23:58:18.9449650Z apps/worker build$ tsc -p tsconfig.json
runtime	Run corepack pnpm build	2026-10-06T23:58:20.9004471Z apps/worker build: Done
runtime	Run corepack pnpm build	2026-10-06T23:58:20.9006118Z apps/web build$ astro check && astro build
runtime	Run corepack pnpm build	2026-10-06T23:58:20.9138782Z apps/storefront build: ^[[36mvite v8.3.1 ^[[32mbuilding client environment for production...^[[36m^[[39m
runtime	Run corepack pnpm build	2026-10-06T23:58:20.9261629Z apps/storefront build: transforming...
runtime	Run corepack pnpm build	2026-10-06T23:58:20.9335685Z apps/storefront build: ✓ 5 modules transformed.
runtime	Run corepack pnpm build	2026-10-06T23:58:20.9385677Z apps/storefront build: rendering chunks...
runtime	Run corepack pnpm build	2026-10-06T23:58:20.9467245Z apps/storefront build: computing gzip size...
runtime	Run corepack pnpm build	2026-10-06T23:58:20.9473772Z apps/storefront build: dist/insignia-storefront.js  14.03 kB │ gzip: 5.93 kB
runtime	Run corepack pnpm build	2026-10-06T23:58:20.9474916Z apps/storefront build:
runtime	Run corepack pnpm build	2026-10-06T23:58:20.9478939Z apps/storefront build: ^[[32m✓ built in 32ms^[[39m
runtime	Run corepack pnpm build	2026-10-06T23:58:20.9957390Z apps/storefront build: Done
runtime	Run corepack pnpm build	2026-10-06T23:58:22.2867442Z apps/web build: ^[[2m23:58:22^[[22m ^[[34m[@astrojs/node]^[[39m Enabling sessions with filesystem storage
runtime	Run corepack pnpm build	2026-10-06T23:58:22.4225016Z apps/web build: ^[[2m23:58:22^[[22m ^[[34m[types]^[[39m Generated ^[[2m133ms^[[22m
runtime	Run corepack pnpm build	2026-10-06T23:58:22.4302980Z apps/web build: ^[[2m23:58:22^[[22m ^[[34m[check]^[[39m Getting diagnostics for Astro files in /home/runner/work/insignia/insignia/apps/web...
runtime	Run corepack pnpm build	2026-10-06T23:58:26.4820745Z apps/web build: Result (28 files):
runtime	Run corepack pnpm build	2026-10-06T23:58:26.4821687Z apps/web build: - 0 errors
runtime	Run corepack pnpm build	2026-10-06T23:58:26.4822310Z apps/web build: - 0 warnings
runtime	Run corepack pnpm build	2026-10-06T23:58:26.4822929Z apps/web build: - 0 hints
runtime	Run corepack pnpm build	2026-10-06T23:58:26.4823443Z apps/web build:
runtime	Run corepack pnpm build	2026-10-06T23:58:27.5047778Z apps/web build: ^[[2m23:58:27^[[22m ^[[34m[@astrojs/node]^[[39m Enabling sessions with filesystem storage
runtime	Run corepack pnpm build	2026-10-06T23:58:27.6108539Z apps/web build: ^[[2m23:58:27^[[22m ^[[34m[types]^[[39m Generated ^[[2m61ms^[[22m
runtime	Run corepack pnpm build	2026-10-06T23:58:27.6111112Z apps/web build: ^[[2m23:58:27^[[22m ^[[34m[build]^[[39m output: ^[[34m"server"^[[39m
runtime	Run corepack pnpm build	2026-10-06T23:58:27.6112218Z apps/web build: ^[[2m23:58:27^[[22m ^[[34m[build]^[[39m mode: ^[[34m"server"^[[39m
runtime	Run corepack pnpm build	2026-10-06T23:58:27.6113387Z apps/web build: ^[[2m23:58:27^[[22m ^[[34m[build]^[[39m directory: ^[[34m/home/runner/work/insignia/insignia/apps/web/dist/^[[39m
runtime	Run corepack pnpm build	2026-10-06T23:58:27.6114946Z apps/web build: ^[[2m23:58:27^[[22m ^[[34m[build]^[[39m adapter: ^[[32m@astrojs/node^[[39m
runtime	Run corepack pnpm build	2026-10-06T23:58:27.6116270Z apps/web build: ^[[2m23:58:27^[[22m ^[[34m[build]^[[39m Collecting build info...
runtime	Run corepack pnpm build	2026-10-06T23:58:27.6117550Z apps/web build: ^[[2m23:58:27^[[22m ^[[34m[build]^[[39m ^[[32m✓ Completed in 111ms.^[[39m
runtime	Run corepack pnpm build	2026-10-06T23:58:27.6128630Z apps/web build: ^[[2m23:58:27^[[22m ^[[34m[build]^[[39m Building server entrypoints...
runtime	Run corepack pnpm build	2026-10-06T23:58:27.8606253Z apps/web build: ^[[2m23:58:27^[[22m ^[[34m[vite]^[[39m ^[[32m✓ built in 213ms^[[39m
runtime	Run corepack pnpm build	2026-10-06T23:58:29.4401738Z apps/web build: ^[[2m23:58:29^[[22m ^[[34m[vite]^[[39m ^[[32m✓ built in 1.58s^[[39m
runtime	Run corepack pnpm build	2026-10-06T23:58:29.6609609Z apps/web build: ^[[2m23:58:29^[[22m ^[[34m[vite]^[[39m ^[[32m✓ built in 209ms^[[39m
runtime	Run corepack pnpm build	2026-10-06T23:58:29.6730920Z apps/web build: ^[[2m23:58:29^[[22m ^[[34m[build]^[[39m Rearranging server assets...
runtime	Run corepack pnpm build	2026-10-06T23:58:29.6740079Z apps/web build: ^[[2m23:58:29^[[22m ^[[34m[build]^[[39m ^[[32m✓ Completed in 2.06s.^[[39m
runtime	Run corepack pnpm build	2026-10-06T23:58:29.6746519Z apps/web build: ^[[2m23:58:29^[[22m ^[[34m[build]^[[39m Server built in ^[[1m2.17s^[[22m
runtime	Run corepack pnpm build	2026-10-06T23:58:29.6747296Z apps/web build: ^[[2m23:58:29^[[22m ^[[34m[build]^[[39m ^[[1mComplete!^[[22m
runtime	Run corepack pnpm build	2026-10-06T23:58:29.7091760Z apps/web build: Done
runtime	Run corepack pnpm check:style	﻿2026-10-06T23:58:29.7328191Z ##[group]Run corepack pnpm check:style
runtime	Run corepack pnpm check:style	2026-10-06T23:58:29.7328747Z ^[[36;1mcorepack pnpm check:style^[[0m
runtime	Run corepack pnpm check:style	2026-10-06T23:58:29.7397201Z shell: /usr/bin/bash -e {0}
runtime	Run corepack pnpm check:style	2026-10-06T23:58:29.7397464Z env:
runtime	Run corepack pnpm check:style	2026-10-06T23:58:29.7398003Z   DATABASE_URL: ***localhost:5432/insignia_test?sslmode=disable
runtime	Run corepack pnpm check:style	2026-10-06T23:58:29.7398379Z   INSIGNIA_REQUIRE_POSTGRES_TEST: 1
runtime	Run corepack pnpm check:style	2026-10-06T23:58:29.7398635Z ##[endgroup]
runtime	Run corepack pnpm check:style	2026-10-06T23:58:29.8210211Z $ biome check .dependency-cruiser.cjs apps/storefront/src apps/storefront/test apps/storefront/scripts apps/storefront/vite.config.ts apps/web/src/islands apps/web/src/pages/live.ts apps/web/src/pages/api apps/web/src/server apps/web/src/shared apps/web/src/styles apps/web/test apps/web/astro.config.mjs apps/worker/src apps/worker/test packages/contracts/src packages/domain/src packages/cart-authorization/src packages/cart-authorization/test packages/application/src packages/database/src packages/database/test packages/shopify/src packages/shopify/test packages/visualizer/src packages/observability/src packages/observability/test scripts/boundaries scripts/m1-functions/check-vector.test.ts scripts/m5-002 scripts/m5-003 scripts/m5-004 scripts/m5-005 scripts/m5-009 scripts/m5-010 scripts/m5-011 scripts/m5-012 scripts/m5-013 scripts/m5-015 scripts/m5-015r scripts/m5-016
runtime	Run corepack pnpm check:style	2026-10-06T23:58:30.5586628Z apps/web/src/server/admin/production.ts:69:57 lint/style/useTemplate  FIXABLE  ━━━━━━━━━━━━━━━━━━━━━
runtime	Run corepack pnpm check:style	2026-10-06T23:58:30.5587442Z
runtime	Run corepack pnpm check:style	2026-10-06T23:58:30.5588105Z   i Template literals are preferred over string concatenation.
runtime	Run corepack pnpm check:style	2026-10-06T23:58:30.5588870Z
runtime	Run corepack pnpm check:style	2026-10-06T23:58:30.5589970Z     67 │   const appOrigin = required(env, 'APP_URL');
runtime	Run corepack pnpm check:style	2026-10-06T23:58:30.5590797Z     68 │   const appId = env.INSIGNIA_SHOPIFY_APP_ID;
runtime	Run corepack pnpm check:style	2026-10-06T23:58:30.5591856Z   > 69 │   const appGid = appId && /^[1-9][0-9]*$/.test(appId) ? 'gid://shopify/App/' + appId : null;
runtime	Run corepack pnpm check:style	2026-10-06T23:58:30.5593100Z        │                                                         ^^^^^^^^^^^^^^^^^^^^^^^^^^^^
runtime	Run corepack pnpm check:style	2026-10-06T23:58:30.5594386Z     70 │   const shopify = createAdminOnlineIdentity({ apiKey, apiSecret, hostName: new URL(appOrigin).host });
runtime	Run corepack pnpm check:style	2026-10-06T23:58:30.5596173Z     71 │   const core = createDurableCore(databasePool ?? new Pool({ connectionString: databaseUrl }));
runtime	Run corepack pnpm check:style	2026-10-06T23:58:30.5597006Z
runtime	Run corepack pnpm check:style	2026-10-06T23:58:30.5597400Z   i Unsafe fix: Use a template literal.
runtime	Run corepack pnpm check:style	2026-10-06T23:58:30.5597862Z
runtime	Run corepack pnpm check:style	2026-10-06T23:58:30.5598428Z      67  67 │     const appOrigin = required(env, 'APP_URL');
runtime	Run corepack pnpm check:style	2026-10-06T23:58:30.5599285Z      68  68 │     const appId = env.INSIGNIA_SHOPIFY_APP_ID;
runtime	Run corepack pnpm check:style	2026-10-06T23:58:30.5600598Z      69     │ - ··const·appGid·=·appId·&&·/^[1-9][0-9]*$/.test(appId)·?·'gid://shopify/App/'·+·appId·:·null;
runtime	Run corepack pnpm check:style	2026-10-06T23:58:30.5602023Z          69 │ + ··const·appGid·=·appId·&&·/^[1-9][0-9]*$/.test(appId)·?·`gid://shopify/App/${appId}`·:·null;
runtime	Run corepack pnpm check:style	2026-10-06T23:58:30.5603553Z      70  70 │     const shopify = createAdminOnlineIdentity({ apiKey, apiSecret, hostName: new URL(appOrigin).host });
runtime	Run corepack pnpm check:style	2026-10-06T23:58:30.5605429Z      71  71 │     const core = createDurableCore(databasePool ?? new Pool({ connectionString: databaseUrl }));
runtime	Run corepack pnpm check:style	2026-10-06T23:58:30.5606288Z
runtime	Run corepack pnpm check:style	2026-10-06T23:58:30.5606453Z
runtime	Run corepack pnpm check:style	2026-10-06T23:58:30.5607385Z apps/web/src/server/admin/production.ts:89:54 lint/style/useTemplate  FIXABLE  ━━━━━━━━━━━━━━━━━━━━━
runtime	Run corepack pnpm check:style	2026-10-06T23:58:30.5608082Z
runtime	Run corepack pnpm check:style	2026-10-06T23:58:30.5608449Z   i Template literals are preferred over string concatenation.
runtime	Run corepack pnpm check:style	2026-10-06T23:58:30.5609030Z
runtime	Run corepack pnpm check:style	2026-10-06T23:58:30.5609729Z     87 │       installationGeneration: actor.installationGeneration,
runtime	Run corepack pnpm check:style	2026-10-06T23:58:30.5611069Z     88 │     });
runtime	Run corepack pnpm check:style	2026-10-06T23:58:30.5612659Z   > 89 │     if (!scope || scope.shopDomain !== actor.shop || 'gid://shopify/Shop/' + scope.shopifyShopId !== actor.shopId)
runtime	Run corepack pnpm check:style	2026-10-06T23:58:30.5614155Z        │                                                      ^^^^^^^^^^^^^^^^^^^^^^^^^^^^^^^^^^^^^^^^^^^
runtime	Run corepack pnpm check:style	2026-10-06T23:58:30.5615245Z     90 │       throw new Error('Admin installation changed');
runtime	Run corepack pnpm check:style	2026-10-06T23:58:30.5615830Z     91 │   }
runtime	Run corepack pnpm check:style	2026-10-06T23:58:30.5616606Z
runtime	Run corepack pnpm check:style	2026-10-06T23:58:30.5616980Z   i Unsafe fix: Use a template literal.
runtime	Run corepack pnpm check:style	2026-10-06T23:58:30.5617435Z
runtime	Run corepack pnpm check:style	2026-10-06T23:58:30.5618114Z      87  87 │         installationGeneration: actor.installationGeneration,
runtime	Run corepack pnpm check:style	2026-10-06T23:58:30.5618802Z      88  88 │       });
runtime	Run corepack pnpm check:style	2026-10-06T23:58:30.5620023Z      89     │ - ····if·(!scope·||·scope.shopDomain·!==·actor.shop·||·'gid://shopify/Shop/'·+·scope.shopifyShopId·!==·actor.shopId)
runtime	Run corepack pnpm check:style	2026-10-06T23:58:30.5621847Z          89 │ + ····if·(!scope·||·scope.shopDomain·!==·actor.shop·||·`gid://shopify/Shop/${scope.shopifyShopId}`·!==·actor.shopId)
runtime	Run corepack pnpm check:style	2026-10-06T23:58:30.5623076Z      90  90 │         throw new Error('Admin installation changed');
runtime	Run corepack pnpm check:style	2026-10-06T23:58:30.5623673Z      91  91 │     }
runtime	Run corepack pnpm check:style	2026-10-06T23:58:30.5623996Z
runtime	Run corepack pnpm check:style	2026-10-06T23:58:30.5624167Z
runtime	Run corepack pnpm check:style	2026-10-06T23:58:30.5625253Z apps/web/src/server/admin/production.ts:214:51 lint/style/useTemplate  FIXABLE  ━━━━━━━━━━━━━━━━━━━━
runtime	Run corepack pnpm check:style	2026-10-06T23:58:30.5626220Z
runtime	Run corepack pnpm check:style	2026-10-06T23:58:30.5626589Z   i Template literals are preferred over string concatenation.
runtime	Run corepack pnpm check:style	2026-10-06T23:58:30.5627183Z
runtime	Run corepack pnpm check:style	2026-10-06T23:58:30.5627859Z     212 │           const provider = await shopify.readInstallation(online);
runtime	Run corepack pnpm check:style	2026-10-06T23:58:30.5628934Z     213 │           const tenant = await core.tenants.getShopByDomain(provider.shop);
runtime	Run corepack pnpm check:style	2026-10-06T23:58:30.5630369Z   > 214 │           if (!tenant || !tenant.shopifyShopId || 'gid://shopify/Shop/' + tenant.shopifyShopId !== provider.shopId)
runtime	Run corepack pnpm check:style	2026-10-06T23:58:30.5631637Z         │                                                   ^^^^^^^^^^^^^^^^^^^^^^^^^^^^^^^^^^^^^^^^^^^^
runtime	Run corepack pnpm check:style	2026-10-06T23:58:30.5632565Z     215 │             throw new Error('Tenant installation mismatch');
runtime	Run corepack pnpm check:style	2026-10-06T23:58:30.5633696Z     216 │           const installed = await core.tenants.getCurrentAdminInstallation(tenant.shopId);
runtime	Run corepack pnpm check:style	2026-10-06T23:58:30.5634475Z
runtime	Run corepack pnpm check:style	2026-10-06T23:58:30.5635228Z   i Unsafe fix: Use a template literal.
runtime	Run corepack pnpm check:style	2026-10-06T23:58:30.5635675Z
runtime	Run corepack pnpm check:style	2026-10-06T23:58:30.5636377Z     212 212 │             const provider = await shopify.readInstallation(online);
runtime	Run corepack pnpm check:style	2026-10-06T23:58:30.5637510Z     213 213 │             const tenant = await core.tenants.getShopByDomain(provider.shop);
runtime	Run corepack pnpm check:style	2026-10-06T23:58:30.5639074Z     214     │ - ··········if·(!tenant·||·!tenant.shopifyShopId·||·'gid://shopify/Shop/'·+·tenant.shopifyShopId·!==·provider.shopId)
runtime	Run corepack pnpm check:style	2026-10-06T23:58:30.5640863Z         214 │ + ··········if·(!tenant·||·!tenant.shopifyShopId·||·`gid://shopify/Shop/${tenant.shopifyShopId}`·!==·provider.shopId)
runtime	Run corepack pnpm check:style	2026-10-06T23:58:30.5642146Z     215 215 │               throw new Error('Tenant installation mismatch');
runtime	Run corepack pnpm check:style	2026-10-06T23:58:30.5643359Z     216 216 │             const installed = await core.tenants.getCurrentAdminInstallation(tenant.shopId);
runtime	Run corepack pnpm check:style	2026-10-06T23:58:30.5644153Z
runtime	Run corepack pnpm check:style	2026-10-06T23:58:30.5644310Z
runtime	Run corepack pnpm check:style	2026-10-06T23:58:30.5645395Z apps/web/src/server/admin/auth.ts:48:48 lint/style/noNonNullAssertion ━━━━━━━━━━━━━━━━━━━━━━━━━━━━━━
runtime	Run corepack pnpm check:style	2026-10-06T23:58:30.5646117Z
runtime	Run corepack pnpm check:style	2026-10-06T23:58:30.5646338Z   ! Forbidden non-null assertion.
runtime	Run corepack pnpm check:style	2026-10-06T23:58:30.5646748Z
runtime	Run corepack pnpm check:style	2026-10-06T23:58:30.5647308Z     46 │     let identity: VerifiedAdminIdentity;
runtime	Run corepack pnpm check:style	2026-10-06T23:58:30.5647907Z     47 │     try {
runtime	Run corepack pnpm check:style	2026-10-06T23:58:30.5648567Z   > 48 │       identity = await port.verifySessionToken(match[1]!);
runtime	Run corepack pnpm check:style	2026-10-06T23:58:30.5649361Z        │                                                ^^^^^^^^^
runtime	Run corepack pnpm check:style	2026-10-06T23:58:30.5649964Z     49 │     } catch {
runtime	Run corepack pnpm check:style	2026-10-06T23:58:30.5650487Z     50 │       return null;
runtime	Run corepack pnpm check:style	2026-10-06T23:58:30.5650865Z
runtime	Run corepack pnpm check:style	2026-10-06T23:58:30.5651031Z
runtime	Run corepack pnpm check:style	2026-10-06T23:58:30.5651914Z apps/web/src/server/admin/auth.ts:61:50 lint/style/noNonNullAssertion ━━━━━━━━━━━━━━━━━━━━━━━━━━━━━━
runtime	Run corepack pnpm check:style	2026-10-06T23:58:30.5652579Z
runtime	Run corepack pnpm check:style	2026-10-06T23:58:30.5652786Z   ! Forbidden non-null assertion.
runtime	Run corepack pnpm check:style	2026-10-06T23:58:30.5653187Z
runtime	Run corepack pnpm check:style	2026-10-06T23:58:30.5653528Z     59 │     )
runtime	Run corepack pnpm check:style	2026-10-06T23:58:30.5653925Z     60 │       return null;
runtime	Run corepack pnpm check:style	2026-10-06T23:58:30.5654936Z   > 61 │     const grant = await port.exchangeOnlineGrant(match[1]!, identity);
runtime	Run corepack pnpm check:style	2026-10-06T23:58:30.5655839Z        │                                                  ^^^^^^^^^
runtime	Run corepack pnpm check:style	2026-10-06T23:58:30.5656674Z     62 │     if (
runtime	Run corepack pnpm check:style	2026-10-06T23:58:30.5657183Z     63 │       grant.shop !== identity.shop ||
runtime	Run corepack pnpm check:style	2026-10-06T23:58:30.5657652Z
runtime	Run corepack pnpm check:style	2026-10-06T23:58:30.5657810Z
runtime	Run corepack pnpm check:style	2026-10-06T23:58:30.5658691Z apps/web/src/server/admin/preview.ts:109:28 lint/style/noNonNullAssertion ━━━━━━━━━━━━━━━━━━━━━━━━━━
runtime	Run corepack pnpm check:style	2026-10-06T23:58:30.5659394Z
runtime	Run corepack pnpm check:style	2026-10-06T23:58:30.5659608Z   ! Forbidden non-null assertion.
runtime	Run corepack pnpm check:style	2026-10-06T23:58:30.5660012Z
runtime	Run corepack pnpm check:style	2026-10-06T23:58:30.5660610Z     107 │             .then((found) => (found ? project(found) : null)),
runtime	Run corepack pnpm check:style	2026-10-06T23:58:30.5661230Z     108 │         );
runtime	Run corepack pnpm check:style	2026-10-06T23:58:30.5661772Z   > 109 │       const result = await map.get(id)!;
runtime	Run corepack pnpm check:style	2026-10-06T23:58:30.5662408Z         │                            ^^^^^^^^^^^^
runtime	Run corepack pnpm check:style	2026-10-06T23:58:30.5662981Z     110 │       await active(actor);
runtime	Run corepack pnpm check:style	2026-10-06T23:58:30.5663719Z     111 │       return result;
runtime	Run corepack pnpm check:style	2026-10-06T23:58:30.5664096Z
runtime	Run corepack pnpm check:style	2026-10-06T23:58:30.5664265Z
runtime	Run corepack pnpm check:style	2026-10-06T23:58:30.5666067Z apps/web/src/server/admin/preview.ts:116:28 lint/style/noNonNullAssertion ━━━━━━━━━━━━━━━━━━━━━━━━━━
runtime	Run corepack pnpm check:style	2026-10-06T23:58:30.5666791Z
runtime	Run corepack pnpm check:style	2026-10-06T23:58:30.5667009Z   ! Forbidden non-null assertion.
runtime	Run corepack pnpm check:style	2026-10-06T23:58:30.5667417Z
runtime	Run corepack pnpm check:style	2026-10-06T23:58:30.5667862Z     114 │       await active(actor);
runtime	Run corepack pnpm check:style	2026-10-06T23:58:30.5668806Z     115 │       if (!currencies.has(actor)) currencies.set(actor, reader(actor).shopCurrency());
runtime	Run corepack pnpm check:style	2026-10-06T23:58:30.5669805Z   > 116 │       const result = await currencies.get(actor)!;
runtime	Run corepack pnpm check:style	2026-10-06T23:58:30.5670546Z         │                            ^^^^^^^^^^^^^^^^^^^^^^
runtime	Run corepack pnpm check:style	2026-10-06T23:58:30.5671151Z     117 │       await active(actor);
runtime	Run corepack pnpm check:style	2026-10-06T23:58:30.5671684Z     118 │       return result;
runtime	Run corepack pnpm check:style	2026-10-06T23:58:30.5672065Z
runtime	Run corepack pnpm check:style	2026-10-06T23:58:30.5672225Z
runtime	Run corepack pnpm check:style	2026-10-06T23:58:30.5673102Z apps/web/src/server/admin/preview.ts:163:34 lint/style/noNonNullAssertion ━━━━━━━━━━━━━━━━━━━━━━━━━━
runtime	Run corepack pnpm check:style	2026-10-06T23:58:30.5673794Z
runtime	Run corepack pnpm check:style	2026-10-06T23:58:30.5674004Z   ! Forbidden non-null assertion.
runtime	Run corepack pnpm check:style	2026-10-06T23:58:30.5674405Z
runtime	Run corepack pnpm check:style	2026-10-06T23:58:30.5675137Z     161 │                   shopId: randomUUID(),
runtime	Run corepack pnpm check:style	2026-10-06T23:58:30.5675804Z     162 │                   shopDomain: shop,
runtime	Run corepack pnpm check:style	2026-10-06T23:58:30.5676553Z   > 163 │                   shopifyShopId: shopId.split('/').at(-1)!,
runtime	Run corepack pnpm check:style	2026-10-06T23:58:30.5677327Z         │                                  ^^^^^^^^^^^^^^^^^^^^^^^^^
runtime	Run corepack pnpm check:style	2026-10-06T23:58:30.5678170Z     164 │                   externalInstallationId: provider.installationId,
runtime	Run corepack pnpm check:style	2026-10-06T23:58:30.5678847Z     165 │                 }),
runtime	Run corepack pnpm check:style	2026-10-06T23:58:30.5679228Z
runtime	Run corepack pnpm check:style	2026-10-06T23:58:30.5679394Z
runtime	Run corepack pnpm check:style	2026-10-06T23:58:30.5680276Z apps/web/src/server/admin/preview.ts:223:26 lint/style/noNonNullAssertion ━━━━━━━━━━━━━━━━━━━━━━━━━━
runtime	Run corepack pnpm check:style	2026-10-06T23:58:30.5680951Z
runtime	Run corepack pnpm check:style	2026-10-06T23:58:30.5681156Z   ! Forbidden non-null assertion.
runtime	Run corepack pnpm check:style	2026-10-06T23:58:30.5681565Z
runtime	Run corepack pnpm check:style	2026-10-06T23:58:30.5682267Z     221 │                   installationGeneration: bound.installationGeneration,
runtime	Run corepack pnpm check:style	2026-10-06T23:58:30.5683085Z     222 │                   shopifyShopId: shopId,
runtime	Run corepack pnpm check:style	2026-10-06T23:58:30.5683852Z   > 223 │                   appId: env.INSIGNIA_M5_002_APP_RESOURCE!,
runtime	Run corepack pnpm check:style	2026-10-06T23:58:30.5684817Z         │                          ^^^^^^^^^^^^^^^^^^^^^^^^^^^^^^^^^
runtime	Run corepack pnpm check:style	2026-10-06T23:58:30.5685399Z     224 │                 },
runtime	Run corepack pnpm check:style	2026-10-06T23:58:30.5685843Z     225 │                 {
runtime	Run corepack pnpm check:style	2026-10-06T23:58:30.5686198Z
runtime	Run corepack pnpm check:style	2026-10-06T23:58:30.5686355Z
runtime	Run corepack pnpm check:style	2026-10-06T23:58:30.5687221Z apps/web/src/server/admin/preview.ts:227:46 lint/style/noNonNullAssertion ━━━━━━━━━━━━━━━━━━━━━━━━━━
runtime	Run corepack pnpm check:style	2026-10-06T23:58:30.5687894Z
runtime	Run corepack pnpm check:style	2026-10-06T23:58:30.5688094Z   ! Forbidden non-null assertion.
runtime	Run corepack pnpm check:style	2026-10-06T23:58:30.5688494Z
runtime	Run corepack pnpm check:style	2026-10-06T23:58:30.5688839Z     225 │                 {
runtime	Run corepack pnpm check:style	2026-10-06T23:58:30.5689359Z     226 │                   appKey: client,
runtime	Run corepack pnpm check:style	2026-10-06T23:58:30.5690367Z   > 227 │                   transformInputQuerySha256: env.INSIGNIA_M5_002_TRANSFORM_QUERY_HASH!,
runtime	Run corepack pnpm check:style	2026-10-06T23:58:30.5691438Z         │                                              ^^^^^^^^^^^^^^^^^^^^^^^^^^^^^^^^^^^^^^^^^
runtime	Run corepack pnpm check:style	2026-10-06T23:58:30.5692748Z     228 │                   validationInputQuerySha256: env.INSIGNIA_M5_002_VALIDATION_QUERY_HASH!,
runtime	Run corepack pnpm check:style	2026-10-06T23:58:30.5693537Z     229 │                 },
runtime	Run corepack pnpm check:style	2026-10-06T23:58:30.5693909Z
runtime	Run corepack pnpm check:style	2026-10-06T23:58:30.5694064Z
runtime	Run corepack pnpm check:style	2026-10-06T23:58:30.5695552Z apps/web/src/server/admin/preview.ts:228:47 lint/style/noNonNullAssertion ━━━━━━━━━━━━━━━━━━━━━━━━━━
runtime	Run corepack pnpm check:style	2026-10-06T23:58:30.5696177Z
runtime	Run corepack pnpm check:style	2026-10-06T23:58:30.5696316Z   ! Forbidden non-null assertion.
runtime	Run corepack pnpm check:style	2026-10-06T23:58:30.5696561Z
runtime	Run corepack pnpm check:style	2026-10-06T23:58:30.5696844Z     226 │                   appKey: client,
runtime	Run corepack pnpm check:style	2026-10-06T23:58:30.5697390Z     227 │                   transformInputQuerySha256: env.INSIGNIA_M5_002_TRANSFORM_QUERY_HASH!,
runtime	Run corepack pnpm check:style	2026-10-06T23:58:30.5698083Z   > 228 │                   validationInputQuerySha256: env.INSIGNIA_M5_002_VALIDATION_QUERY_HASH!,
runtime	Run corepack pnpm check:style	2026-10-06T23:58:30.5698678Z         │                                               ^^^^^^^^^^^^^^^^^^^^^^^^^^^^^^^^^^^^^^^^^^
runtime	Run corepack pnpm check:style	2026-10-06T23:58:30.5699215Z     229 │                 },
runtime	Run corepack pnpm check:style	2026-10-06T23:58:30.5699468Z     230 │               );
runtime	Run corepack pnpm check:style	2026-10-06T23:58:30.5699682Z
runtime	Run corepack pnpm check:style	2026-10-06T23:58:30.5699775Z
runtime	Run corepack pnpm check:style	2026-10-06T23:58:30.5700273Z apps/web/src/server/admin/production.ts:214:15 lint/complexity/useOptionalChain  FIXABLE  ━━━━━━━━━━
runtime	Run corepack pnpm check:style	2026-10-06T23:58:30.5700665Z
runtime	Run corepack pnpm check:style	2026-10-06T23:58:30.5700786Z   ! Change to an optional chain.
runtime	Run corepack pnpm check:style	2026-10-06T23:58:30.5701019Z
runtime	Run corepack pnpm check:style	2026-10-06T23:58:30.5701384Z     212 │           const provider = await shopify.readInstallation(online);
runtime	Run corepack pnpm check:style	2026-10-06T23:58:30.5701973Z     213 │           const tenant = await core.tenants.getShopByDomain(provider.shop);
runtime	Run corepack pnpm check:style	2026-10-06T23:58:30.5702797Z   > 214 │           if (!tenant || !tenant.shopifyShopId || 'gid://shopify/Shop/' + tenant.shopifyShopId !== provider.shopId)
runtime	Run corepack pnpm check:style	2026-10-06T23:58:30.5703414Z         │               ^^^^^^^^^^^^^^^^^^^^^^^^^^^^^^^^
runtime	Run corepack pnpm check:style	2026-10-06T23:58:30.5703848Z     215 │             throw new Error('Tenant installation mismatch');
runtime	Run corepack pnpm check:style	2026-10-06T23:58:30.5704504Z     216 │           const installed = await core.tenants.getCurrentAdminInstallation(tenant.shopId);
runtime	Run corepack pnpm check:style	2026-10-06T23:58:30.5705465Z
runtime	Run corepack pnpm check:style	2026-10-06T23:58:30.5705872Z   i Unsafe fix: Change to an optional chain.
runtime	Run corepack pnpm check:style	2026-10-06T23:58:30.5706149Z
runtime	Run corepack pnpm check:style	2026-10-06T23:58:30.5706552Z     212 212 │             const provider = await shopify.readInstallation(online);
runtime	Run corepack pnpm check:style	2026-10-06T23:58:30.5707171Z     213 213 │             const tenant = await core.tenants.getShopByDomain(provider.shop);
runtime	Run corepack pnpm check:style	2026-10-06T23:58:30.5708075Z     214     │ - ··········if·(!tenant·||·!tenant.shopifyShopId·||·'gid://shopify/Shop/'·+·tenant.shopifyShopId·!==·provider.shopId)
runtime	Run corepack pnpm check:style	2026-10-06T23:58:30.5709025Z         214 │ + ··········if·(!tenant?.shopifyShopId·||·'gid://shopify/Shop/'·+·tenant.shopifyShopId·!==·provider.shopId)
runtime	Run corepack pnpm check:style	2026-10-06T23:58:30.5709709Z     215 215 │               throw new Error('Tenant installation mismatch');
runtime	Run corepack pnpm check:style	2026-10-06T23:58:30.5710376Z     216 216 │             const installed = await core.tenants.getCurrentAdminInstallation(tenant.shopId);
runtime	Run corepack pnpm check:style	2026-10-06T23:58:30.5710850Z
runtime	Run corepack pnpm check:style	2026-10-06T23:58:30.5710942Z
runtime	Run corepack pnpm check:style	2026-10-06T23:58:30.5711431Z apps/web/src/server/merchant-config.ts:123:28 lint/style/noNonNullAssertion ━━━━━━━━━━━━━━━━━━━━━━━━
runtime	Run corepack pnpm check:style	2026-10-06T23:58:30.5711823Z
runtime	Run corepack pnpm check:style	2026-10-06T23:58:30.5711945Z   ! Forbidden non-null assertion.
runtime	Run corepack pnpm check:style	2026-10-06T23:58:30.5712182Z
runtime	Run corepack pnpm check:style	2026-10-06T23:58:30.5712489Z     121 │         option.allowedValueIds.flatMap((id) => {
runtime	Run corepack pnpm check:style	2026-10-06T23:58:30.5712896Z     122 │           const label = oldLabels?.[id];
runtime	Run corepack pnpm check:style	2026-10-06T23:58:30.5713335Z   > 123 │           return label ? [[values.get(id)!, label]] : [];
runtime	Run corepack pnpm check:style	2026-10-06T23:58:30.5713740Z         │                            ^^^^^^^^^^^^^^^
runtime	Run corepack pnpm check:style	2026-10-06T23:58:30.5714036Z     124 │         }),
runtime	Run corepack pnpm check:style	2026-10-06T23:58:30.5714262Z     125 │       );
runtime	Run corepack pnpm check:style	2026-10-06T23:58:30.5714446Z
runtime	Run corepack pnpm check:style	2026-10-06T23:58:30.5714545Z
runtime	Run corepack pnpm check:style	2026-10-06T23:58:30.5715353Z apps/web/src/server/merchant-config.ts:126:47 lint/style/noNonNullAssertion ━━━━━━━━━━━━━━━━━━━━━━━━
runtime	Run corepack pnpm check:style	2026-10-06T23:58:30.5715771Z
runtime	Run corepack pnpm check:style	2026-10-06T23:58:30.5715899Z   ! Forbidden non-null assertion.
runtime	Run corepack pnpm check:style	2026-10-06T23:58:30.5716134Z
runtime	Run corepack pnpm check:style	2026-10-06T23:58:30.5716339Z     124 │         }),
runtime	Run corepack pnpm check:style	2026-10-06T23:58:30.5716750Z     125 │       );
runtime	Run corepack pnpm check:style	2026-10-06T23:58:30.5717236Z   > 126 │       return Object.keys(remapped).length ? [[options.get(option.id)!, remapped]] : [];
runtime	Run corepack pnpm check:style	2026-10-06T23:58:30.5717815Z         │                                               ^^^^^^^^^^^^^^^^^^^^^^^
runtime	Run corepack pnpm check:style	2026-10-06T23:58:30.5718141Z     127 │     }),
runtime	Run corepack pnpm check:style	2026-10-06T23:58:30.5718358Z     128 │   );
runtime	Run corepack pnpm check:style	2026-10-06T23:58:30.5718536Z
runtime	Run corepack pnpm check:style	2026-10-06T23:58:30.5718628Z
runtime	Run corepack pnpm check:style	2026-10-06T23:58:30.5719109Z apps/web/src/server/merchant-config.ts:132:50 lint/style/noNonNullAssertion ━━━━━━━━━━━━━━━━━━━━━━━━
runtime	Run corepack pnpm check:style	2026-10-06T23:58:30.5719499Z
runtime	Run corepack pnpm check:style	2026-10-06T23:58:30.5719613Z   ! Forbidden non-null assertion.
runtime	Run corepack pnpm check:style	2026-10-06T23:58:30.5719850Z
runtime	Run corepack pnpm check:style	2026-10-06T23:58:30.5720047Z     130 │     ...source,
runtime	Run corepack pnpm check:style	2026-10-06T23:58:30.5720283Z     131 │     labels,
runtime	Run corepack pnpm check:style	2026-10-06T23:58:30.5720721Z   > 132 │     methods: source.methods.map((item) => ({ id: methods.get(item.id)! })),
runtime	Run corepack pnpm check:style	2026-10-06T23:58:30.5721411Z         │                                                  ^^^^^^^^^^^^^^^^^^^^^
runtime	Run corepack pnpm check:style	2026-10-06T23:58:30.5721872Z     133 │     placements: source.placements.map((item) => ({
runtime	Run corepack pnpm check:style	2026-10-06T23:58:30.5722219Z     134 │       ...item,
runtime	Run corepack pnpm check:style	2026-10-06T23:58:30.5722417Z
runtime	Run corepack pnpm check:style	2026-10-06T23:58:30.5722505Z
runtime	Run corepack pnpm check:style	2026-10-06T23:58:30.5722981Z apps/web/src/server/merchant-config.ts:135:11 lint/style/noNonNullAssertion ━━━━━━━━━━━━━━━━━━━━━━━━
runtime	Run corepack pnpm check:style	2026-10-06T23:58:30.5723362Z
runtime	Run corepack pnpm check:style	2026-10-06T23:58:30.5723472Z   ! Forbidden non-null assertion.
runtime	Run corepack pnpm check:style	2026-10-06T23:58:30.5723703Z
runtime	Run corepack pnpm check:style	2026-10-06T23:58:30.5724010Z     133 │     placements: source.placements.map((item) => ({
runtime	Run corepack pnpm check:style	2026-10-06T23:58:30.5724350Z     134 │       ...item,
runtime	Run corepack pnpm check:style	2026-10-06T23:58:30.5725150Z   > 135 │       id: placements.get(item.id)!,
runtime	Run corepack pnpm check:style	2026-10-06T23:58:30.5725840Z         │           ^^^^^^^^^^^^^^^^^^^^^^^^
runtime	Run corepack pnpm check:style	2026-10-06T23:58:30.5726412Z     136 │       allowedMethodIds: item.allowedMethodIds.map((id) => methods.get(id)!),
runtime	Run corepack pnpm check:style	2026-10-06T23:58:30.5727072Z     137 │       allowedStepIds: item.allowedStepIds.map((id) => steps.get(id)!),
runtime	Run corepack pnpm check:style	2026-10-06T23:58:30.5727440Z
runtime	Run corepack pnpm check:style	2026-10-06T23:58:30.5727551Z
runtime	Run corepack pnpm check:style	2026-10-06T23:58:30.5728039Z apps/web/src/server/merchant-config.ts:136:59 lint/style/noNonNullAssertion ━━━━━━━━━━━━━━━━━━━━━━━━
runtime	Run corepack pnpm check:style	2026-10-06T23:58:30.5728426Z
runtime	Run corepack pnpm check:style	2026-10-06T23:58:30.5728548Z   ! Forbidden non-null assertion.
runtime	Run corepack pnpm check:style	2026-10-06T23:58:30.5728788Z
runtime	Run corepack pnpm check:style	2026-10-06T23:58:30.5728991Z     134 │       ...item,
runtime	Run corepack pnpm check:style	2026-10-06T23:58:30.5729313Z     135 │       id: placements.get(item.id)!,
runtime	Run corepack pnpm check:style	2026-10-06T23:58:30.5729834Z   > 136 │       allowedMethodIds: item.allowedMethodIds.map((id) => methods.get(id)!),
runtime	Run corepack pnpm check:style	2026-10-06T23:58:30.5730382Z         │                                                           ^^^^^^^^^^^^^^^^
runtime	Run corepack pnpm check:style	2026-10-06T23:58:30.5730909Z     137 │       allowedStepIds: item.allowedStepIds.map((id) => steps.get(id)!),
runtime	Run corepack pnpm check:style	2026-10-06T23:58:30.5731305Z     138 │     })),
runtime	Run corepack pnpm check:style	2026-10-06T23:58:30.5731499Z
runtime	Run corepack pnpm check:style	2026-10-06T23:58:30.5731609Z
runtime	Run corepack pnpm check:style	2026-10-06T23:58:30.5732087Z apps/web/src/server/merchant-config.ts:137:55 lint/style/noNonNullAssertion ━━━━━━━━━━━━━━━━━━━━━━━━
runtime	Run corepack pnpm check:style	2026-10-06T23:58:30.5732475Z
runtime	Run corepack pnpm check:style	2026-10-06T23:58:30.5732774Z   ! Forbidden non-null assertion.
runtime	Run corepack pnpm check:style	2026-10-06T23:58:30.5733010Z
runtime	Run corepack pnpm check:style	2026-10-06T23:58:30.5733285Z     135 │       id: placements.get(item.id)!,
runtime	Run corepack pnpm check:style	2026-10-06T23:58:30.5733795Z     136 │       allowedMethodIds: item.allowedMethodIds.map((id) => methods.get(id)!),
runtime	Run corepack pnpm check:style	2026-10-06T23:58:30.5734403Z   > 137 │       allowedStepIds: item.allowedStepIds.map((id) => steps.get(id)!),
runtime	Run corepack pnpm check:style	2026-10-06T23:58:30.5735237Z         │                                                       ^^^^^^^^^^^^^^
runtime	Run corepack pnpm check:style	2026-10-06T23:58:30.5735566Z     138 │     })),
runtime	Run corepack pnpm check:style	2026-10-06T23:58:30.5735970Z     139 │     productionOptions: source.productionOptions.map((item) => ({
runtime	Run corepack pnpm check:style	2026-10-06T23:58:30.5736326Z
runtime	Run corepack pnpm check:style	2026-10-06T23:58:30.5736418Z
runtime	Run corepack pnpm check:style	2026-10-06T23:58:30.5736895Z apps/web/src/server/merchant-config.ts:140:11 lint/style/noNonNullAssertion ━━━━━━━━━━━━━━━━━━━━━━━━
runtime	Run corepack pnpm check:style	2026-10-06T23:58:30.5737441Z
runtime	Run corepack pnpm check:style	2026-10-06T23:58:30.5737558Z   ! Forbidden non-null assertion.
runtime	Run corepack pnpm check:style	2026-10-06T23:58:30.5737790Z
runtime	Run corepack pnpm check:style	2026-10-06T23:58:30.5737982Z     138 │     })),
runtime	Run corepack pnpm check:style	2026-10-06T23:58:30.5738398Z     139 │     productionOptions: source.productionOptions.map((item) => ({
runtime	Run corepack pnpm check:style	2026-10-06T23:58:30.5738843Z   > 140 │       id: options.get(item.id)!,
runtime	Run corepack pnpm check:style	2026-10-06T23:58:30.5739164Z         │           ^^^^^^^^^^^^^^^^^^^^^
runtime	Run corepack pnpm check:style	2026-10-06T23:58:30.5739638Z     141 │       allowedValueIds: item.allowedValueIds.map((id) => values.get(id)!),
runtime	Run corepack pnpm check:style	2026-10-06T23:58:30.5740047Z     142 │     })),
runtime	Run corepack pnpm check:style	2026-10-06T23:58:30.5740233Z
runtime	Run corepack pnpm check:style	2026-10-06T23:58:30.5740321Z
runtime	Run corepack pnpm check:style	2026-10-06T23:58:30.5740797Z apps/web/src/server/merchant-config.ts:141:57 lint/style/noNonNullAssertion ━━━━━━━━━━━━━━━━━━━━━━━━
runtime	Run corepack pnpm check:style	2026-10-06T23:58:30.5741169Z
runtime	Run corepack pnpm check:style	2026-10-06T23:58:30.5741286Z   ! Forbidden non-null assertion.
runtime	Run corepack pnpm check:style	2026-10-06T23:58:30.5741516Z
runtime	Run corepack pnpm check:style	2026-10-06T23:58:30.5741892Z     139 │     productionOptions: source.productionOptions.map((item) => ({
runtime	Run corepack pnpm check:style	2026-10-06T23:58:30.5742340Z     140 │       id: options.get(item.id)!,
runtime	Run corepack pnpm check:style	2026-10-06T23:58:30.5742830Z   > 141 │       allowedValueIds: item.allowedValueIds.map((id) => values.get(id)!),
runtime	Run corepack pnpm check:style	2026-10-06T23:58:30.5743365Z         │                                                         ^^^^^^^^^^^^^^^
runtime	Run corepack pnpm check:style	2026-10-06T23:58:30.5743686Z     142 │     })),
runtime	Run corepack pnpm check:style	2026-10-06T23:58:30.5744033Z     143 │     pricingRules: source.pricingRules.map((rule) => ({
runtime	Run corepack pnpm check:style	2026-10-06T23:58:30.5744347Z
runtime	Run corepack pnpm check:style	2026-10-06T23:58:30.5744442Z
runtime	Run corepack pnpm check:style	2026-10-06T23:58:30.5745076Z The number of diagnostics exceeds the limit allowed. Use --max-diagnostics to increase it.
runtime	Run corepack pnpm check:style	2026-10-06T23:58:30.5745572Z Diagnostics not shown: 125.
runtime	Run corepack pnpm check:style	2026-10-06T23:58:30.5745894Z Checked 271 files in 694ms. No fixes applied.
runtime	Run corepack pnpm check:style	2026-10-06T23:58:30.5746183Z Found 62 warnings.
runtime	Run corepack pnpm check:style	2026-10-06T23:58:30.5746382Z Found 83 infos.
runtime	Run corepack pnpm check:boundaries	﻿2026-10-06T23:58:30.6049157Z ##[group]Run corepack pnpm check:boundaries
runtime	Run corepack pnpm check:boundaries	2026-10-06T23:58:30.6049516Z ^[[36;1mcorepack pnpm check:boundaries^[[0m
runtime	Run corepack pnpm check:boundaries	2026-10-06T23:58:30.6113978Z shell: /usr/bin/bash -e {0}
runtime	Run corepack pnpm check:boundaries	2026-10-06T23:58:30.6114275Z env:
runtime	Run corepack pnpm check:boundaries	2026-10-06T23:58:30.6115217Z   DATABASE_URL: ***localhost:5432/insignia_test?sslmode=disable
runtime	Run corepack pnpm check:boundaries	2026-10-06T23:58:30.6115649Z   INSIGNIA_REQUIRE_POSTGRES_TEST: 1
runtime	Run corepack pnpm check:boundaries	2026-10-06T23:58:30.6115932Z ##[endgroup]
runtime	Run corepack pnpm check:boundaries	2026-10-06T23:58:30.6929329Z $ node scripts/boundaries/check.mjs && node scripts/boundaries/check-database-api.mjs && node scripts/boundaries/check-domain-effects.mjs && node --test scripts/boundaries/domain-effects.test.mjs
runtime	Run corepack pnpm check:boundaries	2026-10-06T23:58:50.5526193Z Boundary checks passed: 191 real modules, 4 browser modules, 19 negative source fixtures, 2 rejected browser bundles and exports.
runtime	Run corepack pnpm check:boundaries	2026-10-06T23:59:01.8023389Z Database public API rejects 19 compiler probes and 4 runtime deep imports.
runtime	Run corepack pnpm check:boundaries	2026-10-06T23:59:02.3643926Z 6 production domain modules have no prohibited ambient effects
runtime	Run corepack pnpm check:boundaries	2026-10-06T23:59:03.2746524Z ✔ Date.now is rejected in a production domain helper (7.695336ms)
runtime	Run corepack pnpm check:boundaries	2026-10-06T23:59:03.2769095Z ✔ new Date is rejected in a production domain helper (0.659468ms)
runtime	Run corepack pnpm check:boundaries	2026-10-06T23:59:03.2770154Z ✔ Math.random is rejected in a production domain helper (0.507482ms)
runtime	Run corepack pnpm check:boundaries	2026-10-06T23:59:03.2771255Z ✔ globalThis.Date.now is rejected in a production domain helper (0.606729ms)
runtime	Run corepack pnpm check:boundaries	2026-10-06T23:59:03.2772177Z ✔ fetch is rejected in a production domain helper (1.357027ms)
runtime	Run corepack pnpm check:boundaries	2026-10-06T23:59:03.2773195Z ✔ globalThis.crypto is rejected in a production domain helper (0.508394ms)
runtime	Run corepack pnpm check:boundaries	2026-10-06T23:59:03.2774209Z ✔ computed random is rejected in a production domain helper (1.073436ms)
runtime	Run corepack pnpm check:boundaries	2026-10-06T23:59:03.2775652Z ✔ template random is rejected in a production domain helper (0.801986ms)
runtime	Run corepack pnpm check:boundaries	2026-10-06T23:59:03.2776924Z ✔ dynamic Math member is rejected in a production domain helper (1.403524ms)
runtime	Run corepack pnpm check:boundaries	2026-10-06T23:59:03.2778149Z ✔ spread Date is rejected in a production domain helper (1.774441ms)
runtime	Run corepack pnpm check:boundaries	2026-10-06T23:59:03.2779513Z ✔ random destructuring is rejected in a production domain helper (0.861447ms)
runtime	Run corepack pnpm check:boundaries	2026-10-06T23:59:03.2780631Z ✔ date alias is rejected in a production domain helper (0.449614ms)
runtime	Run corepack pnpm check:boundaries	2026-10-06T23:59:03.2782604Z ✔ math alias is rejected in a production domain helper (0.347863ms)
runtime	Run corepack pnpm check:boundaries	2026-10-06T23:59:03.2783796Z ✔ import meta is rejected in a production domain helper (0.44778ms)
runtime	Run corepack pnpm check:boundaries	2026-10-06T23:59:03.2785242Z ✔ process environment is rejected in a production domain helper (0.309281ms)
runtime	Run corepack pnpm check:boundaries	2026-10-06T23:59:03.2786679Z ✔ deterministic numeric and explicit-value operations stay allowed (1.327412ms)
runtime	Run corepack pnpm check:boundaries	2026-10-06T23:59:03.2787905Z ✔ type-only properties are not ambient API references (2.400396ms)
runtime	Run corepack pnpm check:boundaries	2026-10-06T23:59:03.2789402Z ✔ compiled graph includes an imported module with an excluded test-like filename (564.353417ms)
runtime	Run corepack pnpm check:boundaries	2026-10-06T23:59:03.3255406Z ℹ tests 18
runtime	Run corepack pnpm check:boundaries	2026-10-06T23:59:03.3256291Z ℹ suites 0
runtime	Run corepack pnpm check:boundaries	2026-10-06T23:59:03.3269497Z ℹ pass 18
runtime	Run corepack pnpm check:boundaries	2026-10-06T23:59:03.3269998Z ℹ fail 0
runtime	Run corepack pnpm check:boundaries	2026-10-06T23:59:03.3270284Z ℹ cancelled 0
runtime	Run corepack pnpm check:boundaries	2026-10-06T23:59:03.3270546Z ℹ skipped 0
runtime	Run corepack pnpm check:boundaries	2026-10-06T23:59:03.3270800Z ℹ todo 0
runtime	Run corepack pnpm check:boundaries	2026-10-06T23:59:03.3271049Z ℹ duration_ms 919.002642
runtime	Run corepack pnpm check:secrets	﻿2026-10-06T23:59:03.3416556Z ##[group]Run corepack pnpm check:secrets
runtime	Run corepack pnpm check:secrets	2026-10-06T23:59:03.3416931Z ^[[36;1mcorepack pnpm check:secrets^[[0m
runtime	Run corepack pnpm check:secrets	2026-10-06T23:59:03.3479068Z shell: /usr/bin/bash -e {0}
runtime	Run corepack pnpm check:secrets	2026-10-06T23:59:03.3479326Z env:
runtime	Run corepack pnpm check:secrets	2026-10-06T23:59:03.3480009Z   DATABASE_URL: ***localhost:5432/insignia_test?sslmode=disable
runtime	Run corepack pnpm check:secrets	2026-10-06T23:59:03.3480392Z   INSIGNIA_REQUIRE_POSTGRES_TEST: 1
runtime	Run corepack pnpm check:secrets	2026-10-06T23:59:03.3480658Z ##[endgroup]
runtime	Run corepack pnpm check:secrets	2026-10-06T23:59:03.4269028Z $ node scripts/boundaries/check-secrets.mjs
runtime	Run corepack pnpm check:secrets	2026-10-06T23:59:03.4700768Z Secret/fixture provenance check passed: 110 production source files, 83 separately scanned test/fixture files, 2 browser artifacts, 2 explicitly synthetic seeds.
runtime	Run corepack pnpm check:database	﻿2026-10-06T23:59:03.4865166Z ##[group]Run corepack pnpm check:database
runtime	Run corepack pnpm check:database	2026-10-06T23:59:03.4865774Z ^[[36;1mcorepack pnpm check:database^[[0m
runtime	Run corepack pnpm check:database	2026-10-06T23:59:03.4956379Z shell: /usr/bin/bash -e {0}
runtime	Run corepack pnpm check:database	2026-10-06T23:59:03.4956820Z env:
runtime	Run corepack pnpm check:database	2026-10-06T23:59:03.4957688Z   DATABASE_URL: ***localhost:5432/insignia_test?sslmode=disable
runtime	Run corepack pnpm check:database	2026-10-06T23:59:03.4958353Z   INSIGNIA_REQUIRE_POSTGRES_TEST: 1
runtime	Run corepack pnpm check:database	2026-10-06T23:59:03.4958814Z ##[endgroup]
runtime	Run corepack pnpm check:database	2026-10-06T23:59:03.5827898Z $ corepack pnpm db:migrate && corepack pnpm db:migrate && corepack pnpm test:database
runtime	Run corepack pnpm check:database	2026-10-06T23:59:03.6545995Z $ dbmate --no-dump-schema --migrations-dir packages/database/migrations up
runtime	Run corepack pnpm check:database	2026-10-06T23:59:03.7177889Z Applying: 20260929000100_durable_core.sql
runtime	Run corepack pnpm check:database	2026-10-06T23:59:03.7498270Z Applied: 20260929000100_durable_core.sql in 32.020324ms
runtime	Run corepack pnpm check:database	2026-10-06T23:59:03.7499232Z Applying: 20260929000200_runtime_ingress_credentials.sql
runtime	Run corepack pnpm check:database	2026-10-06T23:59:03.7587398Z Applied: 20260929000200_runtime_ingress_credentials.sql in 8.897622ms
runtime	Run corepack pnpm check:database	2026-10-06T23:59:03.7588227Z Applying: 20260929000300_authorization_generation.sql
runtime	Run corepack pnpm check:database	2026-10-06T23:59:03.7632229Z Applied: 20260929000300_authorization_generation.sql in 4.502422ms
runtime	Run corepack pnpm check:database	2026-10-06T23:59:03.7633118Z Applying: 20260929000400_accepted_quote.sql
runtime	Run corepack pnpm check:database	2026-10-06T23:59:03.7723269Z Applied: 20260929000400_accepted_quote.sql in 9.064558ms
runtime	Run corepack pnpm check:database	2026-10-06T23:59:03.7724322Z Applying: 20260930000100_m4_key_lifecycle.sql
runtime	Run corepack pnpm check:database	2026-10-06T23:59:03.7810360Z Applied: 20260930000100_m4_key_lifecycle.sql in 8.693179ms
runtime	Run corepack pnpm check:database	2026-10-06T23:59:03.7811466Z Applying: 20260930000200_publication_progress.sql
runtime	Run corepack pnpm check:database	2026-10-06T23:59:03.7854800Z Applied: 20260930000200_publication_progress.sql in 4.435393ms
runtime	Run corepack pnpm check:database	2026-10-06T23:59:03.7856103Z Applying: 20260930000300_m5_revision_geometry.sql
runtime	Run corepack pnpm check:database	2026-10-06T23:59:03.7891084Z Applied: 20260930000300_m5_revision_geometry.sql in 3.64368ms
runtime	Run corepack pnpm check:database	2026-10-06T23:59:03.7892018Z Applying: 20260930000400_m5_revision_presentation.sql
runtime	Run corepack pnpm check:database	2026-10-06T23:59:03.7927347Z Applied: 20260930000400_m5_revision_presentation.sql in 3.575682ms
runtime	Run corepack pnpm check:database	2026-10-06T23:59:03.7927973Z Applying: 20260930000500_m5_publication_source_version.sql
runtime	Run corepack pnpm check:database	2026-10-06T23:59:03.7946401Z Applied: 20260930000500_m5_publication_source_version.sql in 1.932597ms
runtime	Run corepack pnpm check:database	2026-10-06T23:59:03.7947232Z Applying: 20260930000600_m5_publication_intent_generation.sql
runtime	Run corepack pnpm check:database	2026-10-06T23:59:03.7975491Z Applied: 20260930000600_m5_publication_intent_generation.sql in 2.80212ms
runtime	Run corepack pnpm check:database	2026-10-06T23:59:03.7977479Z Applying: 20260930000700_m5_publication_intent_lookup.sql
runtime	Run corepack pnpm check:database	2026-10-06T23:59:03.7998539Z Applied: 20260930000700_m5_publication_intent_lookup.sql in 2.38984ms
runtime	Run corepack pnpm check:database	2026-10-06T23:59:03.7999314Z Applying: 20260930000800_m5_current_publication_pointer.sql
runtime	Run corepack pnpm check:database	2026-10-06T23:59:03.8037844Z Applied: 20260930000800_m5_current_publication_pointer.sql in 3.92255ms
runtime	Run corepack pnpm check:database	2026-10-06T23:59:03.8038648Z Applying: 20260930000900_m5_activation.sql
runtime	Run corepack pnpm check:database	2026-10-06T23:59:03.8177224Z Applied: 20260930000900_m5_activation.sql in 13.931181ms
runtime	Run corepack pnpm check:database	2026-10-06T23:59:03.8178200Z Applying: 20261006000100_m5_availability_v2.sql
runtime	Run corepack pnpm check:database	2026-10-06T23:59:03.8283791Z Applied: 20261006000100_m5_availability_v2.sql in 10.538556ms
runtime	Run corepack pnpm check:database	2026-10-06T23:59:03.9187388Z $ dbmate --no-dump-schema --migrations-dir packages/database/migrations up
runtime	Run corepack pnpm check:database	2026-10-06T23:59:04.0590206Z $ corepack pnpm --filter @insignia/database test
runtime	Run corepack pnpm check:database	2026-10-06T23:59:04.1511855Z $ vitest run
runtime	Run corepack pnpm check:database	2026-10-06T23:59:04.4256257Z
runtime	Run corepack pnpm check:database	2026-10-06T23:59:04.4260470Z ^[[1m^[[30m^[[46m RUN ^[[49m^[[39m^[[22m ^[[36mv5.0.2 ^[[39m^[[90m/home/runner/work/insignia/insignia/packages/database^[[39m
runtime	Run corepack pnpm check:database	2026-10-06T23:59:04.4261459Z
runtime	Run corepack pnpm check:database	2026-10-06T23:59:05.9756145Z  ^[[32m✓^[[39m test/accepted-quote.test.ts ^[[2m(^[[22m^[[2m2 tests^[[22m^[[2m)^[[22m^[[33m 642^[[2mms^[[22m^[[39m
runtime	Run corepack pnpm check:database	2026-10-06T23:59:05.9757149Z    ^[[32m✓^[[39m accepted quote PostgreSQL authority ^[[2m(2)^[[22m
runtime	Run corepack pnpm check:database	2026-10-06T23:59:05.9758107Z      ^[[33m^[[2m✓^[[22m^[[39m stores one complete quote/set, replays the same key, and forbids mutation^[[33m 467^[[2mms^[[22m^[[39m
runtime	Run corepack pnpm check:database	2026-10-06T23:59:06.1108125Z  ^[[32m✓^[[39m test/runtime.test.ts ^[[2m(^[[22m^[[2m11 tests^[[22m^[[2m)^[[22m^[[33m 778^[[2mms^[[22m^[[39m
runtime	Run corepack pnpm check:database	2026-10-06T23:59:06.8224970Z  ^[[32m✓^[[39m test/config.test.ts ^[[2m(^[[22m^[[2m9 tests^[[22m^[[2m)^[[22m^[[32m 298^[[2mms^[[22m^[[39m
runtime	Run corepack pnpm check:database	2026-10-06T23:59:07.4719695Z  ^[[32m✓^[[39m test/production-publication.test.ts ^[[2m(^[[22m^[[2m10 tests^[[22m^[[2m)^[[22m^[[33m 809^[[2mms^[[22m^[[39m
runtime	Run corepack pnpm check:database	2026-10-06T23:59:07.8541374Z  ^[[32m✓^[[39m test/delivery/pg-delivery-repository.test.ts ^[[2m(^[[22m^[[2m10 tests^[[22m^[[2m)^[[22m^[[33m 486^[[2mms^[[22m^[[39m
runtime	Run corepack pnpm check:database	2026-10-06T23:59:08.3755630Z  ^[[32m✓^[[39m test/command/pg-command-repository.test.ts ^[[2m(^[[22m^[[2m6 tests^[[22m^[[2m)^[[22m^[[33m 323^[[2mms^[[22m^[[39m
runtime	Run corepack pnpm check:database	2026-10-06T23:59:08.6444467Z  ^[[32m✓^[[39m test/signing-keys.test.ts ^[[2m(^[[22m^[[2m3 tests^[[22m^[[2m)^[[22m^[[32m 210^[[2mms^[[22m^[[39m
runtime	Run corepack pnpm check:database	2026-10-06T23:59:09.2751652Z  ^[[32m✓^[[39m test/authorization-generation.test.ts ^[[2m(^[[22m^[[2m1 test^[[22m^[[2m)^[[22m^[[32m 116^[[2mms^[[22m^[[39m
runtime	Run corepack pnpm check:database	2026-10-06T23:59:09.3061988Z  ^[[32m✓^[[39m test/public-admission.test.ts ^[[2m(^[[22m^[[2m3 tests^[[22m^[[2m)^[[22m^[[32m 211^[[2mms^[[22m^[[39m
runtime	Run corepack pnpm check:database	2026-10-06T23:59:09.3390478Z ^[[90mstdout^[[2m | test/activation.test.ts^[[2m > ^[[22m^[[2mPG18 scoped production activation^[[2m > ^[[22m^[[2mR1-T real restoration credential delay 0 ms
runtime	Run corepack pnpm check:database	2026-10-06T23:59:09.3392983Z ^[[22m^[[39mR1_T_RESTORE_HTTP_OBSERVATION {"result":{"kind":"ACTIVE","evidenceDigest":"4a4aad960ad41aa83fc44656049530d9f7694bba533f2bc93bdb7769644b581f"},"statusMutations":["DRAFT","ACTIVE"]}
runtime	Run corepack pnpm check:database	2026-10-06T23:59:09.3393719Z
runtime	Run corepack pnpm check:database	2026-10-06T23:59:09.4598423Z ^[[90mstdout^[[2m | test/activation.test.ts^[[2m > ^[[22m^[[2mPG18 scoped production activation^[[2m > ^[[22m^[[2mR1-T real restoration credential delay 999 ms
runtime	Run corepack pnpm check:database	2026-10-06T23:59:09.4600363Z ^[[22m^[[39mR1_T_RESTORE_HTTP_OBSERVATION {"result":{"kind":"ACTIVE","evidenceDigest":"081aab812120a43d2b623f094754dd3a8ac20f4c443502bb53e8dca99beff1ff"},"statusMutations":["DRAFT","ACTIVE"]}
runtime	Run corepack pnpm check:database	2026-10-06T23:59:09.4601686Z
runtime	Run corepack pnpm check:database	2026-10-06T23:59:09.5788615Z ^[[90mstdout^[[2m | test/activation.test.ts^[[2m > ^[[22m^[[2mPG18 scoped production activation^[[2m > ^[[22m^[[2mR1-T real restoration credential delay 1000 ms
runtime	Run corepack pnpm check:database	2026-10-06T23:59:09.5791457Z ^[[22m^[[39mR1_T_RESTORE_HTTP_OBSERVATION {"result":{"kind":"ACTIVE","evidenceDigest":"d6b2aa7a838abca39e2ba98ac9ae39dbb72d9694172c16cfff01129b5d9912bb"},"statusMutations":["DRAFT","ACTIVE"]}
runtime	Run corepack pnpm check:database	2026-10-06T23:59:09.5792580Z
runtime	Run corepack pnpm check:database	2026-10-06T23:59:09.7089465Z ^[[90mstdout^[[2m | test/activation.test.ts^[[2m > ^[[22m^[[2mPG18 scoped production activation^[[2m > ^[[22m^[[2mR1-T real restoration credential delay 1001 ms
runtime	Run corepack pnpm check:database	2026-10-06T23:59:09.7092701Z ^[[22m^[[39mR1_T_RESTORE_HTTP_OBSERVATION {"result":{"kind":"ACTIVATED_RESTORATION_PENDING","evidenceDigest":"7d372b4c41e2de35cbdadab21bbfb5203f9c78763293be65f1c65e96db1ed735"},"statusMutations":["DRAFT"]}
runtime	Run corepack pnpm check:database	2026-10-06T23:59:09.7094378Z
runtime	Run corepack pnpm check:database	2026-10-06T23:59:09.8264998Z ^[[90mstdout^[[2m | test/activation.test.ts^[[2m > ^[[22m^[[2mPG18 scoped production activation^[[2m > ^[[22m^[[2mR1-T real restoration credential delay 2000 ms
runtime	Run corepack pnpm check:database	2026-10-06T23:59:09.8268534Z ^[[22m^[[39mR1_T_RESTORE_HTTP_OBSERVATION {"result":{"kind":"ACTIVATED_RESTORATION_PENDING","evidenceDigest":"092a35e4651f657ef6792428cca691d0993c3cf18ceaced882155ccef5c6f2e3"},"statusMutations":["DRAFT"]}
runtime	Run corepack pnpm check:database	2026-10-06T23:59:09.8269949Z
runtime	Run corepack pnpm check:database	2026-10-06T23:59:09.9476059Z ^[[90mstdout^[[2m | test/activation.test.ts^[[2m > ^[[22m^[[2mPG18 scoped production activation^[[2m > ^[[22m^[[2mR1-T real restoration credential delay -1 ms
runtime	Run corepack pnpm check:database	2026-10-06T23:59:09.9477846Z ^[[22m^[[39mR1_T_RESTORE_HTTP_OBSERVATION {"result":{"kind":"ACTIVATED_RESTORATION_PENDING","evidenceDigest":"267fd718df0be1308f320082980d87abc8ac585b3e7cf11946997cad5b8e6c32"},"statusMutations":["DRAFT"]}
runtime	Run corepack pnpm check:database	2026-10-06T23:59:09.9478648Z
runtime	Run corepack pnpm check:database	2026-10-06T23:59:16.5219945Z  ^[[32m✓^[[39m test/activation.test.ts ^[[2m(^[[22m^[[2m106 tests^[[22m^[[2m)^[[22m^[[33m 11060^[[2mms^[[22m^[[39m
runtime	Run corepack pnpm check:database	2026-10-06T23:59:16.5221111Z    ^[[32m✓^[[39m PG18 scoped production activation ^[[2m(106)^[[22m
runtime	Run corepack pnpm check:database	2026-10-06T23:59:16.5222684Z      ^[[33m^[[2m✓^[[22m^[[39m v2 hold/evidence/restoration audit JSONB roundtrips, remains immutable, and rejects v1 decision semantics^[[33m 326^[[2mms^[[22m^[[39m
runtime	Run corepack pnpm check:database	2026-10-06T23:59:16.5261159Z
runtime	Run corepack pnpm check:database	2026-10-06T23:59:16.5266882Z ^[[2m Test Files ^[[22m ^[[1m^[[32m10 passed^[[39m^[[22m^[[90m (10)^[[39m
runtime	Run corepack pnpm check:database	2026-10-06T23:59:16.5268092Z ^[[2m      Tests ^[[22m ^[[1m^[[32m161 passed^[[39m^[[22m^[[90m (161)^[[39m
runtime	Run corepack pnpm check:database	2026-10-06T23:59:16.5269347Z ^[[2m   Start at ^[[22m 23:59:04
runtime	Run corepack pnpm check:database	2026-10-06T23:59:16.5272357Z ^[[2m   Duration ^[[22m 12.09s^[[2m (tests 74%, import 19%, transform 7%)^[[22m
runtime	Run corepack pnpm check:database	2026-10-06T23:59:16.5290416Z
runtime	Run corepack pnpm --filter @insignia/shopify test	﻿2026-10-06T23:59:16.5901613Z ##[group]Run corepack pnpm --filter @insignia/shopify test
runtime	Run corepack pnpm --filter @insignia/shopify test	2026-10-06T23:59:16.5902086Z ^[[36;1mcorepack pnpm --filter @insignia/shopify test^[[0m
runtime	Run corepack pnpm --filter @insignia/shopify test	2026-10-06T23:59:16.5964598Z shell: /usr/bin/bash -e {0}
runtime	Run corepack pnpm --filter @insignia/shopify test	2026-10-06T23:59:16.5965152Z env:
runtime	Run corepack pnpm --filter @insignia/shopify test	2026-10-06T23:59:16.5965698Z   DATABASE_URL: ***localhost:5432/insignia_test?sslmode=disable
runtime	Run corepack pnpm --filter @insignia/shopify test	2026-10-06T23:59:16.5966077Z   INSIGNIA_REQUIRE_POSTGRES_TEST: 1
runtime	Run corepack pnpm --filter @insignia/shopify test	2026-10-06T23:59:16.5966333Z ##[endgroup]
runtime	Run corepack pnpm --filter @insignia/shopify test	2026-10-06T23:59:16.6807644Z $ vitest run
runtime	Run corepack pnpm --filter @insignia/shopify test	2026-10-06T23:59:16.9767722Z
runtime	Run corepack pnpm --filter @insignia/shopify test	2026-10-06T23:59:16.9796798Z ^[[1m^[[30m^[[46m RUN ^[[49m^[[39m^[[22m ^[[36mv5.0.2 ^[[39m^[[90m/home/runner/work/insignia/insignia/packages/shopify^[[39m
runtime	Run corepack pnpm --filter @insignia/shopify test	2026-10-06T23:59:16.9797719Z
runtime	Run corepack pnpm --filter @insignia/shopify test	2026-10-06T23:59:17.3795935Z  ^[[32m✓^[[39m test/contextual-pricing.test.ts ^[[2m(^[[22m^[[2m26 tests^[[22m^[[2m)^[[22m^[[32m 85^[[2mms^[[22m^[[39m
runtime	Run corepack pnpm --filter @insignia/shopify test	2026-10-06T23:59:17.7289780Z  ^[[32m✓^[[39m test/publication-admin.test.ts ^[[2m(^[[22m^[[2m12 tests^[[22m^[[2m)^[[22m^[[32m 163^[[2mms^[[22m^[[39m
runtime	Run corepack pnpm --filter @insignia/shopify test	2026-10-06T23:59:17.8565078Z  ^[[32m✓^[[39m test/availability-hold-v2.test.ts ^[[2m(^[[22m^[[2m41 tests^[[22m^[[2m)^[[22m^[[33m 334^[[2mms^[[22m^[[39m
runtime	Run corepack pnpm --filter @insignia/shopify test	2026-10-06T23:59:17.9477127Z  ^[[32m✓^[[39m test/active-subscription.test.ts ^[[2m(^[[22m^[[2m21 tests^[[22m^[[2m)^[[22m^[[32m 58^[[2mms^[[22m^[[39m
runtime	Run corepack pnpm --filter @insignia/shopify test	2026-10-06T23:59:18.0143173Z  ^[[32m✓^[[39m test/function-ownership.test.ts ^[[2m(^[[22m^[[2m5 tests^[[22m^[[2m)^[[22m^[[32m 9^[[2mms^[[22m^[[39m
runtime	Run corepack pnpm --filter @insignia/shopify test	2026-10-06T23:59:18.1682658Z  ^[[32m✓^[[39m test/catalog.test.ts ^[[2m(^[[22m^[[2m5 tests^[[22m^[[2m)^[[22m^[[32m 10^[[2mms^[[22m^[[39m
runtime	Run corepack pnpm --filter @insignia/shopify test	2026-10-06T23:59:18.2210854Z ^[[90mstdout^[[2m | test/admin-online-identity.test.ts^[[2m > ^[[22m^[[2mproduction Shopify online staff adapter with synthetic transport^[[2m > ^[[22m^[[2muses the actual pinned SDK token exchange with a synthetic HTTP response
runtime	Run corepack pnpm --filter @insignia/shopify test	2026-10-06T23:59:18.2213147Z ^[[22m^[[39m[shopify-api/INFO] version 15.0.0, environment Node v24.21.0
runtime	Run corepack pnpm --filter @insignia/shopify test	2026-10-06T23:59:18.2214380Z [shopify-api/INFO] Future flag customerAddressDefaultFix is disabled.
runtime	Run corepack pnpm --filter @insignia/shopify test	2026-10-06T23:59:18.2215413Z
runtime	Run corepack pnpm --filter @insignia/shopify test	2026-10-06T23:59:18.2216462Z   Enable this flag to change the CustomerAddress classes to expose a 'is_default' property instead of 'default' when fetching data.
runtime	Run corepack pnpm --filter @insignia/shopify test	2026-10-06T23:59:18.2217548Z
runtime	Run corepack pnpm --filter @insignia/shopify test	2026-10-06T23:59:18.2218762Z [shopify-api/INFO] Future flag unstable_managedPricingSupport is disabled.
runtime	Run corepack pnpm --filter @insignia/shopify test	2026-10-06T23:59:18.2219558Z
runtime	Run corepack pnpm --filter @insignia/shopify test	2026-10-06T23:59:18.2221030Z   Enable this flag to support managed pricing, so apps can check for payments without needing a billing config. Learn more at https://shopify.dev/docs/apps/launch/billing/managed-pricing
runtime	Run corepack pnpm --filter @insignia/shopify test	2026-10-06T23:59:18.2222503Z
runtime	Run corepack pnpm --filter @insignia/shopify test	2026-10-06T23:59:18.2222716Z
runtime	Run corepack pnpm --filter @insignia/shopify test	2026-10-06T23:59:18.2258327Z ^[[90mstdout^[[2m | test/admin-online-identity.test.ts^[[2m > ^[[22m^[[2mproduction Shopify online staff adapter with synthetic transport^[[2m > ^[[22m^[[2muses the actual pinned SDK token exchange with a synthetic HTTP response
runtime	Run corepack pnpm --filter @insignia/shopify test	2026-10-06T23:59:18.2260904Z ^[[22m^[[39m[shopify-api/INFO] Creating new session | {shop: alpha.myshopify.com, isOnline: true}
runtime	Run corepack pnpm --filter @insignia/shopify test	2026-10-06T23:59:18.2261706Z
runtime	Run corepack pnpm --filter @insignia/shopify test	2026-10-06T23:59:18.2282076Z ^[[90mstdout^[[2m | test/admin-online-identity.test.ts^[[2m > ^[[22m^[[2mproduction Shopify online staff adapter with synthetic transport^[[2m > ^[[22m^[[2mchecks the signed ID token, online staff and exact installation read
runtime	Run corepack pnpm --filter @insignia/shopify test	2026-10-06T23:59:18.2305829Z ^[[22m^[[39m[shopify-api/INFO] version 15.0.0, environment Node v24.21.0
runtime	Run corepack pnpm --filter @insignia/shopify test	2026-10-06T23:59:18.2341895Z [shopify-api/INFO] Future flag customerAddressDefaultFix is disabled.
runtime	Run corepack pnpm --filter @insignia/shopify test	2026-10-06T23:59:18.2396066Z
runtime	Run corepack pnpm --filter @insignia/shopify test	2026-10-06T23:59:18.2397584Z   Enable this flag to change the CustomerAddress classes to expose a 'is_default' property instead of 'default' when fetching data.
runtime	Run corepack pnpm --filter @insignia/shopify test	2026-10-06T23:59:18.2398516Z
runtime	Run corepack pnpm --filter @insignia/shopify test	2026-10-06T23:59:18.2399093Z [shopify-api/INFO] Future flag unstable_managedPricingSupport is disabled.
runtime	Run corepack pnpm --filter @insignia/shopify test	2026-10-06T23:59:18.2399691Z
runtime	Run corepack pnpm --filter @insignia/shopify test	2026-10-06T23:59:18.2401001Z   Enable this flag to support managed pricing, so apps can check for payments without needing a billing config. Learn more at https://shopify.dev/docs/apps/launch/billing/managed-pricing
runtime	Run corepack pnpm --filter @insignia/shopify test	2026-10-06T23:59:18.2402241Z
runtime	Run corepack pnpm --filter @insignia/shopify test	2026-10-06T23:59:18.2402258Z
runtime	Run corepack pnpm --filter @insignia/shopify test	2026-10-06T23:59:18.2404473Z ^[[90mstdout^[[2m | test/admin-online-identity.test.ts^[[2m > ^[[22m^[[2mproduction Shopify online staff adapter with synthetic transport^[[2m > ^[[22m^[[2mrejects expired identity and grant, malformed installation and large bodies
runtime	Run corepack pnpm --filter @insignia/shopify test	2026-10-06T23:59:18.2434600Z ^[[22m^[[39m[shopify-api/INFO] version 15.0.0, environment Node v24.21.0
runtime	Run corepack pnpm --filter @insignia/shopify test	2026-10-06T23:59:18.2463387Z [shopify-api/INFO] Future flag customerAddressDefaultFix is disabled.
runtime	Run corepack pnpm --filter @insignia/shopify test	2026-10-06T23:59:18.2471091Z
runtime	Run corepack pnpm --filter @insignia/shopify test	2026-10-06T23:59:18.2472093Z   Enable this flag to change the CustomerAddress classes to expose a 'is_default' property instead of 'default' when fetching data.
runtime	Run corepack pnpm --filter @insignia/shopify test	2026-10-06T23:59:18.2473110Z
runtime	Run corepack pnpm --filter @insignia/shopify test	2026-10-06T23:59:18.2484819Z [shopify-api/INFO] Future flag unstable_managedPricingSupport is disabled.
runtime	Run corepack pnpm --filter @insignia/shopify test	2026-10-06T23:59:18.2485651Z
runtime	Run corepack pnpm --filter @insignia/shopify test	2026-10-06T23:59:18.2487118Z   Enable this flag to support managed pricing, so apps can check for payments without needing a billing config. Learn more at https://shopify.dev/docs/apps/launch/billing/managed-pricing
runtime	Run corepack pnpm --filter @insignia/shopify test	2026-10-06T23:59:18.2488635Z
runtime	Run corepack pnpm --filter @insignia/shopify test	2026-10-06T23:59:18.2488863Z
runtime	Run corepack pnpm --filter @insignia/shopify test	2026-10-06T23:59:18.2491154Z ^[[90mstdout^[[2m | test/admin-online-identity.test.ts^[[2m > ^[[22m^[[2mproduction Shopify online staff adapter with synthetic transport^[[2m > ^[[22m^[[2mrejects expired identity and grant, malformed installation and large bodies
runtime	Run corepack pnpm --filter @insignia/shopify test	2026-10-06T23:59:18.2493428Z ^[[22m^[[39m[shopify-api/INFO] version 15.0.0, environment Node v24.21.0
runtime	Run corepack pnpm --filter @insignia/shopify test	2026-10-06T23:59:18.2494946Z [shopify-api/INFO] Future flag customerAddressDefaultFix is disabled.
runtime	Run corepack pnpm --filter @insignia/shopify test	2026-10-06T23:59:18.2495782Z
runtime	Run corepack pnpm --filter @insignia/shopify test	2026-10-06T23:59:18.2496853Z   Enable this flag to change the CustomerAddress classes to expose a 'is_default' property instead of 'default' when fetching data.
runtime	Run corepack pnpm --filter @insignia/shopify test	2026-10-06T23:59:18.2498028Z
runtime	Run corepack pnpm --filter @insignia/shopify test	2026-10-06T23:59:18.2498800Z [shopify-api/INFO] Future flag unstable_managedPricingSupport is disabled.
runtime	Run corepack pnpm --filter @insignia/shopify test	2026-10-06T23:59:18.2499631Z
runtime	Run corepack pnpm --filter @insignia/shopify test	2026-10-06T23:59:18.2501102Z   Enable this flag to support managed pricing, so apps can check for payments without needing a billing config. Learn more at https://shopify.dev/docs/apps/launch/billing/managed-pricing
runtime	Run corepack pnpm --filter @insignia/shopify test	2026-10-06T23:59:18.2502657Z
runtime	Run corepack pnpm --filter @insignia/shopify test	2026-10-06T23:59:18.2502869Z
runtime	Run corepack pnpm --filter @insignia/shopify test	2026-10-06T23:59:18.2504003Z  ^[[32m✓^[[39m test/admin-online-identity.test.ts ^[[2m(^[[22m^[[2m3 tests^[[22m^[[2m)^[[22m^[[32m 31^[[2mms^[[22m^[[39m
runtime	Run corepack pnpm --filter @insignia/shopify test	2026-10-06T23:59:18.3627975Z  ^[[32m✓^[[39m test/availability-hold.test.ts ^[[2m(^[[22m^[[2m129 tests^[[22m^[[2m)^[[22m^[[33m 1044^[[2mms^[[22m^[[39m
runtime	Run corepack pnpm --filter @insignia/shopify test	2026-10-06T23:59:18.3989830Z  ^[[32m✓^[[39m test/open-exchange-rates.test.ts ^[[2m(^[[22m^[[2m6 tests^[[22m^[[2m)^[[22m^[[32m 66^[[2mms^[[22m^[[39m
runtime	Run corepack pnpm --filter @insignia/shopify test	2026-10-06T23:59:18.5096631Z  ^[[32m✓^[[39m test/refresh.test.ts ^[[2m(^[[22m^[[2m11 tests^[[22m^[[2m)^[[22m^[[32m 68^[[2mms^[[22m^[[39m
runtime	Run corepack pnpm --filter @insignia/shopify test	2026-10-06T23:59:18.5657466Z  ^[[32m✓^[[39m test/webhook.test.ts ^[[2m(^[[22m^[[2m5 tests^[[22m^[[2m)^[[22m^[[32m 45^[[2mms^[[22m^[[39m
runtime	Run corepack pnpm --filter @insignia/shopify test	2026-10-06T23:59:18.6311510Z  ^[[32m✓^[[39m test/shop-context.test.ts ^[[2m(^[[22m^[[2m2 tests^[[22m^[[2m)^[[22m^[[32m 61^[[2mms^[[22m^[[39m
runtime	Run corepack pnpm --filter @insignia/shopify test	2026-10-06T23:59:18.6655186Z  ^[[32m✓^[[39m test/live-subscription-shape.test.ts ^[[2m(^[[22m^[[2m1 test^[[22m^[[2m)^[[22m^[[32m 7^[[2mms^[[22m^[[39m
runtime	Run corepack pnpm --filter @insignia/shopify test	2026-10-06T23:59:18.6690887Z
runtime	Run corepack pnpm --filter @insignia/shopify test	2026-10-06T23:59:18.6706198Z ^[[2m Test Files ^[[22m ^[[1m^[[32m13 passed^[[39m^[[22m^[[90m (13)^[[39m
runtime	Run corepack pnpm --filter @insignia/shopify test	2026-10-06T23:59:18.6713922Z ^[[2m      Tests ^[[22m ^[[1m^[[32m267 passed^[[39m^[[22m^[[90m (267)^[[39m
runtime	Run corepack pnpm --filter @insignia/shopify test	2026-10-06T23:59:18.6715152Z ^[[2m   Start at ^[[22m 23:59:16
runtime	Run corepack pnpm --filter @insignia/shopify test	2026-10-06T23:59:18.6716114Z ^[[2m   Duration ^[[22m 1.68s^[[2m (tests 62%, transform 20%, import 15%, worker 2%)^[[22m
runtime	Run corepack pnpm --filter @insignia/shopify test	2026-10-06T23:59:18.6730677Z
runtime	Run corepack pnpm --filter @insignia/shopify test	2026-10-06T23:59:18.6731925Z ^[[2m    Isolate ^[[22m ^[[33m13 workers spawned^[[39m^[[2m · ~120ms startup each (spawn + environment, per file)^[[22m
runtime	Run corepack pnpm --filter @insignia/shopify test	2026-10-06T23:59:18.6734026Z ^[[2m            ^[[22m ^[[2mat least ~400ms faster with ^[[22m^[[33misolate: false^[[39m^[[2m — reuses workers across files instead of one per file^[[22m
runtime	Run corepack pnpm --filter @insignia/shopify test	2026-10-06T23:59:18.6735187Z
runtime	Run corepack pnpm --filter @insignia/application test	﻿2026-10-06T23:59:18.7217813Z ##[group]Run corepack pnpm --filter @insignia/application test
runtime	Run corepack pnpm --filter @insignia/application test	2026-10-06T23:59:18.7218316Z ^[[36;1mcorepack pnpm --filter @insignia/application test^[[0m
runtime	Run corepack pnpm --filter @insignia/application test	2026-10-06T23:59:18.7281846Z shell: /usr/bin/bash -e {0}
runtime	Run corepack pnpm --filter @insignia/application test	2026-10-06T23:59:18.7282106Z env:
runtime	Run corepack pnpm --filter @insignia/application test	2026-10-06T23:59:18.7282653Z   DATABASE_URL: ***localhost:5432/insignia_test?sslmode=disable
runtime	Run corepack pnpm --filter @insignia/application test	2026-10-06T23:59:18.7283027Z   INSIGNIA_REQUIRE_POSTGRES_TEST: 1
runtime	Run corepack pnpm --filter @insignia/application test	2026-10-06T23:59:18.7283313Z ##[endgroup]
runtime	Run corepack pnpm --filter @insignia/application test	2026-10-06T23:59:18.8099575Z $ vitest run
runtime	Run corepack pnpm --filter @insignia/application test	2026-10-06T23:59:19.0855787Z
runtime	Run corepack pnpm --filter @insignia/application test	2026-10-06T23:59:19.0857893Z ^[[1m^[[30m^[[46m RUN ^[[49m^[[39m^[[22m ^[[36mv5.0.2 ^[[39m^[[90m/home/runner/work/insignia/insignia/packages/application^[[39m
runtime	Run corepack pnpm --filter @insignia/application test	2026-10-06T23:59:19.0858942Z
runtime	Run corepack pnpm --filter @insignia/application test	2026-10-06T23:59:19.5432121Z  ^[[32m✓^[[39m src/quote/accept-quote.test.ts ^[[2m(^[[22m^[[2m21 tests^[[22m^[[2m)^[[22m^[[32m 82^[[2mms^[[22m^[[39m
runtime	Run corepack pnpm --filter @insignia/application test	2026-10-06T23:59:19.6715651Z  ^[[32m✓^[[39m src/publication/activation.test.ts ^[[2m(^[[22m^[[2m47 tests^[[22m^[[2m)^[[22m^[[32m 196^[[2mms^[[22m^[[39m
runtime	Run corepack pnpm --filter @insignia/application test	2026-10-06T23:59:19.7576782Z  ^[[32m✓^[[39m test/provider-policy.test.ts ^[[2m(^[[22m^[[2m8 tests^[[22m^[[2m)^[[22m^[[32m 17^[[2mms^[[22m^[[39m
runtime	Run corepack pnpm --filter @insignia/application test	2026-10-06T23:59:19.8795979Z  ^[[32m✓^[[39m test/offline-credentials.test.ts ^[[2m(^[[22m^[[2m5 tests^[[22m^[[2m)^[[22m^[[32m 15^[[2mms^[[22m^[[39m
runtime	Run corepack pnpm --filter @insignia/application test	2026-10-06T23:59:20.0486621Z  ^[[32m✓^[[39m test/artifact-attestation.test.ts ^[[2m(^[[22m^[[2m58 tests^[[22m^[[2m)^[[22m^[[32m 63^[[2mms^[[22m^[[39m
runtime	Run corepack pnpm --filter @insignia/application test	2026-10-06T23:59:20.1580144Z  ^[[32m✓^[[39m src/publication/availability-v2-recovery.test.ts ^[[2m(^[[22m^[[2m3 tests^[[22m^[[2m)^[[22m^[[32m 14^[[2mms^[[22m^[[39m
runtime	Run corepack pnpm --filter @insignia/application test	2026-10-06T23:59:20.2915475Z  ^[[32m✓^[[39m test/keys/key-lifecycle.test.ts ^[[2m(^[[22m^[[2m4 tests^[[22m^[[2m)^[[22m^[[32m 15^[[2mms^[[22m^[[39m
runtime	Run corepack pnpm --filter @insignia/application test	2026-10-06T23:59:20.3443847Z  ^[[32m✓^[[39m test/shopify-ingress.test.ts ^[[2m(^[[22m^[[2m3 tests^[[22m^[[2m)^[[22m^[[32m 9^[[2mms^[[22m^[[39m
runtime	Run corepack pnpm --filter @insignia/application test	2026-10-06T23:59:20.3454093Z  ^[[32m✓^[[39m test/provider-composition.test.ts ^[[2m(^[[22m^[[2m2 tests^[[22m^[[2m)^[[22m^[[32m 14^[[2mms^[[22m^[[39m
runtime	Run corepack pnpm --filter @insignia/application test	2026-10-06T23:59:20.5184212Z  ^[[32m✓^[[39m test/admin-credential-bridge.test.ts ^[[2m(^[[22m^[[2m2 tests^[[22m^[[2m)^[[22m^[[32m 7^[[2mms^[[22m^[[39m
runtime	Run corepack pnpm --filter @insignia/application test	2026-10-06T23:59:20.5237913Z  ^[[32m✓^[[39m src/keys/trusted-release.test.ts ^[[2m(^[[22m^[[2m3 tests^[[22m^[[2m)^[[22m^[[32m 14^[[2mms^[[22m^[[39m
runtime	Run corepack pnpm --filter @insignia/application test	2026-10-06T23:59:20.5249023Z  ^[[32m✓^[[39m src/publication/availability-recovery.test.ts ^[[2m(^[[22m^[[2m17 tests^[[22m^[[2m)^[[22m^[[32m 14^[[2mms^[[22m^[[39m
runtime	Run corepack pnpm --filter @insignia/application test	2026-10-06T23:59:20.6692458Z  ^[[32m✓^[[39m src/publication/projection.test.ts ^[[2m(^[[22m^[[2m2 tests^[[22m^[[2m)^[[22m^[[32m 6^[[2mms^[[22m^[[39m
runtime	Run corepack pnpm --filter @insignia/application test	2026-10-06T23:59:20.6947680Z  ^[[32m✓^[[39m test/customization-fx.test.ts ^[[2m(^[[22m^[[2m3 tests^[[22m^[[2m)^[[22m^[[32m 6^[[2mms^[[22m^[[39m
runtime	Run corepack pnpm --filter @insignia/application test	2026-10-06T23:59:20.6952512Z  ^[[32m✓^[[39m test/catalog-context.test.ts ^[[2m(^[[22m^[[2m2 tests^[[22m^[[2m)^[[22m^[[32m 6^[[2mms^[[22m^[[39m
runtime	Run corepack pnpm --filter @insignia/application test	2026-10-06T23:59:20.7020994Z
runtime	Run corepack pnpm --filter @insignia/application test	2026-10-06T23:59:20.7025712Z ^[[2m Test Files ^[[22m ^[[1m^[[32m15 passed^[[39m^[[22m^[[90m (15)^[[39m
runtime	Run corepack pnpm --filter @insignia/application test	2026-10-06T23:59:20.7026342Z ^[[2m      Tests ^[[22m ^[[1m^[[32m180 passed^[[39m^[[22m^[[90m (180)^[[39m
runtime	Run corepack pnpm --filter @insignia/application test	2026-10-06T23:59:20.7026786Z ^[[2m   Start at ^[[22m 23:59:19
runtime	Run corepack pnpm --filter @insignia/application test	2026-10-06T23:59:20.7031592Z ^[[2m   Duration ^[[22m 1.61s^[[2m (transform 41%, import 37%, tests 18%, worker 3%)^[[22m
runtime	Run corepack pnpm --filter @insignia/application test	2026-10-06T23:59:20.7046533Z
runtime	Run corepack pnpm --filter @insignia/application test	2026-10-06T23:59:20.7047413Z ^[[2m    Isolate ^[[22m ^[[33m15 workers spawned^[[39m^[[2m · ~129ms startup each (spawn + environment, per file)^[[22m
runtime	Run corepack pnpm --filter @insignia/application test	2026-10-06T23:59:20.7048535Z ^[[2m            ^[[22m ^[[2mat least ~516ms faster with ^[[22m^[[33misolate: false^[[39m^[[2m — reuses workers across files instead of one per file^[[22m
runtime	Run corepack pnpm --filter @insignia/application test	2026-10-06T23:59:20.7049043Z
runtime	Run corepack pnpm --filter @insignia/observability test	﻿2026-10-06T23:59:20.7564590Z ##[group]Run corepack pnpm --filter @insignia/observability test
runtime	Run corepack pnpm --filter @insignia/observability test	2026-10-06T23:59:20.7565482Z ^[[36;1mcorepack pnpm --filter @insignia/observability test^[[0m
runtime	Run corepack pnpm --filter @insignia/observability test	2026-10-06T23:59:20.7627793Z shell: /usr/bin/bash -e {0}
runtime	Run corepack pnpm --filter @insignia/observability test	2026-10-06T23:59:20.7628056Z env:
runtime	Run corepack pnpm --filter @insignia/observability test	2026-10-06T23:59:20.7628598Z   DATABASE_URL: ***localhost:5432/insignia_test?sslmode=disable
runtime	Run corepack pnpm --filter @insignia/observability test	2026-10-06T23:59:20.7628980Z   INSIGNIA_REQUIRE_POSTGRES_TEST: 1
runtime	Run corepack pnpm --filter @insignia/observability test	2026-10-06T23:59:20.7629249Z ##[endgroup]
runtime	Run corepack pnpm --filter @insignia/observability test	2026-10-06T23:59:20.8457020Z $ node --test test/*.test.mjs
runtime	Run corepack pnpm --filter @insignia/observability test	2026-10-06T23:59:20.9787120Z ✔ structured runtime events cannot emit arbitrary payload or credential fields (4.148669ms)
runtime	Run corepack pnpm --filter @insignia/observability test	2026-10-06T23:59:20.9808868Z ✔ metric labels are fixed outcomes and never contain tenant or delivery IDs (2.343779ms)
runtime	Run corepack pnpm --filter @insignia/observability test	2026-10-06T23:59:20.9914035Z ℹ tests 2
runtime	Run corepack pnpm --filter @insignia/observability test	2026-10-06T23:59:20.9914435Z ℹ suites 0
runtime	Run corepack pnpm --filter @insignia/observability test	2026-10-06T23:59:20.9915190Z ℹ pass 2
runtime	Run corepack pnpm --filter @insignia/observability test	2026-10-06T23:59:20.9915673Z ℹ fail 0
runtime	Run corepack pnpm --filter @insignia/observability test	2026-10-06T23:59:20.9916107Z ℹ cancelled 0
runtime	Run corepack pnpm --filter @insignia/observability test	2026-10-06T23:59:20.9916503Z ℹ skipped 0
runtime	Run corepack pnpm --filter @insignia/observability test	2026-10-06T23:59:20.9916860Z ℹ todo 0
runtime	Run corepack pnpm --filter @insignia/observability test	2026-10-06T23:59:20.9918395Z ℹ duration_ms 114.821734
runtime	Run corepack pnpm --filter @insignia/worker test	﻿2026-10-06T23:59:21.0090732Z ##[group]Run corepack pnpm --filter @insignia/worker test
runtime	Run corepack pnpm --filter @insignia/worker test	2026-10-06T23:59:21.0091527Z ^[[36;1mcorepack pnpm --filter @insignia/worker test^[[0m
runtime	Run corepack pnpm --filter @insignia/worker test	2026-10-06T23:59:21.0183017Z shell: /usr/bin/bash -e {0}
runtime	Run corepack pnpm --filter @insignia/worker test	2026-10-06T23:59:21.0183457Z env:
runtime	Run corepack pnpm --filter @insignia/worker test	2026-10-06T23:59:21.0184346Z   DATABASE_URL: ***localhost:5432/insignia_test?sslmode=disable
runtime	Run corepack pnpm --filter @insignia/worker test	2026-10-06T23:59:21.0185340Z   INSIGNIA_REQUIRE_POSTGRES_TEST: 1
runtime	Run corepack pnpm --filter @insignia/worker test	2026-10-06T23:59:21.0185812Z ##[endgroup]
runtime	Run corepack pnpm --filter @insignia/worker test	2026-10-06T23:59:21.1030164Z $ node --test test/*.test.mjs
runtime	Run corepack pnpm --filter @insignia/worker test	2026-10-06T23:59:21.1957390Z ✔ current and previous synthetic wrapping keys remain available by ID (2.100213ms)
runtime	Run corepack pnpm --filter @insignia/worker test	2026-10-06T23:59:21.7246935Z ✔ PostgreSQL claim retries the old refresh token after a lost response and fences stale replacement (136.311867ms)
runtime	Run corepack pnpm --filter @insignia/worker test	2026-10-06T23:59:21.7506915Z ✔ diagnostic decodes and derives synthetic pixels without claiming durable readiness (13.884114ms)
runtime	Run corepack pnpm --filter @insignia/worker test	2026-10-06T23:59:21.7518565Z ✔ liveness stays separate from durable readiness; loopback metrics expose bounded outcomes (77.970907ms)
runtime	Run corepack pnpm --filter @insignia/worker test	2026-10-06T23:59:21.9825022Z {"level":30,"time":1791331161980,"event":"worker_started"}
runtime	Run corepack pnpm --filter @insignia/worker test	2026-10-06T23:59:21.9888041Z {"level":30,"time":1791331161988,"event":"webhook_enqueued","inboxId":"c9302814-00bd-4ba4-b22d-e48831a1ecbb"}
runtime	Run corepack pnpm --filter @insignia/worker test	2026-10-06T23:59:21.9970997Z {"level":50,"time":1791331161996,"event":"webhook_process_failed","inboxId":"c9302814-00bd-4ba4-b22d-e48831a1ecbb","errorClass":"ProcessingError","attempt":0}
runtime	Run corepack pnpm --filter @insignia/worker test	2026-10-06T23:59:25.9934974Z {"level":30,"time":1791331165992,"event":"webhook_process_ok","inboxId":"c9302814-00bd-4ba4-b22d-e48831a1ecbb","attempt":1}
runtime	Run corepack pnpm --filter @insignia/worker test	2026-10-06T23:59:26.0447551Z {"level":30,"time":1791331166044,"event":"worker_stopped"}
runtime	Run corepack pnpm --filter @insignia/worker test	2026-10-06T23:59:26.0720210Z {"level":30,"time":1791331166071,"event":"worker_started"}
runtime	Run corepack pnpm --filter @insignia/worker test	2026-10-06T23:59:26.0898845Z {"level":30,"time":1791331166089,"event":"worker_stopped"}
runtime	Run corepack pnpm --filter @insignia/worker test	2026-10-06T23:59:26.0944581Z ✔ PostgreSQL pg-boss starts, retries, settles and replays after restart (4252.966816ms)
runtime	Run corepack pnpm --filter @insignia/worker test	2026-10-06T23:59:26.1391565Z {"level":30,"time":1791331166138,"event":"worker_started"}
runtime	Run corepack pnpm --filter @insignia/worker test	2026-10-06T23:59:26.1424572Z {"level":30,"time":1791331166142,"event":"webhook_enqueued","inboxId":"170ff614-a7e6-4592-b35a-1c4def817e21"}
runtime	Run corepack pnpm --filter @insignia/worker test	2026-10-06T23:59:26.1563964Z {"level":50,"time":1791331166155,"event":"webhook_process_failed","inboxId":"170ff614-a7e6-4592-b35a-1c4def817e21","errorClass":"ProcessingError","attempt":0}
runtime	Run corepack pnpm --filter @insignia/worker test	2026-10-06T23:59:30.1477180Z {"level":30,"time":1791331170147,"event":"webhook_process_ok","inboxId":"170ff614-a7e6-4592-b35a-1c4def817e21","attempt":1}
runtime	Run corepack pnpm --filter @insignia/worker test	2026-10-06T23:59:30.1957526Z {"level":30,"time":1791331170195,"event":"worker_stopped"}
runtime	Run corepack pnpm --filter @insignia/worker test	2026-10-06T23:59:30.1971057Z ✔ pg-boss retry after committed uninstall retains one deactivation and one inbox fact (4105.018216ms)
runtime	Run corepack pnpm --filter @insignia/worker test	2026-10-06T23:59:30.2129553Z ✔ process starts queues and workers before readiness; stop makes readiness unavailable (44.604585ms)
runtime	Run corepack pnpm --filter @insignia/worker test	2026-10-06T23:59:30.2130997Z ✔ startup failure closes a started queue without reporting readiness (2.035552ms)
runtime	Run corepack pnpm --filter @insignia/worker test	2026-10-06T23:59:30.2131679Z {"level":30,"time":1791331161930,"event":"worker_started"}
runtime	Run corepack pnpm --filter @insignia/worker test	2026-10-06T23:59:30.2132169Z {"level":30,"time":1791331161935,"event":"worker_started"}
runtime	Run corepack pnpm --filter @insignia/worker test	2026-10-06T23:59:30.2132616Z {"level":30,"time":1791331161937,"event":"worker_started"}
runtime	Run corepack pnpm --filter @insignia/worker test	2026-10-06T23:59:30.2133064Z {"level":30,"time":1791331161940,"event":"worker_started"}
runtime	Run corepack pnpm --filter @insignia/worker test	2026-10-06T23:59:30.2133508Z {"level":30,"time":1791331161941,"event":"worker_started"}
runtime	Run corepack pnpm --filter @insignia/worker test	2026-10-06T23:59:30.2133939Z {"level":30,"time":1791331161943,"event":"worker_started"}
runtime	Run corepack pnpm --filter @insignia/worker test	2026-10-06T23:59:30.2146136Z ✔ enqueue confirms exact inbox identity, including completed job replay (9.730517ms)
runtime	Run corepack pnpm --filter @insignia/worker test	2026-10-06T23:59:30.2151444Z ✔ null send without same persisted job is retryable, never an acknowledgement (2.027075ms)
runtime	Run corepack pnpm --filter @insignia/worker test	2026-10-06T23:59:30.2152754Z ✔ workers pass IDs only to injected durable handlers; failed attempt retries safely (3.128183ms)
runtime	Run corepack pnpm --filter @insignia/worker test	2026-10-06T23:59:30.2153681Z ✔ invalid job body and identity fail closed without invoking application (1.023982ms)
runtime	Run corepack pnpm --filter @insignia/worker test	2026-10-06T23:59:30.2155115Z ✔ enabled worker refuses missing credential-key configuration and stays not ready (0.773863ms)
runtime	Run corepack pnpm --filter @insignia/worker test	2026-10-06T23:59:30.2156601Z ✔ refresh claim contention is retried rather than silently completing its job (1.557043ms)
runtime	Run corepack pnpm --filter @insignia/worker test	2026-10-06T23:59:30.2157485Z {"level":30,"time":1791331161931,"event":"webhook_enqueued","inboxId":"e80746f7-991b-445a-9a00-d4b262d0d331"}
runtime	Run corepack pnpm --filter @insignia/worker test	2026-10-06T23:59:30.2158265Z {"level":30,"time":1791331161933,"event":"worker_stopped"}
runtime	Run corepack pnpm --filter @insignia/worker test	2026-10-06T23:59:30.2159308Z {"level":50,"time":1791331161938,"event":"webhook_process_failed","inboxId":"95d23a9e-560b-4514-ab1e-64ec8ad19052","errorClass":"ProcessingError","attempt":0}
runtime	Run corepack pnpm --filter @insignia/worker test	2026-10-06T23:59:30.2160490Z {"level":30,"time":1791331161938,"event":"webhook_process_ok","inboxId":"95d23a9e-560b-4514-ab1e-64ec8ad19052","attempt":1}
runtime	Run corepack pnpm --filter @insignia/worker test	2026-10-06T23:59:30.2161523Z {"level":30,"time":1791331161939,"event":"refresh_process_ok","shopId":"d8a949c7-4237-4c5f-842f-267c861d2a3d","attempt":0}
runtime	Run corepack pnpm --filter @insignia/worker test	2026-10-06T23:59:30.2162322Z {"level":30,"time":1791331161940,"event":"worker_stopped"}
runtime	Run corepack pnpm --filter @insignia/worker test	2026-10-06T23:59:30.2163449Z {"level":50,"time":1791331161941,"event":"webhook_process_failed","inboxId":"68fbdf72-f814-4a4c-93fd-9ecf332bea3f","errorClass":"ProcessingError","attempt":0}
runtime	Run corepack pnpm --filter @insignia/worker test	2026-10-06T23:59:30.2164480Z {"level":30,"time":1791331161942,"event":"worker_stopped"}
runtime	Run corepack pnpm --filter @insignia/worker test	2026-10-06T23:59:30.2165678Z {"level":50,"time":1791331161943,"event":"refresh_process_failed","errorClass":"RefreshError","attempt":0}
runtime	Run corepack pnpm --filter @insignia/worker test	2026-10-06T23:59:30.2166527Z {"level":30,"time":1791331161944,"event":"worker_stopped"}
runtime	Run corepack pnpm --filter @insignia/worker test	2026-10-06T23:59:30.2167471Z ✔ configured worker serves liveness and durable readiness, then closes on SIGTERM (800.964023ms)
runtime	Run corepack pnpm --filter @insignia/worker test	2026-10-06T23:59:30.2168173Z ℹ tests 15
runtime	Run corepack pnpm --filter @insignia/worker test	2026-10-06T23:59:30.2168606Z ℹ suites 0
runtime	Run corepack pnpm --filter @insignia/worker test	2026-10-06T23:59:30.2168966Z ℹ pass 15
runtime	Run corepack pnpm --filter @insignia/worker test	2026-10-06T23:59:30.2169306Z ℹ fail 0
runtime	Run corepack pnpm --filter @insignia/worker test	2026-10-06T23:59:30.2169631Z ℹ cancelled 0
runtime	Run corepack pnpm --filter @insignia/worker test	2026-10-06T23:59:30.2170074Z ℹ skipped 0
runtime	Run corepack pnpm --filter @insignia/worker test	2026-10-06T23:59:30.2170432Z ℹ todo 0
runtime	Run corepack pnpm --filter @insignia/worker test	2026-10-06T23:59:30.2171077Z ℹ duration_ms 9078.002638
runtime	Built HTTP ingress with PostgreSQL and queue handoff	﻿2026-10-06T23:59:30.2323722Z ##[group]Run node --test test/shopify-webhook.test.mjs
runtime	Built HTTP ingress with PostgreSQL and queue handoff	2026-10-06T23:59:30.2324302Z ^[[36;1mnode --test test/shopify-webhook.test.mjs^[[0m
runtime	Built HTTP ingress with PostgreSQL and queue handoff	2026-10-06T23:59:30.2386246Z shell: /usr/bin/bash -e {0}
runtime	Built HTTP ingress with PostgreSQL and queue handoff	2026-10-06T23:59:30.2386693Z env:
runtime	Built HTTP ingress with PostgreSQL and queue handoff	2026-10-06T23:59:30.2387357Z   DATABASE_URL: ***localhost:5432/insignia_test?sslmode=disable
runtime	Built HTTP ingress with PostgreSQL and queue handoff	2026-10-06T23:59:30.2387885Z   INSIGNIA_REQUIRE_POSTGRES_TEST: 1
runtime	Built HTTP ingress with PostgreSQL and queue handoff	2026-10-06T23:59:30.2388276Z ##[endgroup]
runtime	Built HTTP ingress with PostgreSQL and queue handoff	2026-10-06T23:59:33.6640657Z ✔ built HTTP ingress authenticates raw bytes and durably deduplicates through PostgreSQL and queue (3106.842515ms)
runtime	Built HTTP ingress with PostgreSQL and queue handoff	2026-10-06T23:59:38.6642210Z ℹ tests 1
runtime	Built HTTP ingress with PostgreSQL and queue handoff	2026-10-06T23:59:38.6642759Z ℹ suites 0
runtime	Built HTTP ingress with PostgreSQL and queue handoff	2026-10-06T23:59:38.6643432Z ℹ pass 1
runtime	Built HTTP ingress with PostgreSQL and queue handoff	2026-10-06T23:59:38.6644008Z ℹ fail 0
runtime	Built HTTP ingress with PostgreSQL and queue handoff	2026-10-06T23:59:38.6644481Z ℹ cancelled 0
runtime	Built HTTP ingress with PostgreSQL and queue handoff	2026-10-06T23:59:38.6645708Z ℹ skipped 0
runtime	Built HTTP ingress with PostgreSQL and queue handoff	2026-10-06T23:59:38.6646037Z ℹ todo 0
runtime	Built HTTP ingress with PostgreSQL and queue handoff	2026-10-06T23:59:38.6646566Z ℹ duration_ms 8387.312077
runtime	M5 Admin editor and publication with PostgreSQL	﻿2026-10-06T23:59:38.6758304Z ##[group]Run node --test test/admin/merchant-config.test.mjs test/admin/merchant-publication.test.mjs test/admin/production-composition.test.mjs test/admin/preview-composition.test.mjs test/admin/activation-integration.test.mjs test/admin/activation-state.test.mjs test/admin/release-evidence.test.mjs
runtime	M5 Admin editor and publication with PostgreSQL	2026-10-06T23:59:38.6762424Z ^[[36;1mnode --test test/admin/merchant-config.test.mjs test/admin/merchant-publication.test.mjs test/admin/production-composition.test.mjs test/admin/preview-composition.test.mjs test/admin/activation-integration.test.mjs test/admin/activation-state.test.mjs test/admin/release-evidence.test.mjs^[[0m
runtime	M5 Admin editor and publication with PostgreSQL	2026-10-06T23:59:38.6839947Z shell: /usr/bin/bash -e {0}
runtime	M5 Admin editor and publication with PostgreSQL	2026-10-06T23:59:38.6840211Z env:
runtime	M5 Admin editor and publication with PostgreSQL	2026-10-06T23:59:38.6840756Z   DATABASE_URL: ***localhost:5432/insignia_test?sslmode=disable
runtime	M5 Admin editor and publication with PostgreSQL	2026-10-06T23:59:38.6841134Z   INSIGNIA_REQUIRE_POSTGRES_TEST: 1
runtime	M5 Admin editor and publication with PostgreSQL	2026-10-06T23:59:38.6841399Z ##[endgroup]
runtime	M5 Admin editor and publication with PostgreSQL	2026-10-06T23:59:39.9268886Z ✔ real PG activation composes trusted release, synthetic Shopify hold and immutable evidence (596.06199ms)
runtime	M5 Admin editor and publication with PostgreSQL	2026-10-06T23:59:39.9564320Z ✔ admin distinguishes activation waiting, held, restoration and conflict without manufacturing ACTIVE (1.721862ms)
runtime	M5 Admin editor and publication with PostgreSQL	2026-10-06T23:59:39.9566369Z ✔ publication conflict outranks a retained held/pending activation state (0.250971ms)
runtime	M5 Admin editor and publication with PostgreSQL	2026-10-06T23:59:39.9567640Z ✔ terminal operator hold outranks stale held activation (0.19685ms)
runtime	M5 Admin editor and publication with PostgreSQL	2026-10-06T23:59:40.2853068Z ✔ overlapping distinct-key M5 creates serialize before the command FK lock upgrade (214.265806ms)
runtime	M5 Admin editor and publication with PostgreSQL	2026-10-06T23:59:40.2855730Z ✔ currency precision rejects invalid saved and legacy publication amounts without rounding or durable intent (258.546896ms)
runtime	M5 Admin editor and publication with PostgreSQL	2026-10-06T23:59:40.2857785Z ✔ durable editor CAS, exact-key replay, independent copy, immutable geometry, and reinstall fence (507.117831ms)
runtime	M5 Admin editor and publication with PostgreSQL	2026-10-06T23:59:40.3818021Z ✔ actual M4 prepare/advance over immutable M5 revision reports ready, conflict and hold truthfully (1003.216253ms)
runtime	M5 Admin editor and publication with PostgreSQL	2026-10-06T23:59:40.5694157Z ✔ diagnostic preview requires accounting and HTTPS before any provider access (504.649428ms)
runtime	M5 Admin editor and publication with PostgreSQL	2026-10-06T23:59:40.8655950Z [shopify-api/INFO] version 15.0.0, environment Node v24.21.0
runtime	M5 Admin editor and publication with PostgreSQL	2026-10-06T23:59:40.8657087Z [shopify-api/INFO] Future flag customerAddressDefaultFix is disabled.
runtime	M5 Admin editor and publication with PostgreSQL	2026-10-06T23:59:40.8657643Z
runtime	M5 Admin editor and publication with PostgreSQL	2026-10-06T23:59:40.8658708Z   Enable this flag to change the CustomerAddress classes to expose a 'is_default' property instead of 'default' when fetching data.
runtime	M5 Admin editor and publication with PostgreSQL	2026-10-06T23:59:40.8659638Z
runtime	M5 Admin editor and publication with PostgreSQL	2026-10-06T23:59:40.8660377Z [shopify-api/INFO] Future flag unstable_managedPricingSupport is disabled.
runtime	M5 Admin editor and publication with PostgreSQL	2026-10-06T23:59:40.8661053Z
runtime	M5 Admin editor and publication with PostgreSQL	2026-10-06T23:59:40.8663961Z   Enable this flag to support managed pricing, so apps can check for payments without needing a billing config. Learn more at https://shopify.dev/docs/apps/launch/billing/managed-pricing
runtime	M5 Admin editor and publication with PostgreSQL	2026-10-06T23:59:40.8665481Z
runtime	M5 Admin editor and publication with PostgreSQL	2026-10-06T23:59:40.8776251Z [shopify-api/INFO] Creating new session | {shop: synthetic-preview.myshopify.com, isOnline: true}
runtime	M5 Admin editor and publication with PostgreSQL	2026-10-06T23:59:41.0551595Z ✔ live-style SDK identity, local PG create/save/reload/CAS/exact ambiguous replay and mutation refusal (489.704268ms)
runtime	M5 Admin editor and publication with PostgreSQL	2026-10-06T23:59:41.1416710Z [shopify-api/INFO] version 15.0.0, environment Node v24.21.0
runtime	M5 Admin editor and publication with PostgreSQL	2026-10-06T23:59:41.1418380Z [shopify-api/INFO] Future flag customerAddressDefaultFix is disabled.
runtime	M5 Admin editor and publication with PostgreSQL	2026-10-06T23:59:41.1419247Z
runtime	M5 Admin editor and publication with PostgreSQL	2026-10-06T23:59:41.1420713Z   Enable this flag to change the CustomerAddress classes to expose a 'is_default' property instead of 'default' when fetching data.
runtime	M5 Admin editor and publication with PostgreSQL	2026-10-06T23:59:41.1421831Z
runtime	M5 Admin editor and publication with PostgreSQL	2026-10-06T23:59:41.1422496Z [shopify-api/INFO] Future flag unstable_managedPricingSupport is disabled.
runtime	M5 Admin editor and publication with PostgreSQL	2026-10-06T23:59:41.1423182Z
runtime	M5 Admin editor and publication with PostgreSQL	2026-10-06T23:59:41.1425036Z   Enable this flag to support managed pricing, so apps can check for payments without needing a billing config. Learn more at https://shopify.dev/docs/apps/launch/billing/managed-pricing
runtime	M5 Admin editor and publication with PostgreSQL	2026-10-06T23:59:41.1426385Z
runtime	M5 Admin editor and publication with PostgreSQL	2026-10-06T23:59:41.1427253Z [shopify-api/INFO] Creating new session | {shop: md3c09823dced43d9aa55f7b8a4e82a0d.myshopify.com, isOnline: true}
runtime	M5 Admin editor and publication with PostgreSQL	2026-10-06T23:59:41.1429817Z ▶ production composition uses signed staff SDK, current feature policy and real M4 prepare with admission hold
runtime	M5 Admin editor and publication with PostgreSQL	2026-10-06T23:59:41.1431225Z   ✔ scheduled cancellation boundary 2026-09-30T23:59:59.999Z: allowed=true (12.301531ms)
runtime	M5 Admin editor and publication with PostgreSQL	2026-10-06T23:59:41.1432488Z   ✔ scheduled cancellation boundary 2026-10-01T00:00:00.000Z: allowed=false (11.607268ms)
runtime	M5 Admin editor and publication with PostgreSQL	2026-10-06T23:59:41.1433828Z   ✔ scheduled cancellation boundary 2026-10-01T00:00:00.001Z: allowed=false (11.306504ms)
runtime	M5 Admin editor and publication with PostgreSQL	2026-10-06T23:59:41.1435958Z ✔ production composition uses signed staff SDK, current feature policy and real M4 prepare with admission hold (424.837382ms)
runtime	M5 Admin editor and publication with PostgreSQL	2026-10-06T23:59:41.1601051Z ✔ server activation composition cannot promote a diagnostic observation without trusted release source (2.359669ms)
runtime	M5 Admin editor and publication with PostgreSQL	2026-10-06T23:59:41.1603924Z ℹ tests 15
runtime	M5 Admin editor and publication with PostgreSQL	2026-10-06T23:59:41.1604432Z ℹ suites 0
runtime	M5 Admin editor and publication with PostgreSQL	2026-10-06T23:59:41.1605011Z ℹ pass 15
runtime	M5 Admin editor and publication with PostgreSQL	2026-10-06T23:59:41.1605346Z ℹ fail 0
runtime	M5 Admin editor and publication with PostgreSQL	2026-10-06T23:59:41.1605584Z ℹ cancelled 0
runtime	M5 Admin editor and publication with PostgreSQL	2026-10-06T23:59:41.1605840Z ℹ skipped 0
runtime	M5 Admin editor and publication with PostgreSQL	2026-10-06T23:59:41.1606065Z ℹ todo 0
runtime	M5 Admin editor and publication with PostgreSQL	2026-10-06T23:59:41.1606302Z ℹ duration_ms 2438.27977
runtime	Rehearse disposable migration down and up	﻿2026-10-06T23:59:41.1702646Z ##[group]Run corepack pnpm exec dbmate create
runtime	Rehearse disposable migration down and up	2026-10-06T23:59:41.1703067Z ^[[36;1mcorepack pnpm exec dbmate create^[[0m
runtime	Rehearse disposable migration down and up	2026-10-06T23:59:41.1703368Z ^[[36;1mcorepack pnpm db:migrate^[[0m
runtime	Rehearse disposable migration down and up	2026-10-06T23:59:41.1703876Z ^[[36;1mcorepack pnpm exec dbmate --no-dump-schema --migrations-dir packages/database/migrations rollback^[[0m
runtime	Rehearse disposable migration down and up	2026-10-06T23:59:41.1704413Z ^[[36;1mcorepack pnpm db:migrate^[[0m
runtime	Rehearse disposable migration down and up	2026-10-06T23:59:41.1766927Z shell: /usr/bin/bash -e {0}
runtime	Rehearse disposable migration down and up	2026-10-06T23:59:41.1767187Z env:
runtime	Rehearse disposable migration down and up	2026-10-06T23:59:41.1767777Z   DATABASE_URL: ***localhost:5432/insignia_migration_rehearsal?sslmode=disable
runtime	Rehearse disposable migration down and up	2026-10-06T23:59:41.1768214Z   INSIGNIA_REQUIRE_POSTGRES_TEST: 1
runtime	Rehearse disposable migration down and up	2026-10-06T23:59:41.1768481Z ##[endgroup]
runtime	Rehearse disposable migration down and up	2026-10-06T23:59:41.2940428Z Creating: insignia_migration_rehearsal
runtime	Rehearse disposable migration down and up	2026-10-06T23:59:41.4086168Z $ dbmate --no-dump-schema --migrations-dir packages/database/migrations up
runtime	Rehearse disposable migration down and up	2026-10-06T23:59:41.4685541Z Applying: 20260929000100_durable_core.sql
runtime	Rehearse disposable migration down and up	2026-10-06T23:59:41.4940672Z Applied: 20260929000100_durable_core.sql in 25.538284ms
runtime	Rehearse disposable migration down and up	2026-10-06T23:59:41.4941678Z Applying: 20260929000200_runtime_ingress_credentials.sql
runtime	Rehearse disposable migration down and up	2026-10-06T23:59:41.5017228Z Applied: 20260929000200_runtime_ingress_credentials.sql in 7.632707ms
runtime	Rehearse disposable migration down and up	2026-10-06T23:59:41.5018040Z Applying: 20260929000300_authorization_generation.sql
runtime	Rehearse disposable migration down and up	2026-10-06T23:59:41.5070666Z Applied: 20260929000300_authorization_generation.sql in 5.329806ms
runtime	Rehearse disposable migration down and up	2026-10-06T23:59:41.5071317Z Applying: 20260929000400_accepted_quote.sql
runtime	Rehearse disposable migration down and up	2026-10-06T23:59:41.5159450Z Applied: 20260929000400_accepted_quote.sql in 8.852075ms
runtime	Rehearse disposable migration down and up	2026-10-06T23:59:41.5160206Z Applying: 20260930000100_m4_key_lifecycle.sql
runtime	Rehearse disposable migration down and up	2026-10-06T23:59:41.5244802Z Applied: 20260930000100_m4_key_lifecycle.sql in 8.548677ms
runtime	Rehearse disposable migration down and up	2026-10-06T23:59:41.5245814Z Applying: 20260930000200_publication_progress.sql
runtime	Rehearse disposable migration down and up	2026-10-06T23:59:41.5289011Z Applied: 20260930000200_publication_progress.sql in 4.416011ms
runtime	Rehearse disposable migration down and up	2026-10-06T23:59:41.5289951Z Applying: 20260930000300_m5_revision_geometry.sql
runtime	Rehearse disposable migration down and up	2026-10-06T23:59:41.5325621Z Applied: 20260930000300_m5_revision_geometry.sql in 3.661493ms
runtime	Rehearse disposable migration down and up	2026-10-06T23:59:41.5326335Z Applying: 20260930000400_m5_revision_presentation.sql
runtime	Rehearse disposable migration down and up	2026-10-06T23:59:41.5360471Z Applied: 20260930000400_m5_revision_presentation.sql in 3.448774ms
runtime	Rehearse disposable migration down and up	2026-10-06T23:59:41.5361327Z Applying: 20260930000500_m5_publication_source_version.sql
runtime	Rehearse disposable migration down and up	2026-10-06T23:59:41.5379751Z Applied: 20260930000500_m5_publication_source_version.sql in 1.910646ms
runtime	Rehearse disposable migration down and up	2026-10-06T23:59:41.5380744Z Applying: 20260930000600_m5_publication_intent_generation.sql
runtime	Rehearse disposable migration down and up	2026-10-06T23:59:41.5400647Z Applied: 20260930000600_m5_publication_intent_generation.sql in 1.996187ms
runtime	Rehearse disposable migration down and up	2026-10-06T23:59:41.5401715Z Applying: 20260930000700_m5_publication_intent_lookup.sql
runtime	Rehearse disposable migration down and up	2026-10-06T23:59:41.5421030Z Applied: 20260930000700_m5_publication_intent_lookup.sql in 2.097928ms
runtime	Rehearse disposable migration down and up	2026-10-06T23:59:41.5422056Z Applying: 20260930000800_m5_current_publication_pointer.sql
runtime	Rehearse disposable migration down and up	2026-10-06T23:59:41.5459253Z Applied: 20260930000800_m5_current_publication_pointer.sql in 3.773513ms
runtime	Rehearse disposable migration down and up	2026-10-06T23:59:41.5460103Z Applying: 20260930000900_m5_activation.sql
runtime	Rehearse disposable migration down and up	2026-10-06T23:59:41.5590228Z Applied: 20260930000900_m5_activation.sql in 13.131572ms
runtime	Rehearse disposable migration down and up	2026-10-06T23:59:41.5590911Z Applying: 20261006000100_m5_availability_v2.sql
runtime	Rehearse disposable migration down and up	2026-10-06T23:59:41.5696100Z Applied: 20261006000100_m5_availability_v2.sql in 10.598414ms
runtime	Rehearse disposable migration down and up	2026-10-06T23:59:41.7057034Z Rolling back: 20261006000100_m5_availability_v2.sql
runtime	Rehearse disposable migration down and up	2026-10-06T23:59:41.7137599Z Rolled back: 20261006000100_m5_availability_v2.sql in 8.154034ms
runtime	Rehearse disposable migration down and up	2026-10-06T23:59:41.7974294Z $ dbmate --no-dump-schema --migrations-dir packages/database/migrations up
runtime	Rehearse disposable migration down and up	2026-10-06T23:59:41.8570596Z Applying: 20261006000100_m5_availability_v2.sql
runtime	Rehearse disposable migration down and up	2026-10-06T23:59:41.8699466Z Applied: 20261006000100_m5_availability_v2.sql in 12.840303ms
runtime	Post Run actions/setup-node@49933ea5288caeca8642d1e84afbd3f7d6820020	﻿2026-10-06T23:59:41.8893348Z Post job cleanup.
runtime	Post Run actions/setup-node@49933ea5288caeca8642d1e84afbd3f7d6820020	2026-10-06T23:59:42.0135577Z (node:6234) [DEP0040] DeprecationWarning: The `punycode` module is deprecated. Please use a userland alternative instead.
runtime	Post Run actions/setup-node@49933ea5288caeca8642d1e84afbd3f7d6820020	2026-10-06T23:59:42.0136664Z (Use `node --trace-deprecation ...` to show where the warning was created)
runtime	Post Run actions/checkout@11bd71901bbe5b1630ceea73d27597364c9af683	﻿2026-10-06T23:59:42.0313346Z Post job cleanup.
runtime	Post Run actions/checkout@11bd71901bbe5b1630ceea73d27597364c9af683	2026-10-06T23:59:42.1203565Z [command]/usr/bin/git version
runtime	Post Run actions/checkout@11bd71901bbe5b1630ceea73d27597364c9af683	2026-10-06T23:59:42.1249108Z git version 2.55.0
runtime	Post Run actions/checkout@11bd71901bbe5b1630ceea73d27597364c9af683	2026-10-06T23:59:42.1289950Z Temporarily overriding HOME='/home/runner/work/_temp/f1cf4e7f-8ade-4f91-b3aa-aec156b228c5' before making global git config changes
runtime	Post Run actions/checkout@11bd71901bbe5b1630ceea73d27597364c9af683	2026-10-06T23:59:42.1291444Z Adding repository directory to the temporary git global config as a safe directory
runtime	Post Run actions/checkout@11bd71901bbe5b1630ceea73d27597364c9af683	2026-10-06T23:59:42.1293890Z [command]/usr/bin/git config --global --add safe.directory /home/runner/work/insignia/insignia
runtime	Post Run actions/checkout@11bd71901bbe5b1630ceea73d27597364c9af683	2026-10-06T23:59:42.1332976Z [command]/usr/bin/git config --local --name-only --get-regexp core\.sshCommand
runtime	Post Run actions/checkout@11bd71901bbe5b1630ceea73d27597364c9af683	2026-10-06T23:59:42.1377108Z [command]/usr/bin/git submodule foreach --recursive sh -c "git config --local --name-only --get-regexp 'core\.sshCommand' && git config --local --unset-all 'core.sshCommand' || :"
runtime	Post Run actions/checkout@11bd71901bbe5b1630ceea73d27597364c9af683	2026-10-06T23:59:42.1633310Z [command]/usr/bin/git config --local --name-only --get-regexp http\.https\:\/\/github\.com\/\.extraheader
runtime	Post Run actions/checkout@11bd71901bbe5b1630ceea73d27597364c9af683	2026-10-06T23:59:42.1659938Z http.https://github.com/.extraheader
runtime	Post Run actions/checkout@11bd71901bbe5b1630ceea73d27597364c9af683	2026-10-06T23:59:42.1672243Z [command]/usr/bin/git config --local --unset-all http.https://github.com/.extraheader
runtime	Post Run actions/checkout@11bd71901bbe5b1630ceea73d27597364c9af683	2026-10-06T23:59:42.1713767Z [command]/usr/bin/git submodule foreach --recursive sh -c "git config --local --name-only --get-regexp 'http\.https\:\/\/github\.com\/\.extraheader' && git config --local --unset-all 'http.https://github.com/.extraheader' || :"
runtime	Stop containers	﻿2026-10-06T23:59:42.2180867Z Print service container logs: 876e213e0b02428c9759d5dab0dd7293_postgres18_0591af
runtime	Stop containers	2026-10-06T23:59:42.2185801Z ##[command]/usr/bin/docker logs --details edc7be773c432992f1e90cb0339572e7ce3184abaa3fdacb1c543e6dd62ee1ff
runtime	Stop containers	2026-10-06T23:59:42.2327267Z  The files belonging to this database system will be owned by user "postgres".
runtime	Stop containers	2026-10-06T23:59:42.2330256Z  initdb: warning: enabling "trust" authentication for local connections
runtime	Stop containers	2026-10-06T23:59:42.2335120Z  This user must also own the server process.
runtime	Stop containers	2026-10-06T23:59:42.2337903Z  initdb: hint: You can change this by editing pg_hba.conf or using the option -A, or --auth-local and --auth-host, the next time you run initdb.
runtime	Stop containers	2026-10-06T23:59:42.2340029Z  2026-10-06 23:57:59.154 UTC [1] LOG:  starting PostgreSQL 18.6 (Debian 18.6-1.pgdg13+2) on x86_64-pc-linux-gnu, compiled by gcc (Debian 14.2.0-19) 14.2.0, 64-bit
runtime	Stop containers	2026-10-06T23:59:42.2341190Z
runtime	Stop containers	2026-10-06T23:59:42.2341646Z  The database cluster will be initialized with locale "en_US.utf8".
runtime	Stop containers	2026-10-06T23:59:42.2342383Z  The default database encoding has accordingly been set to "UTF8".
runtime	Stop containers	2026-10-06T23:59:42.2343136Z  The default text search configuration will be set to "english".
runtime	Stop containers	2026-10-06T23:59:42.2343684Z
runtime	Stop containers	2026-10-06T23:59:42.2343992Z  Data page checksums are enabled.
runtime	Stop containers	2026-10-06T23:59:42.2344394Z
runtime	Stop containers	2026-10-06T23:59:42.2345111Z  fixing permissions on existing directory /var/lib/postgresql/18/docker ... ok
runtime	Stop containers	2026-10-06T23:59:42.2345811Z  creating subdirectories ... ok
runtime	Stop containers	2026-10-06T23:59:42.2346338Z  selecting dynamic shared memory implementation ... posix
runtime	Stop containers	2026-10-06T23:59:42.2346924Z  selecting default "max_connections" ... 100
runtime	Stop containers	2026-10-06T23:59:42.2347433Z  selecting default "shared_buffers" ... 128MB
runtime	Stop containers	2026-10-06T23:59:42.2347900Z  selecting default time zone ... Etc/UTC
runtime	Stop containers	2026-10-06T23:59:42.2348343Z  creating configuration files ... ok
runtime	Stop containers	2026-10-06T23:59:42.2348765Z  running bootstrap script ... ok
runtime	Stop containers	2026-10-06T23:59:42.2349246Z  performing post-bootstrap initialization ... ok
runtime	Stop containers	2026-10-06T23:59:42.2349755Z  syncing data to disk ... ok
runtime	Stop containers	2026-10-06T23:59:42.2350122Z
runtime	Stop containers	2026-10-06T23:59:42.2350396Z
runtime	Stop containers	2026-10-06T23:59:42.2350757Z  Success. You can now start the database server using:
runtime	Stop containers	2026-10-06T23:59:42.2351254Z
runtime	Stop containers	2026-10-06T23:59:42.2351640Z      pg_ctl -D /var/lib/postgresql/18/docker -l logfile start
runtime	Stop containers	2026-10-06T23:59:42.2352199Z
runtime	Stop containers	2026-10-06T23:59:42.2353279Z  waiting for server to start....2026-10-06 23:57:58.834 UTC [53] LOG:  starting PostgreSQL 18.6 (Debian 18.6-1.pgdg13+2) on x86_64-pc-linux-gnu, compiled by gcc (Debian 14.2.0-19) 14.2.0, 64-bit
runtime	Stop containers	2026-10-06T23:59:42.2355111Z  2026-10-06 23:57:58.835 UTC [53] LOG:  listening on Unix socket "/var/run/postgresql/.s.PGSQL.5432"
runtime	Stop containers	2026-10-06T23:59:42.2356101Z  2026-10-06 23:57:58.838 UTC [59] LOG:  database system was shut down at 2026-10-06 23:57:58 UTC
runtime	Stop containers	2026-10-06T23:59:42.2357006Z  2026-10-06 23:57:58.841 UTC [53] LOG:  database system is ready to accept connections
runtime	Stop containers	2026-10-06T23:59:42.2357625Z   done
runtime	Stop containers	2026-10-06T23:59:42.2357924Z  server started
runtime	Stop containers	2026-10-06T23:59:42.2358258Z  CREATE DATABASE
runtime	Stop containers	2026-10-06T23:59:42.2358469Z
runtime	Stop containers	2026-10-06T23:59:42.2358636Z
runtime	Stop containers	2026-10-06T23:59:42.2358965Z  /usr/local/bin/docker-entrypoint.sh: ignoring /docker-entrypoint-initdb.d/*
runtime	Stop containers	2026-10-06T23:59:42.2359377Z
runtime	Stop containers	2026-10-06T23:59:42.2359644Z  2026-10-06 23:57:59.033 UTC [53] LOG:  received fast shutdown request
runtime	Stop containers	2026-10-06T23:59:42.2360193Z  waiting for server to shut down....2026-10-06 23:57:59.033 UTC [53] LOG:  aborting any active transactions
runtime	Stop containers	2026-10-06T23:59:42.2360899Z  2026-10-06 23:57:59.035 UTC [53] LOG:  background worker "logical replication launcher" (PID 62) exited with exit code 1
runtime	Stop containers	2026-10-06T23:59:42.2361445Z  2026-10-06 23:57:59.036 UTC [57] LOG:  shutting down
runtime	Stop containers	2026-10-06T23:59:42.2361834Z  2026-10-06 23:57:59.036 UTC [57] LOG:  checkpoint starting: shutdown immediate
runtime	Stop containers	2026-10-06T23:59:42.2363031Z  2026-10-06 23:57:59.052 UTC [57] LOG:  checkpoint complete: wrote 943 buffers (5.8%), wrote 3 SLRU buffers; 0 WAL file(s) added, 0 removed, 0 recycled; write=0.013 s, sync=0.003 s, total=0.017 s; sync files=303, longest=0.002 s, average=0.001 s; distance=4352 kB, estimate=4352 kB; lsn=0/1BA1BE8, redo lsn=0/1BA1BE8
runtime	Stop containers	2026-10-06T23:59:42.2364424Z  2026-10-06 23:57:59.063 UTC [53] LOG:  database system is shut down
runtime	Stop containers	2026-10-06T23:59:42.2365043Z   done
runtime	Stop containers	2026-10-06T23:59:42.2365240Z  server stopped
runtime	Stop containers	2026-10-06T23:59:42.2365429Z
runtime	Stop containers	2026-10-06T23:59:42.2365661Z  PostgreSQL init process complete; ready for start up.
runtime	Stop containers	2026-10-06T23:59:42.2366132Z  2026-10-06 23:57:59.154 UTC [1] LOG:  listening on IPv4 address "0.0.0.0", port 5432
runtime	Stop containers	2026-10-06T23:59:42.2366760Z  2026-10-06 23:57:59.154 UTC [1] LOG:  listening on IPv6 address "::", port 5432
runtime	Stop containers	2026-10-06T23:59:42.2367282Z  2026-10-06 23:57:59.155 UTC [1] LOG:  listening on Unix socket "/var/run/postgresql/.s.PGSQL.5432"
runtime	Stop containers	2026-10-06T23:59:42.2367847Z  2026-10-06 23:57:59.159 UTC [75] LOG:  database system was shut down at 2026-10-06 23:57:59 UTC
runtime	Stop containers	2026-10-06T23:59:42.2368357Z  2026-10-06 23:57:59.162 UTC [1] LOG:  database system is ready to accept connections
runtime	Stop containers	2026-10-06T23:59:42.2368841Z  2026-10-06 23:59:05.686 UTC [204] ERROR:  canceling statement due to lock timeout
runtime	Stop containers	2026-10-06T23:59:42.2369413Z  2026-10-06 23:59:05.686 UTC [204] CONTEXT:  while locking tuple (0,2) in relation "installation_generations"
runtime	Stop containers	2026-10-06T23:59:42.2370071Z  2026-10-06 23:59:05.686 UTC [204] STATEMENT:  UPDATE installation_generations SET authorization_epoch = $1
runtime	Stop containers	2026-10-06T23:59:42.2370581Z  	              WHERE shop_id = $2 AND generation = $3::bigint
runtime	Stop containers	2026-10-06T23:59:42.2371030Z  2026-10-06 23:59:05.708 UTC [205] ERROR:  v2 availability audit is immutable or out of phase
runtime	Stop containers	2026-10-06T23:59:42.2371644Z  2026-10-06 23:59:05.708 UTC [205] CONTEXT:  PL/pgSQL function enforce_activation_v2_audit() line 8 at RAISE
runtime	Stop containers	2026-10-06T23:59:42.2372677Z  2026-10-06 23:59:05.708 UTC [205] STATEMENT:  UPDATE m5_activation_state SET hold=jsonb_set(hold,'{acquisitionAcknowledgement,providerUpdatedAt}','"2026-10-01T11:59:00.000Z"'::jsonb),version=version+1 WHERE shop_id=$1
runtime	Stop containers	2026-10-06T23:59:42.2373650Z  2026-10-06 23:59:05.759 UTC [203] ERROR:  accepted quote and authorization rows are immutable
runtime	Stop containers	2026-10-06T23:59:42.2374251Z  2026-10-06 23:59:05.759 UTC [203] CONTEXT:  PL/pgSQL function reject_quote_mutation() line 3 at RAISE
runtime	Stop containers	2026-10-06T23:59:42.2375126Z  2026-10-06 23:59:05.759 UTC [203] STATEMENT:  UPDATE accepted_quotes SET total_minor = 1 WHERE quote_id = $1::uuid
runtime	Stop containers	2026-10-06T23:59:42.2375752Z  2026-10-06 23:59:05.761 UTC [203] ERROR:  accepted quote and authorization rows are immutable
runtime	Stop containers	2026-10-06T23:59:42.2376323Z  2026-10-06 23:59:05.761 UTC [203] CONTEXT:  PL/pgSQL function reject_quote_mutation() line 3 at RAISE
runtime	Stop containers	2026-10-06T23:59:42.2376908Z  2026-10-06 23:59:05.761 UTC [203] STATEMENT:  DELETE FROM accepted_quotes WHERE quote_id = $1::uuid
runtime	Stop containers	2026-10-06T23:59:42.2377518Z  2026-10-06 23:59:05.762 UTC [203] ERROR:  invalid input syntax for type integer: "other" at character 46
runtime	Stop containers	2026-10-06T23:59:42.2378201Z  2026-10-06 23:59:05.762 UTC [203] STATEMENT:  UPDATE quote_authorization_sets SET key_id = 'other' WHERE set_id = $1::uuid
runtime	Stop containers	2026-10-06T23:59:42.2378865Z  2026-10-06 23:59:05.765 UTC [203] ERROR:  accepted quote and authorization rows are immutable
runtime	Stop containers	2026-10-06T23:59:42.2379440Z  2026-10-06 23:59:05.765 UTC [203] CONTEXT:  PL/pgSQL function reject_quote_mutation() line 3 at RAISE
runtime	Stop containers	2026-10-06T23:59:42.2380056Z  2026-10-06 23:59:05.765 UTC [203] STATEMENT:  DELETE FROM quote_authorization_sets WHERE set_id = $1::uuid
runtime	Stop containers	2026-10-06T23:59:42.2380615Z  2026-10-06 23:59:05.796 UTC [191] ERROR:  accepted quote installation fence failed
runtime	Stop containers	2026-10-06T23:59:42.2381208Z  2026-10-06 23:59:05.796 UTC [191] CONTEXT:  PL/pgSQL function enforce_accepted_quote_insert() line 15 at RAISE
runtime	Stop containers	2026-10-06T23:59:42.2381697Z  2026-10-06 23:59:05.796 UTC [191] STATEMENT:
runtime	Stop containers	2026-10-06T23:59:42.2381989Z  	        /* m4_002_direct_guard_race */
runtime	Stop containers	2026-10-06T23:59:42.2382453Z  	        INSERT INTO accepted_quotes (quote_id, shop_id, installation_generation, authorization_generation,
runtime	Stop containers	2026-10-06T23:59:42.2383129Z  	          authorization_epoch, idempotency_key, request_digest, schema_version, accepted_at, accepted_date,
runtime	Stop containers	2026-10-06T23:59:42.2383903Z  	          accepted_day, valid_through_day, country, market_id, shop_currency, shop_timezone,
runtime	Stop containers	2026-10-06T23:59:42.2384494Z  	          presentment_currency, presentment_exponent, policy_version, recognized_policy_id,
runtime	Stop containers	2026-10-06T23:59:42.2385299Z  	          trial, qualifying_usage_disposition, customized_quantity, total_minor, quote_value)
runtime	Stop containers	2026-10-06T23:59:42.2385740Z  	        VALUES ($1::uuid, $2, $3::bigint,
runtime	Stop containers	2026-10-06T23:59:42.2386209Z  	          $4::uuid, $5::bigint,
runtime	Stop containers	2026-10-06T23:59:42.2386468Z  	          'direct-race', $6, $7, $8::timestamptz,
runtime	Stop containers	2026-10-06T23:59:42.2386751Z  	          $9::date, $10, $11,
runtime	Stop containers	2026-10-06T23:59:42.2386983Z  	          $12, $13::numeric, $14,
runtime	Stop containers	2026-10-06T23:59:42.2387239Z  	          $15, $16, $17,
runtime	Stop containers	2026-10-06T23:59:42.2387449Z  	          $18, $19, $20,
runtime	Stop containers	2026-10-06T23:59:42.2387650Z  	          $21, $22,
runtime	Stop containers	2026-10-06T23:59:42.2387857Z  	          $23::numeric, $24::jsonb)
runtime	Stop containers	2026-10-06T23:59:42.2388220Z  2026-10-06 23:59:05.800 UTC [204] ERROR:  authorization set installation fence failed
runtime	Stop containers	2026-10-06T23:59:42.2388829Z  2026-10-06 23:59:05.800 UTC [204] CONTEXT:  PL/pgSQL function enforce_quote_authorization_insert() line 16 at RAISE
runtime	Stop containers	2026-10-06T23:59:42.2389342Z  2026-10-06 23:59:05.800 UTC [204] STATEMENT:
runtime	Stop containers	2026-10-06T23:59:42.2389623Z  	        /* m4_002_set_guard_race */
runtime	Stop containers	2026-10-06T23:59:42.2390048Z  	        INSERT INTO quote_authorization_sets (set_id, quote_id, shop_id, installation_generation,
runtime	Stop containers	2026-10-06T23:59:42.2390645Z  	          authorization_generation, authorization_epoch, key_id, public_key_fingerprint,
runtime	Stop containers	2026-10-06T23:59:42.2391219Z  	          first_valid_day, last_valid_day, valid_through_day, envelope_carrier, member_carriers)
runtime	Stop containers	2026-10-06T23:59:42.2391680Z  	        VALUES ($1::uuid, $2::uuid, $3, $4::bigint,
runtime	Stop containers	2026-10-06T23:59:42.2391964Z  	          $5::uuid, $6::bigint,
runtime	Stop containers	2026-10-06T23:59:42.2392194Z  	          $7, $8, $9,
runtime	Stop containers	2026-10-06T23:59:42.2392394Z  	          $10, $11, $12,
runtime	Stop containers	2026-10-06T23:59:42.2392598Z  	          $13::jsonb)
runtime	Stop containers	2026-10-06T23:59:42.2392911Z  2026-10-06 23:59:05.803 UTC [219] WARNING:  there is no transaction in progress
runtime	Stop containers	2026-10-06T23:59:42.2393399Z  2026-10-06 23:59:05.811 UTC [204] ERROR:  authorization set installation fence failed
runtime	Stop containers	2026-10-06T23:59:42.2393988Z  2026-10-06 23:59:05.811 UTC [204] CONTEXT:  PL/pgSQL function enforce_quote_authorization_insert() line 16 at RAISE
runtime	Stop containers	2026-10-06T23:59:42.2395016Z  2026-10-06 23:59:05.811 UTC [204] STATEMENT:  INSERT INTO quote_authorization_sets (set_id, quote_id, shop_id, installation_generation,
runtime	Stop containers	2026-10-06T23:59:42.2395752Z  	        authorization_generation, authorization_epoch, key_id, public_key_fingerprint,
runtime	Stop containers	2026-10-06T23:59:42.2396339Z  	        first_valid_day, last_valid_day, valid_through_day, envelope_carrier, member_carriers)
runtime	Stop containers	2026-10-06T23:59:42.2396799Z  	      VALUES ($1::uuid, $2::uuid, $3, $4::bigint,
runtime	Stop containers	2026-10-06T23:59:42.2397088Z  	        $5::uuid, $6::bigint,
runtime	Stop containers	2026-10-06T23:59:42.2397314Z  	        $7, $8, $9,
runtime	Stop containers	2026-10-06T23:59:42.2397512Z  	        $10, $11, $12,
runtime	Stop containers	2026-10-06T23:59:42.2397731Z  	        $13::jsonb)
runtime	Stop containers	2026-10-06T23:59:42.2398000Z  2026-10-06 23:59:05.850 UTC [223] ERROR:  synthetic inbox failure
runtime	Stop containers	2026-10-06T23:59:42.2398545Z  2026-10-06 23:59:05.850 UTC [223] CONTEXT:  PL/pgSQL function test_uninstall_d9952f5a71d448f9() line 1 at RAISE
runtime	Stop containers	2026-10-06T23:59:42.2399344Z  2026-10-06 23:59:05.850 UTC [223] STATEMENT:  update "inbox_messages" set "state" = $1, "last_error_class" = $2, "attempts" = "attempts" + $3 where "id" = $4
runtime	Stop containers	2026-10-06T23:59:42.2400083Z  2026-10-06 23:59:05.881 UTC [205] ERROR:  v2 availability audit is immutable or out of phase
runtime	Stop containers	2026-10-06T23:59:42.2400675Z  2026-10-06 23:59:05.881 UTC [205] CONTEXT:  PL/pgSQL function enforce_activation_v2_audit() line 8 at RAISE
runtime	Stop containers	2026-10-06T23:59:42.2401565Z  2026-10-06 23:59:05.881 UTC [205] STATEMENT:  UPDATE m5_activation_state SET hold=jsonb_set(hold,'{restorationReceipt,kind}','"CONFLICT"'::jsonb),version=version+1 WHERE shop_id=$1
runtime	Stop containers	2026-10-06T23:59:42.2402559Z  2026-10-06 23:59:05.913 UTC [205] ERROR:  new row for relation "m5_activation_evidence" violates check constraint "m5_014_evidence_identity"
runtime	Stop containers	2026-10-06T23:59:42.2404537Z  2026-10-06 23:59:05.913 UTC [205] DETAIL:  Failing row contains (b6e89378-3f07-4759-a870-1cb34a3117af, 80755e1a-fb59-41af-bf94-2ae806b7d3af, 1ad0834c-598f-454a-97a4-2d7404da6327, 4621e039-c2dc-4f1e-870e-9070d4206f4a, 1, 1, 956a5d17-f1bd-4aef-8a94-9449df4af2cf, 0, 7, 780bd2b5927d98796c0444d65caf6873745a75a7156ff220b11d802991f12cd2, {"hold": null, "shopId": "b6e89378-3f07-4759-a870-1cb34a3117af",..., 2026-10-06 23:59:05.912992+00).
runtime	Stop containers	2026-10-06T23:59:42.2407486Z  2026-10-06 23:59:05.913 UTC [205] STATEMENT:  INSERT INTO m5_activation_evidence(shop_id,config_id,operation_id,revision_id,installation_generation,operation_sequence,authorization_generation,authorization_epoch,selected_key_id,evidence_digest,evidence) VALUES ($1,$2,$3,$4,1,1,$5::uuid,$6,7,$7,$8::jsonb)
runtime	Stop containers	2026-10-06T23:59:42.2408934Z  2026-10-06 23:59:05.916 UTC [205] ERROR:  new row for relation "m5_activation_evidence" violates check constraint "m5_014_evidence_v2_hold"
runtime	Stop containers	2026-10-06T23:59:42.2410758Z  2026-10-06 23:59:05.916 UTC [205] DETAIL:  Failing row contains (b6e89378-3f07-4759-a870-1cb34a3117af, 80755e1a-fb59-41af-bf94-2ae806b7d3af, 1ad0834c-598f-454a-97a4-2d7404da6327, 4621e039-c2dc-4f1e-870e-9070d4206f4a, 1, 1, 956a5d17-f1bd-4aef-8a94-9449df4af2cf, 0, 7, db1276fbff69788f76b258348030fbeed6f3b22f3cfdd5f1e2c266886f43e048, {"hold": {"held": {"scope": {"shopId": "b6e89378-3f07-4759-a870-..., 2026-10-06 23:59:05.915636+00).
runtime	Stop containers	2026-10-06T23:59:42.2413147Z  2026-10-06 23:59:05.916 UTC [205] STATEMENT:  INSERT INTO m5_activation_evidence(shop_id,config_id,operation_id,revision_id,installation_generation,operation_sequence,authorization_generation,authorization_epoch,selected_key_id,evidence_digest,evidence) VALUES ($1,$2,$3,$4,1,1,$5::uuid,$6,7,$7,$8::jsonb)
runtime	Stop containers	2026-10-06T23:59:42.2414572Z  2026-10-06 23:59:05.918 UTC [205] ERROR:  new row for relation "m5_activation_evidence" violates check constraint "m5_014_evidence_v2_hold"
runtime	Stop containers	2026-10-06T23:59:42.2416645Z  2026-10-06 23:59:05.918 UTC [205] DETAIL:  Failing row contains (b6e89378-3f07-4759-a870-1cb34a3117af, 80755e1a-fb59-41af-bf94-2ae806b7d3af, 1ad0834c-598f-454a-97a4-2d7404da6327, 4621e039-c2dc-4f1e-870e-9070d4206f4a, 1, 1, 956a5d17-f1bd-4aef-8a94-9449df4af2cf, 0, 7, f785c1f78964b7f1b8076c3d0890c0d23852f72908a554bcf3d1503f0ce5329d, {"hold": {"held": {"scope": {"shopId": "b6e89378-3f07-4759-a870-..., 2026-10-06 23:59:05.91792+00).
runtime	Stop containers	2026-10-06T23:59:42.2419013Z  2026-10-06 23:59:05.918 UTC [205] STATEMENT:  INSERT INTO m5_activation_evidence(shop_id,config_id,operation_id,revision_id,installation_generation,operation_sequence,authorization_generation,authorization_epoch,selected_key_id,evidence_digest,evidence) VALUES ($1,$2,$3,$4,1,1,$5::uuid,$6,7,$7,$8::jsonb)
runtime	Stop containers	2026-10-06T23:59:42.2420426Z  2026-10-06 23:59:05.921 UTC [205] ERROR:  new row for relation "m5_activation_evidence" violates check constraint "m5_014_evidence_v2_hold"
runtime	Stop containers	2026-10-06T23:59:42.2422267Z  2026-10-06 23:59:05.921 UTC [205] DETAIL:  Failing row contains (b6e89378-3f07-4759-a870-1cb34a3117af, 80755e1a-fb59-41af-bf94-2ae806b7d3af, 1ad0834c-598f-454a-97a4-2d7404da6327, 4621e039-c2dc-4f1e-870e-9070d4206f4a, 1, 1, 956a5d17-f1bd-4aef-8a94-9449df4af2cf, 0, 7, c22f21ac91e5c0f179e13b7b0425132be4486929de2ecbaa3dba1e6da417263f, {"hold": {"held": {"scope": {"shopId": "b6e89378-3f07-4759-a870-..., 2026-10-06 23:59:05.920557+00).
runtime	Stop containers	2026-10-06T23:59:42.2424860Z  2026-10-06 23:59:05.921 UTC [205] STATEMENT:  INSERT INTO m5_activation_evidence(shop_id,config_id,operation_id,revision_id,installation_generation,operation_sequence,authorization_generation,authorization_epoch,selected_key_id,evidence_digest,evidence) VALUES ($1,$2,$3,$4,1,1,$5::uuid,$6,7,$7,$8::jsonb)
runtime	Stop containers	2026-10-06T23:59:42.2426299Z  2026-10-06 23:59:05.924 UTC [205] ERROR:  new row for relation "m5_activation_evidence" violates check constraint "m5_014_evidence_v2_hold"
runtime	Stop containers	2026-10-06T23:59:42.2428103Z  2026-10-06 23:59:05.924 UTC [205] DETAIL:  Failing row contains (b6e89378-3f07-4759-a870-1cb34a3117af, 80755e1a-fb59-41af-bf94-2ae806b7d3af, 1ad0834c-598f-454a-97a4-2d7404da6327, 4621e039-c2dc-4f1e-870e-9070d4206f4a, 1, 1, 956a5d17-f1bd-4aef-8a94-9449df4af2cf, 0, 7, caaca77eb339be1ac93413d2f3bf9e7a2417f22fd9514f21eb0de35ff892fd7b, {"hold": {"held": {"scope": {"shopId": "b6e89378-3f07-4759-a870-..., 2026-10-06 23:59:05.923103+00).
runtime	Stop containers	2026-10-06T23:59:42.2430640Z  2026-10-06 23:59:05.924 UTC [205] STATEMENT:  INSERT INTO m5_activation_evidence(shop_id,config_id,operation_id,revision_id,installation_generation,operation_sequence,authorization_generation,authorization_epoch,selected_key_id,evidence_digest,evidence) VALUES ($1,$2,$3,$4,1,1,$5::uuid,$6,7,$7,$8::jsonb)
runtime	Stop containers	2026-10-06T23:59:42.2432171Z  2026-10-06 23:59:05.929 UTC [205] ERROR:  new row for relation "m5_activation_evidence" violates check constraint "m5_014_evidence_v2_audit"
runtime	Stop containers	2026-10-06T23:59:42.2433975Z  2026-10-06 23:59:05.929 UTC [205] DETAIL:  Failing row contains (b6e89378-3f07-4759-a870-1cb34a3117af, 80755e1a-fb59-41af-bf94-2ae806b7d3af, 1ad0834c-598f-454a-97a4-2d7404da6327, 4621e039-c2dc-4f1e-870e-9070d4206f4a, 1, 1, 956a5d17-f1bd-4aef-8a94-9449df4af2cf, 0, 7, dc5ebe5c704855c578a32972cf03289acbb56db16c7924817fb2a0c374dbd832, {"hold": {"held": {"scope": {"shopId": "b6e89378-3f07-4759-a870-..., 2026-10-06 23:59:05.92901+00).
runtime	Stop containers	2026-10-06T23:59:42.2436588Z  2026-10-06 23:59:05.929 UTC [205] STATEMENT:  INSERT INTO m5_activation_evidence(shop_id,config_id,operation_id,revision_id,installation_generation,operation_sequence,authorization_generation,authorization_epoch,selected_key_id,evidence_digest,evidence) VALUES ($1,$2,$3,$4,1,1,$5::uuid,$6,7,$7,$8::jsonb)
runtime	Stop containers	2026-10-06T23:59:42.2438013Z  2026-10-06 23:59:05.932 UTC [205] ERROR:  new row for relation "m5_activation_evidence" violates check constraint "m5_014_evidence_v2_audit"
runtime	Stop containers	2026-10-06T23:59:42.2439793Z  2026-10-06 23:59:05.932 UTC [205] DETAIL:  Failing row contains (b6e89378-3f07-4759-a870-1cb34a3117af, 80755e1a-fb59-41af-bf94-2ae806b7d3af, 1ad0834c-598f-454a-97a4-2d7404da6327, 4621e039-c2dc-4f1e-870e-9070d4206f4a, 1, 1, 956a5d17-f1bd-4aef-8a94-9449df4af2cf, 0, 7, 498d25899475038d336e165dff0561110b27845055773201c6d7fabe50c0190e, {"hold": {"held": {"scope": {"shopId": "b6e89378-3f07-4759-a870-..., 2026-10-06 23:59:05.931766+00).
runtime	Stop containers	2026-10-06T23:59:42.2442158Z  2026-10-06 23:59:05.932 UTC [205] STATEMENT:  INSERT INTO m5_activation_evidence(shop_id,config_id,operation_id,revision_id,installation_generation,operation_sequence,authorization_generation,authorization_epoch,selected_key_id,evidence_digest,evidence) VALUES ($1,$2,$3,$4,1,1,$5::uuid,$6,7,$7,$8::jsonb)
runtime	Stop containers	2026-10-06T23:59:42.2443573Z  2026-10-06 23:59:05.935 UTC [205] ERROR:  new row for relation "m5_activation_evidence" violates check constraint "m5_014_evidence_v2_audit"
runtime	Stop containers	2026-10-06T23:59:42.2445570Z  2026-10-06 23:59:05.935 UTC [205] DETAIL:  Failing row contains (b6e89378-3f07-4759-a870-1cb34a3117af, 80755e1a-fb59-41af-bf94-2ae806b7d3af, 1ad0834c-598f-454a-97a4-2d7404da6327, 4621e039-c2dc-4f1e-870e-9070d4206f4a, 1, 1, 956a5d17-f1bd-4aef-8a94-9449df4af2cf, 0, 7, 5f04a801dcfecbaaa1026886d74cb21a64d7299683fb219b27a87f4006145e7e, {"hold": {"held": {"scope": {"shopId": "b6e89378-3f07-4759-a870-..., 2026-10-06 23:59:05.934807+00).
runtime	Stop containers	2026-10-06T23:59:42.2447965Z  2026-10-06 23:59:05.935 UTC [205] STATEMENT:  INSERT INTO m5_activation_evidence(shop_id,config_id,operation_id,revision_id,installation_generation,operation_sequence,authorization_generation,authorization_epoch,selected_key_id,evidence_digest,evidence) VALUES ($1,$2,$3,$4,1,1,$5::uuid,$6,7,$7,$8::jsonb)
runtime	Stop containers	2026-10-06T23:59:42.2449380Z  2026-10-06 23:59:05.938 UTC [205] ERROR:  new row for relation "m5_activation_evidence" violates check constraint "m5_014_evidence_v2_audit"
runtime	Stop containers	2026-10-06T23:59:42.2451185Z  2026-10-06 23:59:05.938 UTC [205] DETAIL:  Failing row contains (b6e89378-3f07-4759-a870-1cb34a3117af, 80755e1a-fb59-41af-bf94-2ae806b7d3af, 1ad0834c-598f-454a-97a4-2d7404da6327, 4621e039-c2dc-4f1e-870e-9070d4206f4a, 1, 1, 956a5d17-f1bd-4aef-8a94-9449df4af2cf, 0, 7, ce22edb1886a632155d755bdecb5c9f3c738ccc35e04aed8252a8f5a2c839a25, {"hold": {"held": {"scope": {"shopId": "b6e89378-3f07-4759-a870-..., 2026-10-06 23:59:05.936854+00).
runtime	Stop containers	2026-10-06T23:59:42.2453731Z  2026-10-06 23:59:05.938 UTC [205] STATEMENT:  INSERT INTO m5_activation_evidence(shop_id,config_id,operation_id,revision_id,installation_generation,operation_sequence,authorization_generation,authorization_epoch,selected_key_id,evidence_digest,evidence) VALUES ($1,$2,$3,$4,1,1,$5::uuid,$6,7,$7,$8::jsonb)
runtime	Stop containers	2026-10-06T23:59:42.2455478Z  2026-10-06 23:59:05.940 UTC [205] ERROR:  new row for relation "m5_activation_evidence" violates check constraint "m5_014_evidence_v2_audit"
runtime	Stop containers	2026-10-06T23:59:42.2457295Z  2026-10-06 23:59:05.940 UTC [205] DETAIL:  Failing row contains (b6e89378-3f07-4759-a870-1cb34a3117af, 80755e1a-fb59-41af-bf94-2ae806b7d3af, 1ad0834c-598f-454a-97a4-2d7404da6327, 4621e039-c2dc-4f1e-870e-9070d4206f4a, 1, 1, 956a5d17-f1bd-4aef-8a94-9449df4af2cf, 0, 7, 685f44efa3438874ce0af3f40df23c7e8987e1fee86a4d3f223ef38ca69e485f, {"hold": {"held": {"scope": {"shopId": "b6e89378-3f07-4759-a870-..., 2026-10-06 23:59:05.939825+00).
runtime	Stop containers	2026-10-06T23:59:42.2459700Z  2026-10-06 23:59:05.940 UTC [205] STATEMENT:  INSERT INTO m5_activation_evidence(shop_id,config_id,operation_id,revision_id,installation_generation,operation_sequence,authorization_generation,authorization_epoch,selected_key_id,evidence_digest,evidence) VALUES ($1,$2,$3,$4,1,1,$5::uuid,$6,7,$7,$8::jsonb)
runtime	Stop containers	2026-10-06T23:59:42.2461123Z  2026-10-06 23:59:05.942 UTC [205] ERROR:  new row for relation "m5_activation_evidence" violates check constraint "m5_014_evidence_v2_audit"
runtime	Stop containers	2026-10-06T23:59:42.2462927Z  2026-10-06 23:59:05.942 UTC [205] DETAIL:  Failing row contains (b6e89378-3f07-4759-a870-1cb34a3117af, 80755e1a-fb59-41af-bf94-2ae806b7d3af, 1ad0834c-598f-454a-97a4-2d7404da6327, 4621e039-c2dc-4f1e-870e-9070d4206f4a, 1, 1, 956a5d17-f1bd-4aef-8a94-9449df4af2cf, 0, 7, d13ef4e7f69bb7825d76c0f0dfa929a66fe9c1231fcfa8b1965933fec76262a9, {"hold": {"held": {"scope": {"shopId": "b6e89378-3f07-4759-a870-..., 2026-10-06 23:59:05.941851+00).
runtime	Stop containers	2026-10-06T23:59:42.2465542Z  2026-10-06 23:59:05.942 UTC [205] STATEMENT:  INSERT INTO m5_activation_evidence(shop_id,config_id,operation_id,revision_id,installation_generation,operation_sequence,authorization_generation,authorization_epoch,selected_key_id,evidence_digest,evidence) VALUES ($1,$2,$3,$4,1,1,$5::uuid,$6,7,$7,$8::jsonb)
runtime	Stop containers	2026-10-06T23:59:42.2466963Z  2026-10-06 23:59:05.947 UTC [205] ERROR:  new row for relation "m5_activation_evidence" violates check constraint "m5_014_evidence_v2_audit"
runtime	Stop containers	2026-10-06T23:59:42.2468763Z  2026-10-06 23:59:05.947 UTC [205] DETAIL:  Failing row contains (b6e89378-3f07-4759-a870-1cb34a3117af, 80755e1a-fb59-41af-bf94-2ae806b7d3af, 1ad0834c-598f-454a-97a4-2d7404da6327, 4621e039-c2dc-4f1e-870e-9070d4206f4a, 1, 1, 956a5d17-f1bd-4aef-8a94-9449df4af2cf, 0, 7, a1ef5fc4f6de3049eb4a83683bc3a386d554fdf3898b28ea0d2260d53b71f664, {"hold": {"held": {"scope": {"shopId": "b6e89378-3f07-4759-a870-..., 2026-10-06 23:59:05.945171+00).
runtime	Stop containers	2026-10-06T23:59:42.2471147Z  2026-10-06 23:59:05.947 UTC [205] STATEMENT:  INSERT INTO m5_activation_evidence(shop_id,config_id,operation_id,revision_id,installation_generation,operation_sequence,authorization_generation,authorization_epoch,selected_key_id,evidence_digest,evidence) VALUES ($1,$2,$3,$4,1,1,$5::uuid,$6,7,$7,$8::jsonb)
runtime	Stop containers	2026-10-06T23:59:42.2472555Z  2026-10-06 23:59:05.955 UTC [205] ERROR:  new row for relation "m5_activation_evidence" violates check constraint "m5_014_evidence_v2_audit"
runtime	Stop containers	2026-10-06T23:59:42.2474341Z  2026-10-06 23:59:05.955 UTC [205] DETAIL:  Failing row contains (b6e89378-3f07-4759-a870-1cb34a3117af, 80755e1a-fb59-41af-bf94-2ae806b7d3af, 1ad0834c-598f-454a-97a4-2d7404da6327, 4621e039-c2dc-4f1e-870e-9070d4206f4a, 1, 1, 956a5d17-f1bd-4aef-8a94-9449df4af2cf, 0, 7, d7f22c1aee80ad5733464327655ae6e5024b8b235f14e514c65b41ab8cc64321, {"hold": {"held": {"scope": {"shopId": "b6e89378-3f07-4759-a870-..., 2026-10-06 23:59:05.95434+00).
runtime	Stop containers	2026-10-06T23:59:42.2476931Z  2026-10-06 23:59:05.955 UTC [205] STATEMENT:  INSERT INTO m5_activation_evidence(shop_id,config_id,operation_id,revision_id,installation_generation,operation_sequence,authorization_generation,authorization_epoch,selected_key_id,evidence_digest,evidence) VALUES ($1,$2,$3,$4,1,1,$5::uuid,$6,7,$7,$8::jsonb)
runtime	Stop containers	2026-10-06T23:59:42.2478506Z  2026-10-06 23:59:06.569 UTC [233] ERROR:  duplicate key value violates unique constraint "product_configs_shop_id_external_product_id_key"
runtime	Stop containers	2026-10-06T23:59:42.2479480Z  2026-10-06 23:59:06.569 UTC [233] DETAIL:  Key (shop_id, external_product_id)=(e28409cb-ed7a-46b7-b741-da59ab593201, d47c4f61-ac18-4ef9-93d9-1214e0bb364b) already exists.
runtime	Stop containers	2026-10-06T23:59:42.2480930Z  2026-10-06 23:59:06.569 UTC [233] STATEMENT:  insert into "product_configs" ("shop_id", "config_id", "external_product_id", "draft_schema_version", "draft_value", "effective_revision_id", "effective_operation_id") values ($1, $2, $3, $4, $5, $6, $7) returning *
runtime	Stop containers	2026-10-06T23:59:42.2482312Z  2026-10-06 23:59:06.591 UTC [233] ERROR:  insert or update on table "publication_operations" violates foreign key constraint "publication_operations_shop_id_config_id_revision_id_fkey"
runtime	Stop containers	2026-10-06T23:59:42.2483680Z  2026-10-06 23:59:06.591 UTC [233] DETAIL:  Key (shop_id, config_id, revision_id)=(e28409cb-ed7a-46b7-b741-da59ab593201, 43ba86b4-8e05-4b1e-a2e2-b7524af2c26b, 3fdde382-0cc4-4fb7-a91c-35937f777772) is not present in table "config_revisions".
runtime	Stop containers	2026-10-06T23:59:42.2484909Z  2026-10-06 23:59:06.591 UTC [233] STATEMENT:  INSERT INTO publication_operations (
runtime	Stop containers	2026-10-06T23:59:42.2485484Z  	      shop_id, config_id, operation_id, revision_id, installation_generation, operation_sequence,
runtime	Stop containers	2026-10-06T23:59:42.2485983Z  	      expected_projection, expected_projection_digest
runtime	Stop containers	2026-10-06T23:59:42.2486319Z  	    ) VALUES ($1, $2, $3, $4, 1, 1, '{}'::jsonb, $5)
runtime	Stop containers	2026-10-06T23:59:42.2486687Z  2026-10-06 23:59:06.653 UTC [233] ERROR:  config revisions are immutable
runtime	Stop containers	2026-10-06T23:59:42.2487217Z  2026-10-06 23:59:06.653 UTC [233] CONTEXT:  PL/pgSQL function reject_revision_mutation() line 3 at RAISE
runtime	Stop containers	2026-10-06T23:59:42.2487938Z  2026-10-06 23:59:06.653 UTC [233] STATEMENT:  UPDATE config_revisions SET content_hash = $1 WHERE shop_id = $2 AND revision_id = $3
runtime	Stop containers	2026-10-06T23:59:42.2488554Z  2026-10-06 23:59:06.656 UTC [233] ERROR:  config revisions are immutable
runtime	Stop containers	2026-10-06T23:59:42.2489058Z  2026-10-06 23:59:06.656 UTC [233] CONTEXT:  PL/pgSQL function reject_revision_mutation() line 3 at RAISE
runtime	Stop containers	2026-10-06T23:59:42.2489713Z  2026-10-06 23:59:06.656 UTC [233] STATEMENT:  DELETE FROM config_revisions WHERE shop_id = $1 AND revision_id = $2
runtime	Stop containers	2026-10-06T23:59:42.2490327Z  2026-10-06 23:59:06.755 UTC [233] ERROR:  publication activation preconditions not met
runtime	Stop containers	2026-10-06T23:59:42.2490917Z  2026-10-06 23:59:06.755 UTC [233] CONTEXT:  PL/pgSQL function enforce_effective_activation() line 31 at RAISE
runtime	Stop containers	2026-10-06T23:59:42.2491756Z  2026-10-06 23:59:06.755 UTC [233] STATEMENT:  UPDATE product_configs SET effective_revision_id = $1, effective_operation_id = $2 WHERE shop_id = $3 AND config_id = $4
runtime	Stop containers	2026-10-06T23:59:42.2492507Z  2026-10-06 23:59:06.813 UTC [233] ERROR:  publication sequence cannot decrease
runtime	Stop containers	2026-10-06T23:59:42.2493059Z  2026-10-06 23:59:06.813 UTC [233] CONTEXT:  PL/pgSQL function enforce_effective_activation() line 6 at RAISE
runtime	Stop containers	2026-10-06T23:59:42.2493989Z  2026-10-06 23:59:06.813 UTC [233] STATEMENT:  UPDATE product_configs SET publication_sequence = 1, effective_revision_id = $1, effective_operation_id = $2 WHERE shop_id = $3 AND config_id = $4
runtime	Stop containers	2026-10-06T23:59:42.2495232Z  2026-10-06 23:59:07.545 UTC [242] ERROR:  new row for relation "inbox_messages" violates check constraint "inbox_messages_check2"
runtime	Stop containers	2026-10-06T23:59:42.2496947Z  2026-10-06 23:59:07.545 UTC [242] DETAIL:  Failing row contains (93516b48-e988-4aea-b5e4-be46ee043770, synthetic.provider, ff7755ab-c79f-48a6-bfee-414c91c0f75f, 99e5f92b-8234-40e7-b0be-d53114f2474d, null, \x7b7d, 44136fa355b3678a1146ad16f7e8649e94fb4fc21fe77e8310c060f61caaff8a, 2099-01-01 00:00:00+00, 2026-10-06 23:59:07.54492+00, pending, 0, null, null, null, test-transient, 2099-06-29 00:00:00+00, retained).
runtime	Stop containers	2026-10-06T23:59:42.2499635Z  2026-10-06 23:59:07.545 UTC [242] STATEMENT:  insert into "inbox_messages" ("id", "source", "external_delivery_id", "shop_id", "installation_generation", "payload", "payload_sha256", "received_at", "state", "attempts", "last_error_class", "retention_class", "purge_after", "lease_owner", "lease_until", "erasure_state") values ($1, $2, $3, $4, $5, $6, $7, $8, $9, $10, $11, $12, $13, $14, $15, $16) on conflict do nothing returning "id"
runtime	Stop containers	2026-10-06T23:59:42.2501221Z  2026-10-06 23:59:07.556 UTC [242] ERROR:  payload collection time is immutable
runtime	Stop containers	2026-10-06T23:59:42.2501787Z  2026-10-06 23:59:07.556 UTC [242] CONTEXT:  PL/pgSQL function enforce_payload_collection_time() line 6 at RAISE
runtime	Stop containers	2026-10-06T23:59:42.2502518Z  2026-10-06 23:59:07.556 UTC [242] STATEMENT:  UPDATE inbox_messages SET collected_at = '2099-01-01'::timestamptz WHERE id = $1::uuid
runtime	Stop containers	2026-10-06T23:59:42.2503311Z  2026-10-06 23:59:07.558 UTC [242] ERROR:  new row for relation "inbox_messages" violates check constraint "inbox_messages_check2"
runtime	Stop containers	2026-10-06T23:59:42.2505317Z  2026-10-06 23:59:07.558 UTC [242] DETAIL:  Failing row contains (7ae605b9-fc77-4fcb-8689-9b886cc0fc8d, synthetic.provider, fe242c27-e63a-45af-b050-56f4885b9b2c, 99e5f92b-8234-40e7-b0be-d53114f2474d, null, \x7b7d, 44136fa355b3678a1146ad16f7e8649e94fb4fc21fe77e8310c060f61caaff8a, 2026-10-06 23:59:07.542+00, 2026-10-06 23:59:07.553948+00, pending, 0, null, null, null, test-transient, 2027-04-05 23:59:07.553948+00, retained).
runtime	Stop containers	2026-10-06T23:59:42.2507117Z  2026-10-06 23:59:07.558 UTC [242] STATEMENT:  UPDATE inbox_messages SET purge_after = collected_at + interval '181 days' WHERE id = $1::uuid
runtime	Stop containers	2026-10-06T23:59:42.2507934Z  2026-10-06 23:59:07.590 UTC [242] ERROR:  new row for relation "outbox_events" violates check constraint "outbox_events_check1"
runtime	Stop containers	2026-10-06T23:59:42.2509819Z  2026-10-06 23:59:07.590 UTC [242] DETAIL:  Failing row contains (58555389-b462-484c-91d1-eeb846a6e520, 99e5f92b-8234-40e7-b0be-d53114f2474d, null, synthetic.processed, 1, e89add78-1296-416a-808f-29df20d9b3d4, {"businessKey": "e89add78-1296-416a-808f-29df20d9b3d4"}, e89add78-1296-416a-808f-29df20d9b3d4, 2099-01-01 00:00:00+00, 2026-10-06 23:59:07.590009+00, 2099-01-01 00:00:00+00, pending, 0, null, null, null, test-transient, 2099-06-29 00:00:00+00, retained, 2026-10-06 23:59:07.588+00).
runtime	Stop containers	2026-10-06T23:59:42.2512704Z  2026-10-06 23:59:07.590 UTC [242] STATEMENT:  insert into "outbox_events" ("id", "shop_id", "installation_generation", "event_type", "schema_version", "aggregate_ref", "payload", "business_key", "occurred_at", "available_at", "state", "attempts", "last_error_class", "lease_owner", "lease_until", "retention_class", "purge_after", "erasure_state", "created_at") values ($1, $2, $3, $4, $5, $6, $7, $8, $9, $10, $11, $12, $13, $14, $15, $16, $17, $18, $19) on conflict do nothing returning "id"
runtime	Stop containers	2026-10-06T23:59:42.2514464Z  2026-10-06 23:59:07.600 UTC [242] ERROR:  new row for relation "outbox_events" violates check constraint "outbox_events_check1"
runtime	Stop containers	2026-10-06T23:59:42.2516623Z  2026-10-06 23:59:07.600 UTC [242] DETAIL:  Failing row contains (1b6a3766-326f-4cc5-bf0d-fb771c0eb2fa, 99e5f92b-8234-40e7-b0be-d53114f2474d, null, synthetic.processed, 1, 920f882d-fd78-41b4-a0c2-210f20d8c86d, {"businessKey": "920f882d-fd78-41b4-a0c2-210f20d8c86d"}, 920f882d-fd78-41b4-a0c2-210f20d8c86d, 2026-10-06 23:59:07.592+00, 2026-10-06 23:59:07.594503+00, 2026-10-06 23:59:07.592+00, pending, 0, null, null, null, test-transient, 2027-04-05 23:59:07.594503+00, retained, 2026-10-06 23:59:07.593+00).
runtime	Stop containers	2026-10-06T23:59:42.2518618Z  2026-10-06 23:59:07.600 UTC [242] STATEMENT:  UPDATE outbox_events SET purge_after = collected_at + interval '181 days' WHERE id = $1::uuid
runtime	Stop containers	2026-10-06T23:59:42.2519321Z  2026-10-06 23:59:09.241 UTC [270] ERROR:  installation authorization generation is immutable
runtime	Stop containers	2026-10-06T23:59:42.2519934Z  2026-10-06 23:59:09.241 UTC [270] CONTEXT:  PL/pgSQL function enforce_authorization_identity() line 4 at RAISE
runtime	Stop containers	2026-10-06T23:59:42.2520766Z  2026-10-06 23:59:09.241 UTC [270] STATEMENT:  update "installation_generations" set "authorization_generation" = $1 where "shop_id" = $2 and "generation" = $3
runtime	Stop containers	2026-10-06T23:59:42.2521943Z  2026-10-06 23:59:09.259 UTC [270] ERROR:  new row for relation "installation_generations" violates check constraint "installation_generations_authorization_epoch_check"
runtime	Stop containers	2026-10-06T23:59:42.2523152Z  2026-10-06 23:59:09.259 UTC [270] DETAIL:  Failing row contains (54a9fd24-9adb-433e-989f-763e05806944, 2, null, 2026-10-06 23:59:09.248071+00, 2026-10-06 23:59:09.248071+00, null, a8e58197-7816-445c-8eaa-bcb7073fdde5, 4294967296).
runtime	Stop containers	2026-10-06T23:59:42.2524414Z  2026-10-06 23:59:09.259 UTC [270] STATEMENT:  update "installation_generations" set "authorization_epoch" = $1 where "shop_id" = $2 and "generation" = $3
runtime	Stop containers	2026-10-06T23:59:42.2525352Z  2026-10-06 23:59:12.925 UTC [205] ERROR:  activation evidence is immutable
runtime	Stop containers	2026-10-06T23:59:42.2525940Z  2026-10-06 23:59:12.925 UTC [205] CONTEXT:  PL/pgSQL function reject_activation_evidence_mutation() line 3 at RAISE
runtime	Stop containers	2026-10-06T23:59:42.2526653Z  2026-10-06 23:59:12.925 UTC [205] STATEMENT:  UPDATE m5_activation_evidence SET evidence='{}'::jsonb WHERE shop_id=$1
runtime	Stop containers	2026-10-06T23:59:42.2527226Z  2026-10-06 23:59:12.926 UTC [205] ERROR:  activation evidence is immutable
runtime	Stop containers	2026-10-06T23:59:42.2527783Z  2026-10-06 23:59:12.926 UTC [205] CONTEXT:  PL/pgSQL function reject_activation_evidence_mutation() line 3 at RAISE
runtime	Stop containers	2026-10-06T23:59:42.2528421Z  2026-10-06 23:59:12.926 UTC [205] STATEMENT:  DELETE FROM m5_activation_evidence WHERE shop_id=$1
runtime	Stop containers	2026-10-06T23:59:42.2528932Z  2026-10-06 23:59:13.771 UTC [282] ERROR:  synthetic activation crash
runtime	Stop containers	2026-10-06T23:59:42.2529439Z  2026-10-06 23:59:13.771 UTC [282] CONTEXT:  PL/pgSQL function m5_test_activation_fail() line 3 at RAISE
runtime	Stop containers	2026-10-06T23:59:42.2530231Z  2026-10-06 23:59:13.771 UTC [282] STATEMENT:  update "publication_operations" set "status" = $1, "activated_at" = $2 where "shop_id" = $3 and "operation_id" = $4
runtime	Stop containers	2026-10-06T23:59:42.2531195Z  2026-10-06 23:59:14.391 UTC [205] ERROR:  new row for relation "m5_availability_resolutions" violates check constraint "m5_014_resolution_v2_hold_audit"
runtime	Stop containers	2026-10-06T23:59:42.2532905Z  2026-10-06 23:59:14.391 UTC [205] DETAIL:  Failing row contains (a066845c-8b06-4c2f-8f77-c0f4144bee32, 57fbdc28-2b4d-4d04-820d-924f8d33d766, e8b2bd0c-38bd-4edb-a6b3-da1b95791a95, resolution-json-guard, c848372b51e1bee5472956e11056035bac299d30e21dfae02883a53a3e3c16d3, {"shopId": "a066845c-8b06-4c2f-8f77-c0f4144bee32", "outcome": "O..., 2026-10-06 23:59:14.391391+00).
runtime	Stop containers	2026-10-06T23:59:42.2534942Z  2026-10-06 23:59:14.391 UTC [205] STATEMENT:  INSERT INTO m5_availability_resolutions(shop_id,config_id,operation_id,command_key,resolution_digest,resolution) VALUES ($1,$2,$3,$4,$5,$6::jsonb)
runtime	Stop containers	2026-10-06T23:59:42.2536025Z  2026-10-06 23:59:14.393 UTC [205] ERROR:  new row for relation "m5_availability_resolutions" violates check constraint "m5_014_resolution_v2_hold_audit"
runtime	Stop containers	2026-10-06T23:59:42.2537704Z  2026-10-06 23:59:14.393 UTC [205] DETAIL:  Failing row contains (a066845c-8b06-4c2f-8f77-c0f4144bee32, 57fbdc28-2b4d-4d04-820d-924f8d33d766, e8b2bd0c-38bd-4edb-a6b3-da1b95791a95, resolution-json-guard, 8b8177e8970bb2216d56415ca348d0066f41ed21e010682bacb29333276c6e27, {"shopId": "a066845c-8b06-4c2f-8f77-c0f4144bee32", "outcome": "O..., 2026-10-06 23:59:14.392819+00).
runtime	Stop containers	2026-10-06T23:59:42.2539523Z  2026-10-06 23:59:14.393 UTC [205] STATEMENT:  INSERT INTO m5_availability_resolutions(shop_id,config_id,operation_id,command_key,resolution_digest,resolution) VALUES ($1,$2,$3,$4,$5,$6::jsonb)
runtime	Stop containers	2026-10-06T23:59:42.2540592Z  2026-10-06 23:59:14.394 UTC [205] ERROR:  new row for relation "m5_availability_resolutions" violates check constraint "m5_014_resolution_v2_hold_audit"
runtime	Stop containers	2026-10-06T23:59:42.2542263Z  2026-10-06 23:59:14.394 UTC [205] DETAIL:  Failing row contains (a066845c-8b06-4c2f-8f77-c0f4144bee32, 57fbdc28-2b4d-4d04-820d-924f8d33d766, e8b2bd0c-38bd-4edb-a6b3-da1b95791a95, resolution-json-guard, f1cba9ff2bc86da8c5329b03697bc0d29f936bb3174219f7d1976f877d78f4f4, {"shopId": "a066845c-8b06-4c2f-8f77-c0f4144bee32", "outcome": "O..., 2026-10-06 23:59:14.394119+00).
runtime	Stop containers	2026-10-06T23:59:42.2544223Z  2026-10-06 23:59:14.394 UTC [205] STATEMENT:  INSERT INTO m5_availability_resolutions(shop_id,config_id,operation_id,command_key,resolution_digest,resolution) VALUES ($1,$2,$3,$4,$5,$6::jsonb)
runtime	Stop containers	2026-10-06T23:59:42.2545522Z  2026-10-06 23:59:14.395 UTC [205] ERROR:  new row for relation "m5_availability_resolutions" violates check constraint "m5_014_resolution_v2_hold_audit"
runtime	Stop containers	2026-10-06T23:59:42.2547328Z  2026-10-06 23:59:14.395 UTC [205] DETAIL:  Failing row contains (a066845c-8b06-4c2f-8f77-c0f4144bee32, 57fbdc28-2b4d-4d04-820d-924f8d33d766, e8b2bd0c-38bd-4edb-a6b3-da1b95791a95, resolution-json-guard, 4b43e09563fdd05443154a5fcf15b880e4226f237f2bdf7721913d444002b1f5, {"shopId": "a066845c-8b06-4c2f-8f77-c0f4144bee32", "outcome": "O..., 2026-10-06 23:59:14.395421+00).
runtime	Stop containers	2026-10-06T23:59:42.2549141Z  2026-10-06 23:59:14.395 UTC [205] STATEMENT:  INSERT INTO m5_availability_resolutions(shop_id,config_id,operation_id,command_key,resolution_digest,resolution) VALUES ($1,$2,$3,$4,$5,$6::jsonb)
runtime	Stop containers	2026-10-06T23:59:42.2550206Z  2026-10-06 23:59:14.397 UTC [205] ERROR:  new row for relation "m5_availability_resolutions" violates check constraint "m5_014_resolution_v2_hold_audit"
runtime	Stop containers	2026-10-06T23:59:42.2551883Z  2026-10-06 23:59:14.397 UTC [205] DETAIL:  Failing row contains (a066845c-8b06-4c2f-8f77-c0f4144bee32, 57fbdc28-2b4d-4d04-820d-924f8d33d766, e8b2bd0c-38bd-4edb-a6b3-da1b95791a95, resolution-json-guard, e24db8b05badea2ae2da80d1a5589ba6975af73489934b0b332f8af9bd11e5dc, {"shopId": "a066845c-8b06-4c2f-8f77-c0f4144bee32", "outcome": "O..., 2026-10-06 23:59:14.396764+00).
runtime	Stop containers	2026-10-06T23:59:42.2553750Z  2026-10-06 23:59:14.397 UTC [205] STATEMENT:  INSERT INTO m5_availability_resolutions(shop_id,config_id,operation_id,command_key,resolution_digest,resolution) VALUES ($1,$2,$3,$4,$5,$6::jsonb)
runtime	Stop containers	2026-10-06T23:59:42.2555057Z  2026-10-06 23:59:14.403 UTC [205] ERROR:  new row for relation "m5_availability_resolutions" violates check constraint "m5_014_resolution_v2_hold_audit"
runtime	Stop containers	2026-10-06T23:59:42.2556731Z  2026-10-06 23:59:14.403 UTC [205] DETAIL:  Failing row contains (a066845c-8b06-4c2f-8f77-c0f4144bee32, 57fbdc28-2b4d-4d04-820d-924f8d33d766, e8b2bd0c-38bd-4edb-a6b3-da1b95791a95, resolution-json-guard, 93480c4d94c357f5f766ad176626c7154350275d5c3ba3ace488c8e402caeca1, {"shopId": "a066845c-8b06-4c2f-8f77-c0f4144bee32", "outcome": "O..., 2026-10-06 23:59:14.403122+00).
runtime	Stop containers	2026-10-06T23:59:42.2558548Z  2026-10-06 23:59:14.403 UTC [205] STATEMENT:  INSERT INTO m5_availability_resolutions(shop_id,config_id,operation_id,command_key,resolution_digest,resolution) VALUES ($1,$2,$3,$4,$5,$6::jsonb)
runtime	Stop containers	2026-10-06T23:59:42.2559470Z  2026-10-06 23:59:16.197 UTC [205] ERROR:  availability disposition requires immutable resolved evidence
runtime	Stop containers	2026-10-06T23:59:42.2560153Z  2026-10-06 23:59:16.197 UTC [205] CONTEXT:  PL/pgSQL function enforce_availability_resolution_marker() line 16 at RAISE
runtime	Stop containers	2026-10-06T23:59:42.2560985Z  2026-10-06 23:59:16.197 UTC [205] STATEMENT:  UPDATE publication_operations SET availability_resolved_at=NULL WHERE shop_id=$1 AND operation_id=$2
runtime	Stop containers	2026-10-06T23:59:42.2561703Z  2026-10-06 23:59:16.198 UTC [205] ERROR:  terminal publication operation is immutable
runtime	Stop containers	2026-10-06T23:59:42.2562295Z  2026-10-06 23:59:16.198 UTC [205] CONTEXT:  PL/pgSQL function enforce_publication_transition() line 13 at RAISE
runtime	Stop containers	2026-10-06T23:59:42.2563096Z  2026-10-06 23:59:16.198 UTC [205] STATEMENT:  UPDATE publication_operations SET failure_class='rewrite-history' WHERE shop_id=$1 AND operation_id=$2
runtime	Stop containers	2026-10-06T23:59:42.2563790Z  2026-10-06 23:59:16.199 UTC [205] ERROR:  activation evidence is immutable
runtime	Stop containers	2026-10-06T23:59:42.2564360Z  2026-10-06 23:59:16.199 UTC [205] CONTEXT:  PL/pgSQL function reject_activation_evidence_mutation() line 3 at RAISE
runtime	Stop containers	2026-10-06T23:59:42.2565364Z  2026-10-06 23:59:16.199 UTC [205] STATEMENT:  UPDATE m5_availability_resolutions SET resolution=resolution WHERE shop_id=$1 AND operation_id=$2
runtime	Stop containers	2026-10-06T23:59:42.2566039Z  2026-10-06 23:59:16.199 UTC [205] ERROR:  activation evidence is immutable
runtime	Stop containers	2026-10-06T23:59:42.2566787Z  2026-10-06 23:59:16.199 UTC [205] CONTEXT:  PL/pgSQL function reject_activation_evidence_mutation() line 3 at RAISE
runtime	Stop containers	2026-10-06T23:59:42.2567511Z  2026-10-06 23:59:16.199 UTC [205] STATEMENT:  DELETE FROM m5_availability_resolutions WHERE shop_id=$1 AND operation_id=$2
runtime	Stop containers	2026-10-06T23:59:42.2568102Z  2026-10-06 23:59:40.152 UTC [389] ERROR:  config revisions are immutable
runtime	Stop containers	2026-10-06T23:59:42.2568731Z  2026-10-06 23:59:40.152 UTC [389] CONTEXT:  PL/pgSQL function reject_revision_mutation() line 3 at RAISE
runtime	Stop containers	2026-10-06T23:59:42.2569485Z  2026-10-06 23:59:40.152 UTC [389] STATEMENT:  UPDATE config_revision_presentation SET presentation_value=$1 WHERE shop_id=$2 AND revision_id=$3
runtime	Stop containers	2026-10-06T23:59:42.2570176Z  2026-10-06 23:59:41.004 UTC [73] LOG:  checkpoint starting: immediate force wait
runtime	Stop containers	2026-10-06T23:59:42.2571342Z  2026-10-06 23:59:41.042 UTC [73] LOG:  checkpoint complete: wrote 902 buffers (5.5%), wrote 4 SLRU buffers; 0 WAL file(s) added, 0 removed, 1 recycled; write=0.009 s, sync=0.027 s, total=0.039 s; sync files=332, longest=0.002 s, average=0.001 s; distance=14261 kB, estimate=14261 kB; lsn=0/298F348, redo lsn=0/298F2F0
runtime	Stop containers	2026-10-06T23:59:42.2572403Z
runtime	Stop containers	2026-10-06T23:59:42.2578439Z Stop and remove container: 876e213e0b02428c9759d5dab0dd7293_postgres18_0591af
runtime	Stop containers	2026-10-06T23:59:42.2583693Z ##[command]/usr/bin/docker rm --force edc7be773c432992f1e90cb0339572e7ce3184abaa3fdacb1c543e6dd62ee1ff
runtime	Stop containers	2026-10-06T23:59:42.3997042Z edc7be773c432992f1e90cb0339572e7ce3184abaa3fdacb1c543e6dd62ee1ff
runtime	Stop containers	2026-10-06T23:59:42.4024025Z Remove container network: github_network_568e373672584d5e8c65f5daf1720d83
runtime	Stop containers	2026-10-06T23:59:42.4028948Z ##[command]/usr/bin/docker network rm github_network_568e373672584d5e8c65f5daf1720d83
runtime	Stop containers	2026-10-06T23:59:42.4958358Z github_network_568e373672584d5e8c65f5daf1720d83
runtime	Complete job	﻿2026-10-06T23:59:42.5027780Z Cleaning up orphan processes
runtime	Complete job	2026-10-06T23:59:42.5525523Z ##[warning]Node.js 20 is deprecated. The following actions target Node.js 20 but are being forced to run on Node.js 24: actions/checkout@11bd71901bbe5b1630ceea73d27597364c9af683, actions/setup-node@49933ea5288caeca8642d1e84afbd3f7d6820020. For more information see: https://github.blog/changelog/2025-09-19-deprecation-of-node-20-on-github-actions-runners/
